ADR|41.133,18.867 42.435,16.164 43.5,14.5 44.533,13.333 45.3,13.0 45.572,13.36 45.633,13.5 45.578,13.845 45.632,13.919 45.74,13.792 45.808,13.599 45.854,13.579 45.929,13.651 45.981,13.641 45.963,13.541 45.995,13.485 46.023,13.513 46.059,13.501 46.175,13.666 46.23,13.458 46.213,13.419 46.291,13.384 46.357,13.445 46.435,13.6 46.437,13.692 46.52,13.719 46.486,14.092 46.437,14.166 46.447,14.434 46.379,14.573 46.441,14.611 46.45,14.675 46.5,14.727 46.509,14.82 46.605,14.872 46.627,14.962 46.605,14.983 46.653,15.063 46.655,15.403 46.612,15.512 46.676,15.56 46.721,15.87 46.662,16.035 46.828,15.989 46.872,16.116 46.875,16.289 46.842,16.346 46.76,16.327 46.689,16.422 46.643,16.389 46.56,16.516 46.499,16.535 46.464,16.671 46.4,16.721 46.35,16.877 46.289,16.897 46.226,16.975 46.158,17.181 46.116,17.182 46.055,17.268 46.033,17.256 46.03,17.298 46.01,17.268 45.969,17.319 45.984,17.372 45.96,17.391 45.948,17.351 45.932,17.59 45.847,17.663 45.81,17.83 45.775,17.863 45.795,18.0 45.75,18.446 45.805,18.575 45.918,18.677 45.884,18.811 45.911,18.825 45.96,19.076 46.024,19.138 45.985,19.184 45.982,19.306 46.01,19.292 46.05,19.443 46.11,19.526 46.147,19.514 46.172,19.575 46.179,19.717 46.126,19.817 46.174,20.0 46.137,20.053 46.171,20.111 46.126,20.271 45.977,20.379 45.904,20.586 45.75,20.703 45.767,20.818 45.649,20.81 45.596,20.775 45.521,20.833 45.478,20.792 45.465,20.863 45.419,20.884 45.311,21.062 45.29,21.12 45.319,21.178 45.248,21.22 45.219,21.421 45.151,21.53 45.029,21.446 45.0,21.377 44.951,21.437 44.924,21.549 44.884,21.561 44.857,21.379 44.827,21.361 44.776,21.41 44.757,21.58 44.663,21.641 44.623,22.0 44.492,22.087 44.47,22.146 44.489,22.19 44.662,22.313 44.706,22.436 44.55,22.767 44.514,22.695 44.546,22.601 44.471,22.532 44.465,22.462 44.315,22.543 44.273,22.688 44.16,22.618 44.069,22.617 44.0,22.419 43.809,22.367 43.697,22.411 43.636,22.494 43.472,22.538 43.328,22.83 43.235,22.893 43.202,22.992 43.137,22.994 43.028,22.904 42.978,22.797 42.89,22.755 42.869,22.671 42.892,22.596 42.826,22.44 42.738,22.501 42.692,22.463 42.571,22.445 42.474,22.559 42.327,22.449 42.316,22.365 42.142,22.529 42.039,22.739 42.014,22.871 41.877,22.902 41.729,23.026 41.618,22.952 41.353,22.972 41.321,22.769 41.146,22.725 41.184,22.657 41.118,22.595 41.164,22.23 41.122,22.127 41.157,22.068 41.088,21.917 41.051,21.916 40.984,21.813 40.931,21.791 40.937,21.687 40.872,21.603 40.921,21.433 40.861,21.278 40.885,21.215 40.853,21.149 40.858,20.992 40.774,20.968 40.677,21.057 40.562,21.046 40.47,20.955 40.477,20.846 40.434,20.805 40.361,20.794 40.276,20.716 40.216,20.727 40.174,20.68 40.098,20.684 40.065,20.578 40.07,20.433 40.0,20.397 39.985,20.308 39.821,20.408 39.796,20.372 39.809,20.284 39.733,20.308 39.652,20.19 39.703,20.034 39.688,20.0 39.85,19.967 39.983,19.767 39.983,19.65 40.417,19.0 40.75,19.0 41.133,18.867
ADR-E|41.133,18.867 41.417,18.317 42.391,18.531 42.438,18.52 42.494,18.422 42.551,18.439 42.584,18.559 42.623,18.516 42.663,18.553 42.717,18.548 42.757,18.472 42.809,18.456 42.96,18.479 43.031,18.537 43.033,18.668 43.138,18.649 43.221,18.712 43.251,18.686 43.324,18.849 43.349,18.841 43.361,18.913 43.329,18.96 43.29,18.955 43.256,19.018 43.311,19.092 43.445,19.013 43.455,18.958 43.514,18.916 43.553,18.996 43.518,19.037 43.534,19.212 43.589,19.244 43.613,19.332 43.615,19.365 43.545,19.402 43.578,19.427 43.587,19.507 43.716,19.512 43.952,19.252 44.014,19.234 43.964,19.384 43.957,19.526 44.022,19.622 44.07,19.599 44.046,19.578 44.124,19.468 44.147,19.481 44.137,19.435 44.183,19.361 44.274,19.322 44.285,19.167 44.374,19.101 44.419,19.145 44.524,19.124 44.528,19.169 44.741,19.338 44.886,19.368 44.925,19.177 44.854,18.979 44.904,18.991 44.906,19.076 44.954,19.154 44.985,19.141 44.98,19.084 45.087,19.109 45.142,19.081 45.129,19.143 45.178,19.189 45.2,19.173 45.178,19.277 45.202,19.317 45.167,19.374 45.183,19.443 45.235,19.413 45.243,19.267 45.279,19.264 45.274,19.162 45.372,18.978 45.412,19.028 45.493,19.0 45.512,19.101 45.553,19.014 45.539,18.938 45.572,18.9 45.658,18.971 45.706,18.914 45.715,18.977 45.72,18.901 45.748,18.981 45.77,18.854 45.804,18.927 45.813,18.848 45.864,18.859 45.87,18.9 45.895,18.874 45.924,18.898 45.96,19.076 46.024,19.138 45.985,19.184 45.982,19.306 46.01,19.292 46.05,19.443 46.11,19.526 46.147,19.514 46.172,19.575 46.179,19.717 46.126,19.817 46.174,20.0 46.137,20.053 46.171,20.111 46.14,20.15 46.154,20.192 46.126,20.271 45.977,20.379 45.904,20.586 45.75,20.703 45.767,20.818 45.649,20.81 45.596,20.775 45.521,20.833 45.478,20.792 45.465,20.863 45.419,20.884 45.311,21.062 45.29,21.12 45.319,21.178 45.248,21.22 45.219,21.421 45.151,21.53 45.029,21.446 45.0,21.377 44.951,21.437 44.924,21.549 44.884,21.561 44.857,21.379 44.827,21.361 44.776,21.41 44.757,21.58 44.663,21.641 44.623,22.0 44.492,22.087 44.47,22.146 44.489,22.19 44.662,22.313 44.706,22.436 44.55,22.767 44.514,22.695 44.546,22.601 44.471,22.532 44.465,22.462 44.315,22.543 44.273,22.688 44.16,22.618 44.069,22.617 44.0,22.419 43.809,22.367 43.697,22.411 43.636,22.494 43.472,22.538 43.328,22.83 43.235,22.893 43.202,22.992 43.137,22.994 43.028,22.904 42.978,22.797 42.89,22.755 42.869,22.671 42.892,22.596 42.826,22.44 42.738,22.501 42.692,22.463 42.571,22.445 42.474,22.559 42.327,22.449 42.316,22.365 42.142,22.529 42.039,22.739 42.014,22.871 41.877,22.902 41.729,23.026 41.618,22.952 41.353,22.972 41.321,22.769 41.146,22.725 41.184,22.657 41.118,22.595 41.164,22.23 41.122,22.127 41.157,22.068 41.088,21.917 41.051,21.916 40.984,21.813 40.931,21.791 40.937,21.687 40.872,21.603 40.921,21.433 40.861,21.278 40.885,21.215 40.853,21.149 40.858,20.992 40.774,20.968 40.677,21.057 40.562,21.046 40.47,20.955 40.477,20.846 40.434,20.805 40.361,20.794 40.276,20.716 40.216,20.727 40.174,20.68 40.098,20.684 40.065,20.578 40.07,20.433 40.0,20.397 39.985,20.308 39.821,20.408 39.796,20.372 39.809,20.284 39.733,20.308 39.652,20.19 39.703,20.034 39.688,20.0 39.85,19.967 39.983,19.767 39.983,19.65 40.417,19.0 40.75,19.0 41.133,18.867
ADR-W|45.572,13.36 45.633,13.5 45.578,13.845 45.632,13.919 45.74,13.792 45.808,13.599 45.854,13.579 45.929,13.651 45.981,13.641 45.963,13.541 45.995,13.485 46.023,13.513 46.059,13.501 46.175,13.666 46.23,13.458 46.213,13.419 46.291,13.384 46.357,13.445 46.435,13.6 46.437,13.692 46.52,13.719 46.486,14.092 46.437,14.166 46.447,14.434 46.379,14.573 46.441,14.611 46.45,14.675 46.5,14.727 46.509,14.82 46.605,14.872 46.627,14.962 46.605,14.983 46.653,15.063 46.655,15.403 46.612,15.512 46.676,15.56 46.721,15.87 46.662,16.035 46.828,15.989 46.872,16.116 46.875,16.289 46.842,16.346 46.76,16.327 46.689,16.422 46.643,16.389 46.56,16.516 46.499,16.535 46.464,16.671 46.4,16.721 46.35,16.877 46.289,16.897 46.226,16.975 46.158,17.181 46.116,17.182 46.055,17.268 46.033,17.256 46.03,17.298 46.01,17.268 45.969,17.319 45.984,17.372 45.96,17.391 45.948,17.351 45.932,17.59 45.847,17.663 45.81,17.83 45.775,17.863 45.795,18.0 45.75,18.446 45.805,18.575 45.918,18.677 45.884,18.811 45.924,18.898 45.895,18.874 45.87,18.9 45.864,18.859 45.813,18.848 45.804,18.927 45.77,18.854 45.748,18.981 45.72,18.901 45.715,18.977 45.706,18.914 45.658,18.971 45.572,18.9 45.539,18.938 45.553,19.014 45.512,19.101 45.493,19.0 45.412,19.028 45.372,18.978 45.274,19.162 45.279,19.264 45.243,19.267 45.235,19.413 45.183,19.443 45.167,19.374 45.202,19.317 45.178,19.277 45.2,19.173 45.178,19.189 45.129,19.143 45.142,19.081 45.087,19.109 44.98,19.084 44.985,19.141 44.954,19.154 44.906,19.076 44.904,18.991 44.854,18.979 44.925,19.177 44.886,19.368 44.741,19.338 44.528,19.169 44.524,19.124 44.419,19.145 44.374,19.101 44.285,19.167 44.274,19.322 44.183,19.361 44.137,19.435 44.147,19.481 44.124,19.468 44.046,19.578 44.07,19.599 44.022,19.622 43.957,19.526 43.964,19.384 44.014,19.234 43.952,19.252 43.716,19.512 43.587,19.507 43.578,19.427 43.545,19.402 43.615,19.365 43.613,19.332 43.589,19.244 43.534,19.212 43.518,19.037 43.553,18.996 43.514,18.916 43.455,18.958 43.445,19.013 43.311,19.092 43.256,19.018 43.29,18.955 43.329,18.96 43.361,18.913 43.349,18.841 43.324,18.849 43.251,18.686 43.221,18.712 43.138,18.649 43.033,18.668 43.031,18.537 42.96,18.479 42.809,18.456 42.757,18.472 42.717,18.548 42.663,18.553 42.623,18.516 42.584,18.559 42.551,18.439 42.494,18.422 42.438,18.52 42.391,18.531 41.417,18.317 42.435,16.164 43.5,14.5 44.533,13.333 45.3,13.0 45.572,13.36
AGGG|-4.833,159.0 -6.55,156.037 -6.663,156.04 -6.847,155.923 -6.927,155.693 -6.927,155.593 -7.317,155.0 -14.0,155.0 -14.0,163.0 -11.8,166.875 -10.5,166.75 -4.833,160.0 -4.833,159.0
ANAU|3.5,160.0 -4.833,160.0 -10.5,166.75 -11.8,166.875 -10.0,170.0 3.5,170.0 3.5,160.0
AYPM|0.0,141.0 0.0,160.0 -4.833,160.0 -4.833,159.0 -6.55,156.037 -6.663,156.04 -6.847,155.923 -6.927,155.693 -6.927,155.593 -7.317,155.0 -12.0,155.0 -12.0,144.0 -11.725,144.072 -11.493,144.025 -11.185,144.072 -10.778,144.0 -10.519,143.911 -10.297,143.912 -10.088,143.981 -9.943,144.089 -9.4,144.233 -9.133,143.875 -9.377,142.558 -9.368,142.495 -9.19,142.215 -9.617,141.033 -6.893,141.018 -6.842,140.898 -6.604,140.87 -6.317,141.0 0.0,141.0
BAIRES|-33.833,-58.517 -34.049,-59.147 -34.237,-59.395 -34.472,-59.575 -34.72,-59.645 -35.028,-59.614 -35.202,-59.553 -35.458,-59.351 -35.56,-59.195 -35.669,-58.935 -35.735,-58.607 -35.708,-58.245 -35.628,-58.002 -35.458,-57.745 -35.3,-57.584 -35.082,-57.459 -35.069,-56.722 -34.583,-57.833 -34.0,-58.4 -33.833,-58.517
BGGL|82.0,30.0 82.0,0.0 73.0,0.0 73.0,-20.0 70.0,-20.0 66.75,-30.0 58.5,-43.0 58.5,-50.0 63.5,-55.667 65.0,-57.75 70.5,-64.0 76.0,-76.0 78.0,-75.0 82.0,-60.0 90.0,-60.0 90.0,30.0 82.0,30.0
BIRD|66.75,-30.0 66.954,-31.0 68.25,-40.0 70.25,-50.0 70.5,-64.0 65.0,-57.75 63.5,-55.667 63.5,-39.0 61.0,-30.0 61.0,-10.0 60.667,-10.0 61.0,-7.0 61.0,0.0 65.75,0.0 66.75,-10.0 66.75,-30.0
BIRD-E|61.0,0.0 65.75,0.0 66.75,-10.0 66.75,-15.177 66.0,-14.0 63.823,-11.882 61.0,-10.0 60.667,-10.0 61.0,-7.0 61.0,0.0
BIRD-N|82.0,30.0 82.0,0.0 65.75,0.0 66.75,-10.0 66.75,-30.0 66.954,-31.0 68.25,-40.0 70.25,-50.0 70.5,-64.0 76.0,-76.0 78.0,-75.0 82.0,-60.0 90.0,-60.0 90.0,30.0 82.0,30.0
BIRD-S|61.0,-30.0 66.75,-30.0 66.75,-15.177 66.0,-14.0 63.823,-11.882 61.0,-10.0 61.0,-30.0
BIRD-W|61.0,-30.0 66.75,-30.0 66.954,-31.0 68.25,-40.0 70.25,-50.0 70.5,-64.0 65.0,-57.75 63.5,-55.667 63.5,-39.0 61.0,-30.0
CZEG|49.0,-110.0 49.006,-116.817 50.31,-117.35 50.531,-116.29 53.4,-119.0 56.0,-123.25 57.0,-132.083 59.567,-135.033 60.35,-139.183 62.0,-141.0 90.0,-141.0 90.0,-60.0 82.0,-60.0 78.0,-75.0 76.0,-76.0 70.5,-64.0 65.0,-57.75 65.0,-68.0 62.75,-80.0 53.467,-80.0 50.233,-85.208 51.333,-89.333 52.333,-95.0 52.783,-99.117 52.45,-101.0 53.0,-102.0 55.208,-107.657 54.767,-108.417 54.767,-108.692 54.527,-108.592 54.274,-108.596 54.029,-108.716 53.807,-108.937 53.551,-109.422 53.426,-110.001 49.0,-110.0
CZQM|43.583,-55.75 43.072,-57.868 42.382,-61.202 41.617,-67.0 44.933,-67.0 45.625,-67.775 45.783,-67.807 45.825,-67.583 46.143,-67.217 46.536,-67.3 46.645,-67.17 46.792,-67.074 46.942,-67.041 47.092,-67.065 47.233,-67.145 47.354,-67.277 47.449,-67.451 47.509,-67.656 47.529,-67.951 47.498,-68.169 47.398,-68.427 47.288,-68.567 47.39,-69.0 48.0,-69.0 48.161,-69.329 48.889,-69.5 49.188,-68.667 51.0,-68.667 52.82,-61.918 51.504,-59.757 50.522,-58.979 48.722,-57.704 45.612,-56.474 43.583,-55.75
CZQM|53.8,-55.0 53.0,-54.0 51.0,-50.0 44.5,-50.0 43.833,-54.861 43.583,-55.75 45.612,-56.474 48.722,-57.704 50.522,-58.979 51.504,-59.757 52.82,-61.918 51.0,-68.667 53.533,-68.667 55.333,-66.733 56.583,-65.25 57.55,-64.0 58.5,-63.0 64.0,-63.0 65.0,-60.0 65.0,-57.75 63.5,-55.667 63.5,-55.0 53.8,-55.0
CZQO|45.0,-30.0 45.0,-40.0 44.5,-40.0 44.5,-50.0 51.0,-50.0 53.0,-54.0 57.0,-59.0 58.471,-60.351 61.0,-63.0 64.0,-63.0 65.0,-60.0 65.0,-57.75 63.5,-55.667 63.5,-39.0 61.0,-30.0 45.0,-30.0
CZQO-GOTA|53.8,-55.0 57.0,-59.0 58.471,-60.351 61.0,-63.0 64.0,-63.0 65.0,-60.0 65.0,-57.75 63.5,-55.667 63.5,-55.0 53.8,-55.0
CZQX|53.8,-55.0 53.0,-54.0 51.0,-50.0 44.5,-50.0 43.833,-54.861 43.583,-55.75 45.612,-56.474 48.5,-62.0 49.3,-61.0 49.533,-61.0 50.833,-62.083 51.417,-64.0 52.176,-64.305 51.0,-68.667 53.533,-68.667 55.333,-66.733 56.583,-65.25 57.55,-64.0 58.5,-63.0 64.0,-63.0 65.0,-60.0 65.0,-57.75 63.5,-55.667 63.5,-55.0 53.8,-55.0
CZQX|43.583,-55.75 43.072,-57.868 42.382,-61.202 41.617,-67.0 44.933,-67.0 45.625,-67.775 45.783,-67.807 45.825,-67.583 46.143,-67.217 46.536,-67.3 46.645,-67.17 46.792,-67.074 46.942,-67.041 47.092,-67.065 47.233,-67.145 47.354,-67.277 47.449,-67.451 47.509,-67.656 47.529,-67.951 47.498,-68.169 47.398,-68.427 47.288,-68.567 47.39,-69.0 48.0,-69.0 48.161,-69.329 48.889,-69.5 49.188,-68.667 51.0,-68.667 52.176,-64.305 51.417,-64.0 50.833,-62.083 49.533,-61.0 49.3,-61.0 48.5,-62.0 45.612,-56.474 43.583,-55.75
CZUL|44.7,-77.786 45.151,-78.186 45.718,-77.961 45.858,-77.853 46.112,-77.429 46.133,-77.25 46.437,-77.25 46.983,-78.178 48.094,-82.462 48.792,-85.337 49.917,-84.183 50.233,-85.208 53.467,-80.0 62.75,-80.0 65.0,-68.0 65.0,-60.0 64.0,-63.0 61.0,-63.0 58.471,-60.351 57.55,-64.0 55.356,-64.0 55.083,-65.083 54.417,-65.333 53.7,-64.917 51.417,-64.0 50.833,-62.083 50.833,-60.0 51.333,-59.5 51.633,-59.5 52.196,-58.143 51.735,-57.0 51.283,-57.0 51.0,-58.0 49.533,-61.0 49.3,-61.0 48.5,-62.0 47.848,-64.622 48.0,-65.941 48.156,-65.99 48.266,-66.117 48.339,-66.358 48.341,-66.503 48.268,-66.759 48.162,-66.886 48.013,-66.941 47.883,-66.896 47.733,-67.95 47.523,-68.025 47.428,-68.368 47.288,-68.567 47.45,-69.217 46.75,-70.0 46.417,-70.058 46.308,-70.208 45.908,-70.25 45.317,-71.0 45.283,-71.336 45.017,-71.483 45.0,-74.25 45.183,-74.567 45.143,-74.784 45.069,-74.967 44.967,-74.883 44.817,-75.75 44.667,-75.7 44.717,-75.5 44.347,-75.95 44.292,-76.133 44.233,-76.183 44.204,-76.283 44.104,-76.417 43.633,-76.792 43.632,-77.177 44.7,-77.786
CZVR|49.0,-115.5 49.0,-123.333 48.833,-123.008 48.767,-123.008 48.7,-123.267 48.458,-123.167 48.425,-123.117 48.283,-123.258 48.233,-123.55 48.5,-124.75 48.333,-128.0 48.167,-127.925 47.5,-130.5 47.583,-131.167 53.367,-137.0 54.0,-136.0 54.108,-135.45 54.108,-134.0 54.583,-132.833 54.492,-131.8 57.0,-132.083 56.0,-123.25 53.4,-119.0 50.326,-116.085 50.368,-115.872 50.362,-115.654 50.311,-115.453 50.219,-115.289 50.097,-115.184 49.962,-115.147 49.5,-115.138 49.0,-115.5
CZWG|47.083,-87.0 47.908,-88.775 48.108,-90.1 49.0,-93.5 49.0,-110.0 53.426,-110.001 53.551,-109.422 53.807,-108.937 54.029,-108.716 54.274,-108.596 54.527,-108.592 54.767,-108.692 54.767,-108.417 55.208,-107.657 64.408,-80.0 53.467,-80.0 49.917,-84.183 48.792,-85.337 47.083,-87.0
CZYZ|44.233,-76.183 44.204,-76.283 44.104,-76.417 43.633,-76.792 43.633,-78.678 43.6,-78.75 43.433,-78.75 43.198,-79.024 42.95,-79.058 42.836,-79.844 42.742,-81.221 42.871,-82.467 43.617,-82.125 45.333,-82.5 45.783,-83.5 45.783,-84.133 46.117,-84.883 46.383,-85.0 46.533,-85.0 46.75,-85.633 47.083,-87.0 48.792,-85.337 49.917,-84.183 53.467,-80.0 49.0,-79.0 48.587,-79.0 48.519,-79.273 48.388,-79.468 48.191,-79.556 48.025,-79.521 47.855,-79.341 47.756,-79.023 47.758,-78.801 47.84,-78.565 47.1,-77.533 46.947,-77.25 46.133,-77.25 45.961,-76.928 45.837,-76.267 44.233,-76.183
CZZV|47.848,-64.622 47.4,-65.01 47.141,-67.085 47.276,-67.184 47.389,-67.331 47.473,-67.516 47.52,-67.728 47.529,-67.951 47.498,-68.169 47.398,-68.427 47.288,-68.567 47.39,-69.0 48.0,-69.0 48.161,-69.329 48.889,-69.5 49.188,-68.667 51.0,-68.667 52.82,-61.918 51.504,-59.757 50.522,-58.979 49.533,-61.0 49.3,-61.0 48.5,-62.0 47.848,-64.622
DAAA|39.0,8.0 36.933,8.65 36.917,8.617 36.817,8.617 36.75,8.417 36.683,8.467 36.5,8.133 36.45,8.133 36.417,8.367 36.167,8.3 35.733,8.25 35.667,8.317 35.483,8.35 35.383,8.3 35.267,8.3 35.217,8.417 34.917,8.25 34.733,8.283 34.7,8.233 34.633,8.233 34.417,7.833 34.217,7.783 34.217,7.633 34.05,7.517 33.8,7.517 33.6,7.6 33.433,7.733 33.25,7.733 33.15,7.8 33.15,7.9 33.083,8.117 32.817,8.333 32.817,8.3 32.1,9.067 30.233,9.583 30.167,9.417 30.067,9.417 29.917,9.55 29.417,9.8 28.967,9.933 28.332,9.865 27.869,9.967 27.267,9.8 26.852,9.934 26.535,9.934 26.369,9.534 26.183,9.383 25.335,10.034 24.883,10.033 24.783,10.2 24.617,10.233 24.483,10.483 24.569,10.684 24.469,11.001 24.185,11.434 24.252,11.601 23.524,11.983 22.367,9.983 20.8,7.367 19.438,5.817 18.95,3.333 19.15,3.117 19.367,3.25 19.833,3.217 19.967,2.9 20.042,2.458 20.3,2.2 20.233,2.117 20.242,1.95 20.383,1.683 20.567,1.65 20.75,1.183 21.119,1.167 21.837,0.0 21.911,-0.013 27.333,-8.667 28.667,-8.667 31.833,-2.667 32.0,-2.967 32.083,-2.933 32.133,-2.833 32.2,-2.317 32.117,-1.25 32.15,-1.217 32.217,-1.267 32.3,-1.267 32.4,-1.217 32.517,-1.033 32.717,-1.4 32.967,-1.583 33.0,-1.5 33.05,-1.5 33.267,-1.7 33.6,-1.633 33.683,-1.75 34.1,-1.683 34.4,-1.8 34.483,-1.717 34.617,-1.867 34.75,-1.783 35.033,-2.217 35.833,-2.1 36.25,-1.5 38.333,3.75 39.0,4.667 39.0,8.0
DAAA-C|37.448,1.5 38.333,3.75 39.0,4.667 39.0,5.0 28.5,5.0 28.5,1.5 37.448,1.5
DAAA-E|39.0,5.0 39.0,8.0 36.933,8.65 36.917,8.617 36.817,8.617 36.75,8.417 36.683,8.467 36.5,8.133 36.45,8.133 36.417,8.367 36.167,8.3 35.733,8.25 35.667,8.317 35.483,8.35 35.383,8.3 35.267,8.3 35.217,8.417 34.917,8.25 34.733,8.283 34.7,8.233 34.633,8.233 34.417,7.833 34.217,7.783 34.217,7.633 34.05,7.517 33.8,7.517 33.6,7.6 33.433,7.733 33.25,7.733 33.15,7.8 33.15,7.9 33.083,8.117 32.817,8.333 32.817,8.3 32.1,9.067 30.233,9.583 30.167,9.417 30.067,9.417 29.917,9.55 29.417,9.8 28.967,9.933 28.332,9.865 27.869,9.967 27.267,9.8 26.852,9.934 26.535,9.934 26.369,9.534 26.183,9.383 25.335,10.034 24.883,10.033 24.783,10.2 24.617,10.233 24.483,10.483 24.569,10.684 24.469,11.001 24.185,11.434 24.252,11.601 23.524,11.983 20.8,7.367 19.438,5.817 18.95,3.333 19.15,3.117 19.367,3.25 19.833,3.217 19.967,3.0 28.5,3.0 28.5,5.0 39.0,5.0
DAAA-NC|39.0,5.0 39.0,4.667 38.333,3.75 37.448,1.5 35.667,1.5 35.667,5.0 39.0,5.0
DAAA-NE|39.0,5.0 39.0,8.0 36.933,8.65 36.917,8.617 36.817,8.617 36.75,8.417 36.683,8.467 36.5,8.133 36.45,8.133 36.417,8.367 36.167,8.3 35.733,8.25 35.667,8.317 35.483,8.35 35.383,8.3 35.267,8.3 35.217,8.417 34.917,8.25 34.8,8.271 34.8,5.0 39.0,5.0
DAAA-NW|37.448,1.5 36.25,-1.5 35.833,-2.1 35.033,-2.217 34.75,-1.783 34.617,-1.867 34.483,-1.717 34.4,-1.8 34.1,-1.683 33.683,-1.75 33.6,-1.633 33.267,-1.7 33.05,-1.5 33.0,-1.5 32.967,-1.583 32.717,-1.4 32.517,-1.033 32.4,-1.217 32.3,-1.267 32.217,-1.267 32.15,-1.217 32.117,-1.25 32.2,-2.317 32.133,-2.833 32.083,-2.933 32.0,-2.967 31.833,-2.667 31.833,1.5 37.448,1.5
DAAA-SC|35.667,5.0 28.5,5.0 28.5,1.5 35.667,1.5 35.667,5.0
DAAA-SE|34.8,8.271 34.733,8.283 34.7,8.233 34.633,8.233 34.417,7.833 34.217,7.783 34.217,7.633 34.05,7.517 33.8,7.517 33.6,7.6 33.433,7.733 33.25,7.733 33.15,7.8 33.15,7.9 33.083,8.117 32.817,8.333 32.817,8.3 32.1,9.067 30.233,9.583 30.167,9.417 30.067,9.417 29.917,9.55 29.417,9.8 28.967,9.933 28.332,9.865 27.869,9.967 27.267,9.8 26.852,9.934 26.535,9.934 26.369,9.534 26.183,9.383 26.0,9.524 26.0,5.0 34.8,5.0 34.8,8.271
DAAA-SS|28.5,5.0 26.0,5.0 26.0,9.524 25.335,10.034 24.883,10.033 24.783,10.2 24.617,10.233 24.483,10.483 24.569,10.684 24.469,11.001 24.185,11.434 24.252,11.601 23.524,11.983 20.8,7.367 19.438,5.817 18.95,3.333 19.15,3.117 19.367,3.25 19.833,3.217 19.967,3.0 28.5,3.0 28.5,5.0
DAAA-SW|28.5,3.0 19.924,3.0 19.967,2.9 20.042,2.458 20.3,2.2 20.233,2.117 20.242,1.95 20.383,1.683 20.567,1.65 20.75,1.183 21.119,1.167 21.837,-0.0 21.911,-0.013 27.333,-8.667 28.667,-8.667 31.833,-2.667 31.833,1.5 28.5,1.5 28.5,3.0
DAAA-W|37.448,1.5 28.5,1.5 28.5,3.0 19.924,3.0 19.967,2.9 20.042,2.458 20.3,2.2 20.233,2.117 20.242,1.95 20.383,1.683 20.567,1.65 20.75,1.183 21.119,1.167 21.837,0.0 21.911,-0.013 27.333,-8.667 28.667,-8.667 31.833,-2.667 32.0,-2.967 32.083,-2.933 32.133,-2.833 32.2,-2.317 32.117,-1.25 32.15,-1.217 32.217,-1.267 32.3,-1.267 32.4,-1.217 32.517,-1.033 32.717,-1.4 32.967,-1.583 33.0,-1.5 33.05,-1.5 33.267,-1.7 33.6,-1.633 33.683,-1.75 34.1,-1.683 34.4,-1.8 34.483,-1.717 34.617,-1.867 34.75,-1.783 35.033,-2.217 35.833,-2.1 36.25,-1.5 37.448,1.5
DGAC|3.0,6.583 3.0,2.627 2.755,1.192 3.0,1.192 3.0,-3.0 4.683,-3.0 5.117,-3.117 5.117,-2.75 5.6,-2.767 5.7,-3.017 6.083,-3.083 6.683,-3.25 7.233,-2.95 7.617,-2.917 7.95,-2.783 8.2,-2.5 8.783,-2.583 9.0,-2.65 9.033,-2.767 9.5,-2.7 9.891,-2.77 9.964,-2.752 10.058,-2.796 10.186,-2.803 10.26,-2.752 10.321,-2.845 10.375,-2.83 10.417,-2.768 10.445,-2.842 10.624,-2.933 10.701,-2.907 11.0,-3.0 11.0,3.758 10.846,3.751 10.649,3.857 10.406,3.785 10.469,3.664 10.277,3.581 10.164,3.676 9.871,3.547 9.843,3.372 9.774,3.322 9.67,3.347 9.664,3.281 9.446,3.131 9.312,3.154 9.095,3.085 9.066,2.78 8.757,2.733 8.562,2.758 8.317,2.683 8.209,2.749 7.875,2.683 7.792,2.724 7.57,2.727 7.485,2.798 7.421,2.798 7.418,2.747 7.042,2.783 7.017,2.749 6.85,2.733 6.683,2.775 6.425,2.708 5.701,2.749 3.0,6.583
DGAO|3.0,6.583 -5.867,6.583 -9.533,-3.0 3.0,-3.0 3.0,1.192 2.755,1.192 3.0,2.627 3.0,6.583
DIII|9.867,-2.75 9.5,-2.7 9.033,-2.767 9.0,-2.65 8.783,-2.583 8.2,-2.5 7.95,-2.783 7.617,-2.917 7.233,-2.95 6.683,-3.25 6.083,-3.083 5.7,-3.017 5.6,-2.767 5.117,-2.75 5.117,-3.117 4.683,-3.0 -1.849,-2.999 0.001,-7.333 6.25,-7.45 7.5,-8.416 10.167,-8.0 9.867,-2.75
DNKK|5.701,2.749 6.425,2.708 6.683,2.775 6.85,2.733 7.017,2.749 7.042,2.783 7.418,2.747 7.421,2.798 7.485,2.798 7.57,2.727 7.792,2.724 7.875,2.683 8.209,2.749 8.317,2.683 8.562,2.758 8.757,2.733 9.066,2.78 9.095,3.085 9.312,3.154 9.446,3.131 9.664,3.281 9.67,3.347 9.774,3.322 9.843,3.372 9.871,3.547 10.164,3.676 10.277,3.581 10.469,3.664 10.406,3.785 10.649,3.857 10.846,3.751 10.92,3.773 11.0,3.758 11.032,3.716 11.126,3.727 11.283,3.499 11.617,3.564 11.757,3.65 12.517,3.641 12.765,3.937 13.032,4.12 13.425,4.131 13.704,4.455 13.794,5.304 13.885,5.499 13.654,6.184 13.676,6.25 13.6,6.45 12.987,6.926 13.145,7.487 13.336,7.804 13.294,8.113 13.083,8.393 13.033,8.57 12.883,8.808 12.808,9.658 13.167,9.999 13.268,10.207 13.282,10.465 13.342,10.633 13.383,11.027 13.354,11.5 13.223,11.93 13.086,12.111 13.117,12.191 13.065,12.477 13.272,12.589 13.302,12.717 13.487,12.894 13.55,13.054 13.513,13.184 13.717,13.349 13.717,13.633 13.083,14.083 12.51,14.189 12.37,14.183 12.357,14.475 12.172,14.654 11.788,14.62 11.72,14.554 11.631,14.645 11.525,14.633 11.258,14.111 11.305,13.976 11.02,13.799 10.979,13.726 10.663,13.563 10.417,13.499 10.222,13.492 10.045,13.277 9.847,13.235 9.821,13.285 9.547,13.223 9.492,13.022 9.376,12.848 9.347,12.903 9.033,12.877 8.905,12.793 8.768,12.803 8.749,12.722 8.662,12.69 8.596,12.585 8.625,12.479 8.492,12.417 8.43,12.239 8.165,12.249 8.097,12.208 7.933,12.192 7.846,12.101 7.673,12.021 7.542,12.033 7.3,11.808 7.075,11.846 7.062,11.72 6.875,11.561 6.825,11.6 6.664,11.556 6.5,11.35 6.542,11.272 6.522,11.24 6.583,11.149 6.539,11.133 6.548,11.099 6.683,11.1 6.718,11.069 6.686,11.0 6.708,10.918 6.771,10.912 6.85,10.821 6.933,10.847 6.957,10.768 7.081,10.601 7.166,10.573 6.95,10.547 6.902,10.491 6.894,10.216 6.942,10.175 7.038,10.162 6.774,9.874 6.8,9.782 6.517,9.706 6.532,9.599 6.438,9.532 6.45,9.466 6.317,9.432 6.356,9.349 6.184,9.266 6.153,9.187 5.82,8.838 5.778,8.875 5.706,8.817 5.586,8.903 5.453,8.841 5.192,8.822 4.909,8.624 4.867,8.603 4.833,8.633 4.812,8.549 4.7,8.539 3.0,6.583 5.701,2.749
DNKK-W|8.208,7.84 8.182,8.048 8.217,8.221 8.302,8.377 8.499,8.532 8.978,8.645 9.174,8.653 9.422,8.558 9.635,8.359 9.754,8.134 9.848,7.46 9.848,7.676 9.924,7.953 10.137,8.134 10.427,8.152 10.707,8.091 10.885,7.979 11.047,7.78 11.098,7.339 11.182,7.278 11.369,7.235 11.818,7.287 12.046,7.46 12.295,7.747 12.336,7.626 12.477,7.443 12.647,7.318 12.844,7.273 13.099,7.323 12.987,6.926 13.6,6.451 13.677,6.25 13.654,6.185 13.885,5.499 13.794,5.305 13.704,4.455 13.425,4.131 13.032,4.12 12.765,3.938 12.517,3.641 11.757,3.65 11.616,3.563 11.283,3.499 11.126,3.727 8.905,6.01 8.208,7.84
DNMM|9.066,2.78 8.758,2.733 8.562,2.758 8.317,2.683 8.208,2.75 7.875,2.682 7.792,2.724 7.57,2.727 7.485,2.798 7.421,2.798 7.418,2.747 7.042,2.783 7.017,2.749 6.85,2.733 6.683,2.775 6.426,2.707 5.695,2.75 3.0,6.582 4.7,8.539 4.811,8.549 4.833,8.633 4.867,8.603 4.909,8.624 5.192,8.822 5.453,8.841 5.586,8.903 5.706,8.817 5.778,8.875 5.82,8.838 6.152,9.186 6.184,9.267 6.356,9.349 6.317,9.432 6.45,9.466 6.438,9.532 6.532,9.599 6.517,9.706 6.8,9.782 7.792,8.902 8.908,6.013 11.121,3.727 11.032,3.716 11.0,3.758 10.92,3.773 10.846,3.751 10.649,3.857 10.406,3.785 10.469,3.664 10.276,3.581 10.164,3.676 9.871,3.547 9.843,3.372 9.775,3.322 9.671,3.347 9.663,3.281 9.446,3.131 9.312,3.154 9.095,3.085 9.066,2.78
DRRR|9.867,-2.75 10.033,-5.616 11.5,-5.25 12.0,-4.8 12.866,-4.283 14.516,-4.066 16.349,-3.6 24.165,-3.583 21.911,-0.013 21.837,0.0 21.119,1.167 20.75,1.183 20.567,1.65 20.383,1.683 20.242,1.95 20.233,2.117 20.3,2.2 20.042,2.458 19.967,2.9 19.833,3.217 19.367,3.25 19.15,3.117 18.95,3.333 19.438,5.817 20.8,7.367 23.254,11.5 13.354,11.5 13.383,11.027 13.342,10.633 13.282,10.465 13.268,10.207 13.167,9.999 12.808,9.658 12.883,8.808 13.033,8.57 13.083,8.393 13.294,8.113 13.336,7.804 13.145,7.487 12.987,6.926 13.6,6.45 13.676,6.25 13.654,6.184 13.885,5.499 13.794,5.304 13.704,4.455 13.425,4.131 13.032,4.12 12.765,3.937 12.517,3.641 11.757,3.65 11.617,3.564 11.283,3.499 11.126,3.727 11.032,3.716 11.0,3.758 11.0,-3.0 10.701,-2.907 10.624,-2.933 10.445,-2.842 10.417,-2.768 10.375,-2.83 10.321,-2.845 10.26,-2.752 10.186,-2.803 9.867,-2.75
DTTC|39.0,8.0 37.5,11.5 32.367,11.5 32.133,10.9 32.0,10.833 31.95,10.683 31.732,10.566 31.7,10.333 31.483,10.15 31.083,10.3 30.9,10.317 30.715,10.249 30.332,9.899 30.233,9.583 32.1,9.067 32.817,8.3 32.817,8.333 33.083,8.117 33.15,7.9 33.15,7.8 33.25,7.733 33.433,7.733 33.6,7.6 33.8,7.517 34.05,7.517 34.217,7.633 34.217,7.783 34.417,7.833 34.633,8.233 34.7,8.233 34.733,8.283 34.917,8.25 35.217,8.417 35.267,8.3 35.383,8.3 35.483,8.35 35.667,8.317 35.733,8.25 36.167,8.3 36.417,8.367 36.45,8.133 36.5,8.133 36.683,8.467 36.75,8.417 36.817,8.617 36.917,8.617 36.933,8.65 39.0,8.0
DTTC-N|35.78,11.5 35.434,8.325 35.483,8.35 35.667,8.317 35.733,8.25 36.167,8.3 36.417,8.367 36.45,8.133 36.5,8.133 36.683,8.467 36.75,8.417 36.817,8.617 36.917,8.617 36.933,8.65 39,8 37.5,11.5 35.78,11.5
DTTC-NU|35.78,11.5 35.434,8.325 35.483,8.35 35.667,8.317 35.733,8.25 36.167,8.3 36.417,8.367 36.45,8.133 36.5,8.133 36.683,8.467 36.75,8.417 36.817,8.617 36.917,8.617 36.933,8.65 39,8 37.5,11.5 35.78,11.5
DTTC-S|35.78,11.5 35.434,8.325 35.267,8.3 35.217,8.417 34.917,8.25 34.733,8.283 34.7,8.233 34.633,8.233 34.417,7.833 34.217,7.783 34.217,7.633 34.05,7.517 33.8,7.517 33.6,7.6 33.433,7.733 33.25,7.733 33.15,7.8 33.15,7.9 33.083,8.117 32.817,8.333 32.817,8.3 32.1,9.067 30.233,9.583 30.332,9.899 30.715,10.249 30.9,10.317 31.083,10.3 31.483,10.15 31.7,10.333 31.732,10.566 31.95,10.683 32.0,10.833 32.133,10.9 32.367,11.5 35.78,11.5
EBBU|51.083,2.55 51.117,2.0 51.5,2.0 51.456,2.5 51.637,2.5 51.271,4.12 51.354,4.242 51.373,4.216 51.358,4.411 51.374,4.43 51.45,4.394 51.474,4.464 51.479,4.544 51.424,4.542 51.424,4.645 51.506,4.776 51.501,4.815 51.483,4.841 51.425,4.824 51.417,4.766 51.4,4.932 51.487,5.039 51.432,5.104 51.395,5.071 51.317,5.134 51.308,5.242 51.263,5.24 51.298,5.519 51.226,5.564 51.146,5.851 50.961,5.722 50.95,5.758 50.87,5.646 50.826,5.651 50.806,5.7 50.756,5.686 50.781,5.775 50.754,5.813 50.754,6.021 50.722,6.05 50.718,6.119 50.627,6.193 50.623,6.277 50.55,6.2 50.483,6.25 50.467,6.35 50.433,6.383 50.333,6.408 50.317,6.3 50.15,6.15 50.05,6.133 49.85,6.333 49.817,6.517 49.75,6.5 49.6,6.383 49.467,6.35 49.45,6.0 49.55,5.917 49.5,5.483 49.608,5.4 49.617,5.317 49.667,5.3 49.692,5.175 49.758,5.067 49.783,4.85 49.917,4.858 49.95,4.8 50.14,4.896 50.156,4.878 50.168,4.825 50.138,4.764 50.098,4.715 50.0,4.683 49.933,4.483 49.95,4.183 50.017,4.125 50.1,4.2 50.15,4.117 50.25,4.167 50.35,4.017 50.317,3.9 50.333,3.792 50.292,3.683 50.483,3.617 50.483,3.383 50.517,3.283 50.683,3.233 50.783,3.117 50.7,2.9 50.717,2.783 50.8,2.717 50.8,2.617 51.083,2.55
EDGG|52.215,6.98 52.119,6.853 52.119,6.761 52.075,6.737 52.07,6.695 52.039,6.688 51.992,6.828 51.897,6.723 51.917,6.683 51.854,6.472 51.873,6.391 51.828,6.404 51.904,6.151 51.893,6.104 51.841,6.167 51.865,6.064 51.837,5.963 51.766,5.991 51.738,5.955 51.717,6.045 51.676,6.031 51.652,6.116 51.606,6.091 51.514,6.211 51.36,6.226 51.242,6.072 51.171,6.084 51.194,6.165 51.173,6.141 51.159,6.174 51.039,5.957 51.067,5.913 51.052,5.863 50.977,5.895 50.985,6.024 50.937,6.02 50.919,6.091 50.848,6.073 50.845,6.018 50.816,6.025 50.798,5.976 50.722,6.05 50.718,6.119 50.627,6.193 50.623,6.277 50.55,6.2 50.483,6.25 50.467,6.35 50.433,6.383 50.333,6.408 50.317,6.3 50.15,6.15 50.05,6.133 49.85,6.333 49.817,6.517 49.75,6.5 49.6,6.383 49.467,6.35 49.417,6.517 49.15,6.733 49.15,6.85 49.217,6.85 49.2,6.9 49.233,7.0 49.117,7.05 49.15,7.117 49.117,7.217 49.167,7.467 49.117,7.517 49.05,7.683 49.067,7.817 48.967,8.217 48.817,8.083 48.767,7.967 48.667,7.9 48.6,7.8 48.506,7.798 48.367,7.733 48.328,7.746 48.083,7.57 48.1,7.967 48.17,8.321 48.167,9.55 48.528,9.55 48.811,9.776 49.111,10.479 49.442,10.967 50.227,10.289 50.5,10.522 50.657,10.703 51.333,10.493 51.333,8.907 51.884,8.865 51.894,8.577 52.292,8.517 52.326,8.4 52.215,6.98
EDGG-A|51.333,8.907 51.333,10.493 50.657,10.703 50.5,10.522 50.251,10.309 50.292,10.181 50.286,9.622 50.245,9.44 50.263,9.187 50.182,9.045 50.117,8.5 50.117,8.002 50.195,7.685 50.55,7.441 50.6,7.58 51.032,7.107 51.109,7.271 51.132,7.829 51.624,7.479 51.942,6.797 51.992,6.828 52.039,6.688 52.07,6.695 52.075,6.737 52.119,6.761 52.119,6.853 52.228,6.998 52.238,7.064 52.326,8.4 52.292,8.517 51.894,8.577 51.884,8.865 51.333,8.907
EDGG-BAD|48.949,10.097 49.272,9.453 49.242,9.046 49.931,9.132 50.182,9.045 50.166,8.828 50.133,8.783 50.117,8.341 49.67,8.449 49.004,8.348 48.967,8.217 48.817,8.083 48.767,7.967 48.667,7.9 48.6,7.8 48.506,7.798 48.367,7.733 48.328,7.746 48.083,7.57 48.1,7.967 48.17,8.321 48.167,9.55 48.528,9.55 48.811,9.776 48.949,10.097
EDGG-C|51.333,8.907 51.333,10.493 50.657,10.703 50.5,10.522 50.251,10.309 50.292,10.181 50.286,9.622 50.245,9.44 50.263,9.187 50.182,9.045 50.166,8.828 50.133,8.783 50.117,8.341 49.67,8.449 49.076,8.374 49.004,8.348 48.968,8.292 49.067,7.817 49.05,7.683 49.117,7.517 49.167,7.467 49.117,7.217 49.15,7.117 49.117,7.05 49.233,7.0 49.2,6.9 49.217,6.85 49.15,6.85 49.15,6.733 49.417,6.517 49.467,6.35 49.6,6.383 49.75,6.5 49.817,6.517 49.85,6.333 50.05,6.133 50.15,6.15 50.317,6.3 50.333,6.408 50.415,6.388 50.513,6.836 50.516,7.466 50.55,7.441 50.6,7.58 51.032,7.107 51.109,7.271 51.132,7.829 50.913,8.069 50.93,8.463 51.017,8.596 51.333,8.907
EDGG-CS|48.967,8.217 48.817,8.083 48.767,7.967 48.667,7.9 48.6,7.8 48.506,7.798 48.367,7.733 48.328,7.746 48.083,7.57 48.1,7.967 48.17,8.321 48.167,9.55 48.528,9.55 48.811,9.776 49.111,10.479 49.442,10.967 50.227,10.289 50.5,10.522 50.657,10.703 51.333,10.493 51.333,8.907 51.017,8.596 50.93,8.463 50.913,8.069 51.132,7.829 51.109,7.271 51.032,7.107 50.6,7.58 50.55,7.441 50.516,7.466 50.513,6.836 50.415,6.388 50.333,6.408 50.317,6.3 50.15,6.15 50.05,6.133 49.85,6.333 49.817,6.517 49.75,6.5 49.6,6.383 49.467,6.35 49.417,6.517 49.15,6.733 49.15,6.85 49.217,6.85 49.2,6.9 49.233,7.0 49.117,7.05 49.15,7.117 49.117,7.217 49.167,7.467 49.117,7.517 49.05,7.683 49.067,7.817 48.967,8.217
EDGG-DKB|50.227,10.289 49.442,10.967 49.111,10.479 48.949,10.097 49.272,9.453 49.242,9.046 49.931,9.132 50.182,9.045 50.263,9.187 50.245,9.44 50.292,9.761 50.292,10.181 50.251,10.309 50.227,10.289
EDGG-GIN|51.333,8.907 51.333,10.493 50.657,10.703 50.5,10.522 50.251,10.309 50.292,10.181 50.286,9.622 50.245,9.44 50.263,9.187 50.182,9.045 50.117,8.5 50.117,8.002 50.195,7.685 50.55,7.441 50.6,7.58 51.032,7.107 51.109,7.271 51.132,7.829 50.913,8.069 50.93,8.463 51.017,8.596 51.333,8.907
EDGG-KL|51.132,7.829 51.109,7.271 51.032,7.107 50.6,7.58 50.55,7.441 50.516,7.466 50.513,6.836 50.415,6.388 50.467,6.35 50.483,6.25 50.55,6.2 50.623,6.277 50.627,6.193 50.718,6.119 50.722,6.05 50.798,5.976 50.816,6.025 50.845,6.018 50.848,6.073 50.919,6.091 50.937,6.02 50.985,6.024 50.977,5.895 51.052,5.863 51.067,5.913 51.039,5.957 51.159,6.174 51.173,6.141 51.194,6.165 51.171,6.084 51.242,6.072 51.36,6.226 51.514,6.211 51.606,6.091 51.652,6.116 51.676,6.031 51.717,6.045 51.738,5.955 51.766,5.991 51.837,5.963 51.865,6.064 51.841,6.167 51.893,6.104 51.904,6.151 51.828,6.404 51.873,6.391 51.854,6.472 51.917,6.683 51.897,6.723 51.942,6.797 51.624,7.479 51.132,7.829
EDGG-N|50.433,6.383 50.467,6.35 50.483,6.25 50.55,6.2 50.623,6.277 50.627,6.193 50.718,6.119 50.722,6.05 50.798,5.976 50.816,6.025 50.845,6.018 50.848,6.073 50.919,6.091 50.937,6.02 50.985,6.024 50.977,5.895 51.052,5.863 51.067,5.913 51.039,5.957 51.159,6.174 51.173,6.141 51.194,6.165 51.171,6.084 51.242,6.072 51.36,6.226 51.514,6.211 51.606,6.091 51.652,6.116 51.676,6.031 51.717,6.045 51.738,5.955 51.766,5.991 51.837,5.963 51.865,6.064 51.841,6.167 51.893,6.104 51.904,6.151 51.828,6.404 51.873,6.391 51.854,6.472 51.917,6.683 51.897,6.723 51.992,6.828 52.039,6.688 52.07,6.695 52.075,6.737 52.119,6.761 52.119,6.853 52.228,6.998 52.326,8.4 52.292,8.517 51.894,8.577 51.884,8.865 51.333,8.907 51.017,8.596 50.93,8.463 50.913,8.069 51.132,7.829 51.109,7.271 51.032,7.107 50.6,7.58 50.55,7.441 50.516,7.466 50.513,6.836 50.433,6.383
EDGG-PAH|51.017,8.596 50.93,8.463 50.913,8.069 51.132,7.829 51.624,7.479 51.942,6.797 51.992,6.828 52.039,6.688 52.07,6.695 52.075,6.737 52.119,6.761 52.119,6.853 52.228,6.998 52.238,7.064 52.326,8.4 52.292,8.517 51.894,8.577 51.884,8.865 51.333,8.907 51.017,8.596
EDGG-RUD|48.967,8.217 49.067,7.817 49.05,7.683 49.117,7.517 49.167,7.467 49.117,7.217 49.15,7.117 49.117,7.05 49.233,7.0 49.2,6.9 49.217,6.85 49.15,6.85 49.15,6.733 49.417,6.517 49.467,6.35 49.6,6.383 49.75,6.5 49.817,6.517 49.85,6.333 50.05,6.133 50.15,6.15 50.317,6.3 50.333,6.408 50.415,6.388 50.513,6.836 50.516,7.466 50.195,7.685 50.117,8.002 50.117,8.341 49.67,8.449 49.076,8.374 49.004,8.348 48.967,8.217
EDGG-S|50.182,9.045 50.166,8.828 50.133,8.783 50.117,8.341 49.67,8.449 49.004,8.348 48.967,8.217 48.817,8.083 48.767,7.967 48.667,7.9 48.6,7.8 48.506,7.798 48.367,7.733 48.328,7.746 48.083,7.57 48.1,7.967 48.17,8.321 48.167,9.55 48.528,9.55 48.811,9.776 49.111,10.479 49.442,10.967 50.227,10.289 50.251,10.309 50.292,10.181 50.286,9.622 50.245,9.44 50.263,9.187 50.182,9.045
EDMM|51.017,15.0 51.3,15.033 51.483,14.933 51.5,14.833 51.567,14.75 51.633,14.767 51.508,13.75 51.508,13.1 51.625,12.64 51.876,12.202 51.907,12.0 51.841,11.208 51.567,10.7 51.334,10.387 51.333,10.493 50.657,10.703 50.5,10.522 50.227,10.289 49.442,10.967 49.111,10.479 48.811,9.776 48.528,9.55 47.8,9.55 47.534,9.733 47.323,10.287 47.55,10.553 47.392,11.138 47.571,11.476 47.7,12.81 47.94,12.66 48.03,12.54 48.15,12.71 48.24,12.68 48.29,13.18 48.8,13.76 49.7,12.52 49.78,12.45 50.18,12.33 50.3,12.36 51.01,14.77 51.017,15.0
EDMM-GER|50.657,10.703 51.333,10.493 51.334,10.387 51.567,10.7 51.841,11.208 51.907,12.0 51.876,12.202 51.625,12.64 51.508,13.1 51.508,13.75 51.633,14.767 51.567,14.75 51.5,14.833 51.483,14.933 51.3,15.033 51.017,15.0 51.01,14.77 50.42,12.768 50.704,12.117 50.657,10.703
EDMM-HOF|50.227,10.289 50.5,10.522 50.657,10.703 51.333,10.493 51.334,10.387 51.567,10.7 51.841,11.208 51.907,12.0 51.876,12.202 51.625,12.64 51.508,13.1 51.508,13.75 51.633,14.767 51.567,14.75 51.5,14.833 51.483,14.933 51.3,15.033 51.017,15.0 51.01,14.77 50.3,12.36 50.18,12.33 49.78,12.45 49.7,12.52 49.448,11.757 49.442,10.967 50.227,10.289
EDMM-RDG|49.7,12.52 49.78,12.45 50.18,12.33 50.3,12.36 50.42,12.768 50.704,12.117 50.657,10.703 50.5,10.522 50.227,10.289 49.442,10.967 49.111,10.479 48.811,9.776 48.528,9.55 47.8,9.55 47.534,9.733 47.323,10.287 47.55,10.553 47.392,11.138 47.571,11.476 47.7,12.81 47.94,12.66 48.03,12.54 48.15,12.71 48.24,12.68 48.29,13.18 48.8,13.76 49.7,12.52
EDMM-ZUG|49.7,12.52 49.448,11.757 49.442,10.967 49.111,10.479 48.811,9.776 48.528,9.55 47.8,9.55 47.534,9.733 47.323,10.287 47.55,10.553 47.392,11.138 47.571,11.476 47.7,12.81 47.94,12.66 48.03,12.54 48.15,12.71 48.24,12.68 48.29,13.18 48.8,13.76 49.7,12.52
EDWW|55.0,6.5 55.0,8.0 55.069,8.392 54.917,8.6 54.765,10.054 54.658,10.5 54.644,11.0 54.5,11.5 54.446,11.833 54.45,12.0 54.917,12.85 54.917,13.761 54.667,14.325 54.127,14.255 54.126,14.201 53.617,14.3 53.55,14.383 53.25,14.433 53.05,14.333 52.967,14.167 52.85,14.15 52.75,14.383 52.583,14.6 52.433,14.567 52.3,14.583 52.25,14.7 52.15,14.683 52.083,14.75 51.933,14.717 51.833,14.617 51.633,14.767 51.508,13.75 51.508,13.1 51.625,12.64 51.876,12.202 51.907,12.0 51.841,11.208 51.567,10.7 51.334,10.387 51.333,8.907 51.884,8.865 51.894,8.577 52.292,8.517 52.326,8.4 52.238,7.064 52.29,7.026 52.382,7.069 52.469,6.989 52.436,6.946 52.486,6.697 52.553,6.681 52.562,6.768 52.628,6.71 52.647,6.751 52.644,7.056 52.85,7.087 53.006,7.214 53.138,7.179 53.208,7.218 53.299,7.192 53.315,7.025 53.493,6.82 53.558,6.603 53.667,6.5 55.0,6.5
EDWW-ALR|55.0,6.5 55.0,8.0 55.069,8.392 54.917,8.6 54.765,10.054 54.658,10.5 54.644,11.0 54.464,11.667 54.45,12.0 54.14,11.26 53.581,11.158 53.348,11.416 52.998,11.135 53.05,10.267 53.092,10.1 52.913,9.794 52.71,9.74 52.683,9.086 52.737,8.571 52.644,7.056 52.85,7.087 53.006,7.214 53.138,7.179 53.208,7.218 53.299,7.192 53.315,7.025 53.493,6.82 53.558,6.603 53.667,6.5 55.0,6.5
EDWW-BOR|52.73,11.095 52.998,11.135 53.348,11.416 53.581,11.158 53.54,11.518 53.208,12.507 53.316,13.878 53.583,14.333 53.55,14.383 53.25,14.433 53.05,14.333 52.967,14.167 52.85,14.15 52.75,14.383 52.583,14.6 52.433,14.567 52.3,14.583 52.25,14.7 52.15,14.683 52.083,14.75 51.933,14.717 51.833,14.617 51.633,14.767 51.508,13.75 51.508,13.1 51.625,12.64 51.876,12.202 51.907,12.0 51.841,11.208 52.38,11.07 52.73,11.095
EDWW-EMS|52.644,7.056 52.737,8.571 52.683,9.086 52.71,9.74 52.913,9.794 53.092,10.1 53.05,10.267 52.998,11.135 52.38,11.07 51.841,11.208 51.567,10.7 51.334,10.387 51.333,8.907 51.884,8.865 51.894,8.577 52.292,8.517 52.326,8.4 52.238,7.064 52.29,7.026 52.382,7.069 52.469,6.989 52.436,6.946 52.46,6.772 52.486,6.697 52.553,6.681 52.562,6.768 52.628,6.71 52.647,6.751 52.644,7.056
EDWW-FLG|52.583,14.6 52.433,14.567 52.3,14.583 52.25,14.7 52.15,14.683 52.083,14.75 51.933,14.717 51.833,14.617 51.633,14.767 51.508,13.75 51.508,13.1 51.625,12.64 51.876,12.202 51.907,12.0 51.841,11.208 52.38,11.07 52.464,11.128 52.483,12.244 52.586,13.309 52.657,13.548 52.698,14.026 52.583,14.6
EDWW-MAR|52.73,11.095 52.998,11.135 53.348,11.416 53.581,11.158 54.14,11.26 54.45,12.0 54.917,12.85 54.917,13.761 54.667,14.325 54.127,14.255 54.126,14.201 53.617,14.3 53.55,14.383 53.25,14.433 53.05,14.333 52.967,14.167 52.85,14.15 52.75,14.383 52.583,14.6 52.433,14.567 52.3,14.583 52.25,14.7 52.15,14.683 52.083,14.75 51.933,14.717 51.833,14.617 51.633,14.767 51.508,13.75 51.508,13.1 51.625,12.64 51.876,12.202 51.907,12.0 51.841,11.208 52.38,11.07 52.73,11.095
EDWW-MRZ|52.73,11.095 52.998,11.135 53.348,11.416 53.581,11.158 54.14,11.26 54.45,12.0 54.917,12.85 54.917,13.761 54.667,14.325 54.127,14.255 54.126,14.201 53.617,14.3 53.55,14.383 53.25,14.433 53.05,14.333 52.967,14.167 52.85,14.15 52.75,14.383 52.583,14.6 52.698,14.026 52.657,13.548 52.586,13.309 52.483,12.244 52.464,11.128 52.38,11.07 52.73,11.095
EDWW-W|55.0,6.5 55.0,8.0 55.069,8.392 54.917,8.6 54.765,10.054 54.658,10.5 54.644,11.0 54.464,11.667 54.45,12.0 54.14,11.26 53.581,11.158 53.348,11.416 52.998,11.135 52.73,11.095 52.38,11.07 51.841,11.208 51.567,10.7 51.334,10.387 51.333,8.907 51.884,8.865 51.894,8.577 52.292,8.517 52.326,8.4 52.238,7.064 52.29,7.026 52.382,7.069 52.469,6.989 52.436,6.946 52.46,6.772 52.486,6.697 52.553,6.681 52.562,6.768 52.628,6.71 52.647,6.751 52.644,7.056 52.85,7.087 53.006,7.214 53.138,7.179 53.208,7.218 53.299,7.192 53.315,7.025 53.493,6.82 53.558,6.603 53.667,6.5 55.0,6.5
EDXX|52.215,6.98 52.119,6.853 52.119,6.761 52.075,6.737 52.07,6.695 52.039,6.688 51.992,6.828 51.897,6.723 51.917,6.683 51.854,6.472 51.873,6.391 51.828,6.404 51.904,6.151 51.893,6.104 51.841,6.167 51.865,6.064 51.837,5.963 51.766,5.991 51.738,5.955 51.717,6.045 51.676,6.031 51.652,6.116 51.606,6.091 51.514,6.211 51.36,6.226 51.242,6.072 51.171,6.084 51.194,6.165 51.173,6.141 51.159,6.174 51.039,5.957 51.067,5.913 51.052,5.863 50.977,5.895 50.985,6.024 50.937,6.02 50.919,6.091 50.848,6.073 50.845,6.018 50.816,6.025 50.798,5.976 50.722,6.05 50.718,6.119 50.627,6.193 50.623,6.277 50.55,6.2 50.483,6.25 50.467,6.35 50.433,6.383 50.333,6.408 50.317,6.3 50.15,6.15 50.05,6.133 49.85,6.333 49.817,6.517 49.75,6.5 49.6,6.383 49.467,6.35 49.417,6.517 49.15,6.733 49.15,6.85 49.217,6.85 49.2,6.9 49.233,7.0 49.117,7.05 49.15,7.117 49.117,7.217 49.167,7.467 49.117,7.517 49.05,7.683 49.067,7.817 48.967,8.217 48.817,8.083 48.767,7.967 48.667,7.9 48.6,7.8 48.506,7.798 48.367,7.733 48.328,7.746 48.083,7.57 48.1,7.967 48.17,8.321 48.167,9.55 47.8,9.55 47.534,9.733 47.323,10.287 47.55,10.553 47.392,11.138 47.571,11.476 47.7,12.81 47.94,12.66 48.03,12.54 48.15,12.71 48.24,12.68 48.29,13.18 48.8,13.76 49.7,12.52 49.78,12.45 50.18,12.33 50.3,12.36 51.01,14.77 51.017,15.0 51.3,15.033 51.483,14.933 51.5,14.833 51.567,14.75 51.633,14.767 51.833,14.617 51.933,14.717 52.083,14.75 52.15,14.683 52.25,14.7 52.3,14.583 52.433,14.567 52.583,14.6 52.75,14.383 52.85,14.15 52.967,14.167 53.05,14.333 53.25,14.433 53.55,14.383 53.617,14.3 54.126,14.201 54.127,14.255 54.667,14.325 54.917,13.761 54.917,12.85 54.45,12.0 54.446,11.833 54.5,11.5 54.644,11.0 54.658,10.5 54.765,10.054 54.917,8.6 55.069,8.392 55.0,8.0 55.0,6.5 53.667,6.5 53.558,6.603 53.493,6.82 53.315,7.025 53.299,7.192 53.208,7.218 53.138,7.179 53.006,7.214 52.85,7.087 52.644,7.056 52.647,6.751 52.628,6.71 52.562,6.768 52.553,6.681 52.486,6.697 52.436,6.946 52.469,6.989 52.401,7.055 52.353,7.072 52.29,7.026 52.238,7.064 52.215,6.98
EETT|59.403,28.192 59.371,28.211 59.323,28.159 59.311,28.18 59.254,27.916 58.985,27.726 58.78,27.36 58.382,27.549 58.303,27.495 58.215,27.481 58.113,27.586 58.016,27.613 57.997,27.695 57.928,27.702 57.903,27.813 57.862,27.829 57.827,27.767 57.83,27.56 57.797,27.509 57.726,27.542 57.685,27.408 57.6,27.383 57.576,27.328 57.521,27.333 57.61,26.91 57.51,26.53 57.854,25.916 58.09,25.15 57.874,24.357 57.917,24.261 57.899,23.601 57.783,23.649 57.67,23.582 57.594,23.406 57.586,23.181 57.941,22.707 57.928,22.584 57.779,22.143 57.749,21.916 57.787,21.717 57.895,21.613 58.117,21.483 58.413,20.643 59.0,21.0 59.883,24.85 59.908,25.333 59.883,25.867 59.612,27.637 59.403,28.192
EFIN|63.475,20.667 63.617,21.5 64.683,22.917 65.53,24.14 66.159,23.907 66.196,23.755 66.437,23.639 66.81,24.008 67.168,23.587 67.291,23.751 67.424,23.766 67.468,23.442 67.868,23.498 67.946,23.654 68.147,23.304 68.123,23.159 68.239,23.148 68.379,22.828 68.471,22.135 68.766,21.38 69.083,21.964 68.827,22.341 68.717,22.375 68.745,22.535 68.688,22.801 68.689,23.046 68.629,23.168 68.692,23.441 68.706,23.674 68.819,23.775 68.837,23.872 68.827,23.983 68.78,24.076 68.79,24.159 68.754,24.153 68.727,24.251 68.636,24.783 68.555,24.903 68.605,24.916 68.638,25.119 68.793,25.146 68.904,25.469 68.88,25.609 69.016,25.773 69.081,25.723 69.141,25.743 69.25,25.701 69.275,25.742 69.339,25.758 69.399,25.843 69.421,25.8 69.475,25.863 69.49,25.845 69.528,25.879 69.552,25.842 69.603,25.971 69.648,25.955 69.667,25.906 69.694,25.953 69.643,29.169 69.483,29.333 69.224,28.832 69.111,28.805 69.052,28.929 68.914,28.423 68.886,28.466 68.867,28.8 68.732,28.703 68.541,28.433 68.197,28.644 68.069,29.336 67.804,29.659 67.671,30.007 67.525,29.929 67.311,29.551 66.954,29.038 66.922,29.035 66.849,29.059 66.542,29.475 66.272,29.704 66.126,29.922 65.824,30.102 65.67,30.137 65.696,30.004 65.636,29.716 65.561,29.862 65.474,29.729 65.343,29.735 65.263,29.596 65.232,29.637 65.21,29.881 65.193,29.896 65.145,29.817 65.103,29.9 65.061,29.627 64.93,29.611 64.791,29.741 64.794,30.037 64.77,30.094 64.736,30.034 64.639,30.15 64.596,29.99 64.538,29.987 64.453,30.058 64.401,30.047 64.262,30.482 64.221,30.511 64.205,30.466 64.133,30.549 64.032,30.517 63.921,30.323 63.822,30.249 63.757,29.972 63.469,30.48 63.406,30.781 63.218,31.239 63.107,31.267 63.032,31.446 62.908,31.589 62.791,31.446 62.665,31.374 62.47,31.195 62.229,30.738 61.819,30.07 61.768,30.042 61.662,29.832 61.574,29.736 61.494,29.586 61.492,29.496 61.465,29.502 61.272,29.24 61.124,28.82 60.952,28.656 60.956,28.529 60.618,27.893 60.538,27.783 60.451,27.747 60.433,27.685 60.392,27.726 60.223,27.457 60.133,26.55 59.883,25.867 59.908,25.333 59.883,24.85 59.0,21.0 59.563,19.983 60.192,19.087 61.667,19.5 63.167,20.167 63.475,20.667
EGGX|61.0,-30.0 61.0,-10.0 57.0,-10.0 57.0,-15.0 49.0,-15.0 48.494,-8.0 45.0,-8.0 45.0,-30.0 61.0,-30.0
EGPX|60.667,-10.0 61.0,-7.0 61.0,0.0 60.0,0.0 59.084,1.654 57.333,4.499 56.51,3.5 55.854,3.5 55.048,4.001 54.645,4.333 54.5,4.536 53.175,3.366 53.245,3.184 53.304,2.733 53.384,2.668 54.028,0.455 54.029,-0.287 54.433,-0.749 54.266,-1.283 54.381,-1.517 54.405,-1.414 54.582,-1.079 54.649,-1.144 54.705,-1.272 54.526,-1.658 54.836,-1.558 55.03,-1.227 55.129,-1.252 55.227,-1.361 55.062,-2.006 54.944,-1.934 54.25,-2.167 54.25,-3.551 54.503,-3.593 54.218,-4.261 54.24,-4.423 54.189,-4.813 54.269,-5.006 54.133,-5.169 54.082,-5.044 54.028,-5.111 53.804,-5.164 53.813,-5.5 53.917,-5.5 54.417,-8.167 55.333,-6.917 55.417,-7.333 55.333,-8.25 54.75,-9.0 54.567,-10.0 60.667,-10.0
EGPX-ANT|55.13,-5.106 55.163,-5.078 55.094,-4.976 54.503,-3.593 54.218,-4.261 54.24,-4.423 54.189,-4.813 54.269,-5.006 54.133,-5.169 54.082,-5.044 54.028,-5.111 53.804,-5.164 53.813,-5.5 53.917,-5.5 54.092,-6.411 54.465,-6.385 54.512,-6.492 54.594,-6.573 54.687,-6.586 54.775,-6.53 54.842,-6.411 54.905,-5.5 54.954,-5.258 55.13,-5.106
EGPX-BDS|56.267,-5.089 56.265,-3.49 56.117,-3.224 56.117,-2.936 56.002,-2.814 55.893,-2.825 55.187,-2.217 55.062,-2.006 54.944,-1.934 54.25,-2.167 54.25,-3.551 54.503,-3.593 55.094,-4.976 55.572,-5.692 56.267,-5.089
EGPX-E|60.667,-10.0 61.0,-7.0 61.0,0.0 60.0,0.0 59.084,1.654 57.333,4.499 56.51,3.5 55.854,3.5 55.048,4.001 54.645,4.333 54.5,4.536 53.175,3.366 53.245,3.184 53.304,2.733 53.384,2.668 54.028,0.455 54.029,-0.287 54.433,-0.749 54.266,-1.283 54.381,-1.517 54.405,-1.414 54.582,-1.079 54.649,-1.144 54.705,-1.272 54.526,-1.658 54.836,-1.558 55.03,-1.227 55.129,-1.252 55.227,-1.361 55.062,-2.006 55.187,-2.217 55.893,-2.825 56.002,-2.814 56.117,-2.936 56.117,-3.224 56.265,-3.49 56.267,-5.089 57.251,-5.609 58.027,-6.489 58.887,-8.266 59.333,-10.0 60.667,-10.0
EGPX-GTA|55.13,-5.106 55.163,-5.078 55.572,-5.692 56.267,-5.089 56.265,-3.49 56.117,-3.224 56.117,-2.936 56.002,-2.814 55.893,-2.825 55.187,-2.217 55.062,-2.006 54.944,-1.934 54.25,-2.167 54.25,-3.551 54.503,-3.593 54.218,-4.261 54.24,-4.423 54.189,-4.813 54.269,-5.006 54.133,-5.169 54.082,-5.044 54.028,-5.111 53.804,-5.164 53.813,-5.5 53.917,-5.5 54.092,-6.411 54.465,-6.385 54.559,-6.548 54.687,-6.586 54.775,-6.53 54.842,-6.411 54.905,-5.5 54.954,-5.258 55.13,-5.106
EGPX-N|60.667,-10.0 61.0,-7.0 61.0,0.0 60.0,0.0 59.084,1.654 57.333,4.499 56.601,3.609 57.394,-4.235 57.244,-4.471 57.251,-5.609 58.027,-6.489 58.887,-8.266 59.333,-10.0 60.667,-10.0
EGPX-S|57.251,-5.609 57.244,-4.471 57.394,-4.235 56.601,3.609 56.51,3.5 55.854,3.5 55.048,4.001 54.645,4.333 54.5,4.536 53.175,3.366 53.245,3.184 53.304,2.733 53.384,2.668 54.028,0.455 54.029,-0.287 54.433,-0.749 54.266,-1.283 54.381,-1.517 54.405,-1.414 54.582,-1.079 54.649,-1.144 54.705,-1.272 54.526,-1.658 54.836,-1.558 55.03,-1.227 55.129,-1.252 55.227,-1.361 55.062,-2.006 54.944,-1.934 54.25,-2.167 54.25,-3.551 54.503,-3.593 55.094,-4.976 55.572,-5.692 56.267,-5.089 57.251,-5.609
EGPX-W|54.503,-3.593 54.218,-4.261 54.24,-4.423 54.189,-4.813 54.269,-5.006 54.133,-5.169 54.082,-5.044 54.028,-5.111 53.804,-5.164 53.813,-5.5 53.917,-5.5 54.417,-8.167 55.333,-6.917 55.417,-7.333 55.333,-8.25 54.75,-9.0 54.567,-10.0 59.333,-10.0 58.887,-8.266 58.027,-6.489 57.251,-5.609 56.267,-5.089 55.572,-5.692 55.094,-4.976 54.503,-3.593
EGPX-WB|56.267,-5.089 56.265,-3.49 56.117,-3.224 56.117,-2.936 56.002,-2.814 55.893,-2.825 55.187,-2.217 55.062,-2.006 54.944,-1.934 54.25,-2.167 54.25,-3.551 54.503,-3.593 54.218,-4.261 54.24,-4.423 54.189,-4.813 54.269,-5.006 54.133,-5.169 54.082,-5.044 54.028,-5.111 53.804,-5.164 53.813,-5.5 53.917,-5.5 54.417,-8.167 55.333,-6.917 55.417,-7.333 55.333,-8.25 54.75,-9.0 54.567,-10.0 59.333,-10.0 58.887,-8.266 58.027,-6.489 57.251,-5.609 56.267,-5.089
EGTL|51.716,-1.607 51.722,-1.477 52.167,-0.407 52.226,-0.468 52.283,-0.461 52.442,-0.617 52.441,-0.238 52.315,-0.116 52.268,0.419 52.185,0.403 52.184,0.438 51.877,0.438 51.906,0.811 51.742,0.844 51.605,0.926 51.571,0.833 51.451,0.833 51.414,1.522 51.0,1.467 50.662,1.465 50.949,1.032 50.705,0.961 50.437,0.252 50.499,-0.536 50.617,-0.661 50.617,-1.439 50.824,-1.287 51.218,-1.509 51.31,-1.47 51.44,-1.492 51.716,-1.607
EGTL-N|51.716,-1.607 51.722,-1.477 52.167,-0.407 52.226,-0.468 52.283,-0.461 52.442,-0.617 52.441,-0.238 52.315,-0.116 52.268,0.419 52.185,0.403 52.184,0.438 51.877,0.438 51.906,0.811 51.742,0.844 51.605,0.926 51.571,0.833 51.487,-0.467 51.63,-1.35 51.716,-1.607
EGTL-S|51.716,-1.607 51.63,-1.35 51.487,-0.467 51.571,0.833 51.451,0.833 51.414,1.522 51.0,1.467 50.662,1.465 50.949,1.032 50.705,0.961 50.437,0.252 50.499,-0.536 50.617,-0.661 50.617,-1.439 50.824,-1.287 51.218,-1.509 51.31,-1.47 51.44,-1.492 51.716,-1.607
EGTM|54.944,-1.934 55.062,-2.006 55.227,-1.361 55.129,-1.252 55.03,-1.227 54.836,-1.558 54.526,-1.658 54.705,-1.272 54.649,-1.144 54.582,-1.079 54.405,-1.414 54.381,-1.517 54.266,-1.283 54.433,-0.749 54.029,-0.287 54.029,0.101 53.594,0.466 53.542,0.846 53.482,0.953 52.89,0.772 53.171,-1.345 53.009,-1.794 53.207,-1.979 53.175,-2.099 52.846,-2.758 52.892,-2.837 52.928,-4.246 53.187,-5.15 53.197,-5.5 53.813,-5.5 53.804,-5.164 54.028,-5.111 54.082,-5.044 54.133,-5.169 54.269,-5.006 54.189,-4.813 54.24,-4.423 54.218,-4.261 54.503,-3.593 54.25,-3.551 54.25,-2.167 54.944,-1.934
EGTM-NE|54.944,-1.934 55.062,-2.006 55.227,-1.361 55.129,-1.252 55.03,-1.227 54.836,-1.558 54.526,-1.658 54.705,-1.272 54.649,-1.144 54.582,-1.079 54.405,-1.414 54.381,-1.517 54.266,-1.283 54.433,-0.749 54.029,-0.287 54.029,0.101 53.594,0.466 53.542,0.846 53.482,0.953 52.89,0.772 53.171,-1.345 54.25,-2.167 54.944,-1.934
EGTM-W|53.171,-1.345 53.009,-1.794 53.207,-1.979 53.175,-2.099 52.846,-2.758 52.892,-2.837 52.928,-4.246 53.187,-5.15 53.197,-5.5 53.813,-5.5 53.804,-5.164 54.028,-5.111 54.082,-5.044 54.133,-5.169 54.269,-5.006 54.189,-4.813 54.24,-4.423 54.218,-4.261 54.503,-3.593 54.25,-3.551 54.25,-2.167 53.171,-1.345
EGTT|54.944,-1.934 55.062,-2.006 55.227,-1.361 55.129,-1.252 55.03,-1.227 54.836,-1.558 54.526,-1.658 54.705,-1.272 54.649,-1.144 54.582,-1.079 54.405,-1.414 54.381,-1.517 54.266,-1.283 54.433,-0.749 54.029,-0.287 54.028,0.455 53.384,2.668 53.304,2.733 53.245,3.184 53.175,3.366 51.953,2.358 52.008,3.172 51.481,3.172 51.637,2.5 51.456,2.5 51.5,2.0 51.117,2.0 51.0,1.467 50.905,1.465 50.712,1.735 50.602,1.538 50.229,1.952 49.922,1.403 50.401,0.77 50.0,-0.25 50.0,-2.0 49.5,-2.0 49.033,-1.667 49.033,-3.0 49.831,-3.0 49.478,-4.916 49.583,-8.0 51.0,-8.0 52.334,-5.501 53.813,-5.5 53.804,-5.164 54.028,-5.111 54.082,-5.044 54.133,-5.169 54.269,-5.006 54.189,-4.813 54.24,-4.423 54.218,-4.261 54.503,-3.593 54.25,-3.551 54.25,-2.167 54.944,-1.934
EGTT-C|52.846,-2.758 53.175,-2.099 53.207,-1.979 53.009,-1.794 53.171,-1.345 53.112,-0.774 53.061,-0.728 52.431,0.66 52.419,1.471 52.57,1.903 52.472,2.779 51.953,2.358 52.008,3.172 51.481,3.172 51.637,2.5 51.456,2.5 51.5,2.0 51.383,2.0 51.451,0.833 51.571,0.833 51.738,0.602 51.801,-0.187 51.591,-1.116 51.63,-1.35 51.716,-1.607 52.548,-2.503 52.846,-2.758
EGTT-D|51.738,0.602 51.571,0.833 51.451,0.833 51.383,2.0 51.117,2.0 51.0,1.467 50.905,1.465 50.712,1.735 50.602,1.538 50.229,1.952 49.922,1.403 50.909,0.121 51.671,-0.763 51.801,-0.187 51.738,0.602
EGTT-E|52.438,0.23 52.59,0.308 52.431,0.66 52.419,1.471 52.57,1.903 52.472,2.779 51.953,2.358 52.008,3.172 51.481,3.172 51.637,2.5 51.456,2.5 51.5,2.0 51.383,2.0 51.451,0.833 51.571,0.833 51.738,0.602 51.801,-0.187 51.939,-0.13 52.041,0.257 52.441,-0.17 52.438,0.23
EGTT-H|50.401,0.77 50.0,-0.25 50.0,-2.0 49.916,-2.503 50.296,-2.457 50.62,-2.292 50.664,-2.516 50.83,-2.555 50.929,-2.0 51.257,-2.0 51.211,-1.6 51.231,-1.366 51.63,-1.35 51.591,-1.116 51.671,-0.763 50.909,0.121 50.401,0.77
EGTT-M|52.846,-2.758 53.175,-2.099 53.207,-1.979 53.009,-1.794 53.171,-1.345 53.112,-0.774 53.061,-0.728 52.59,0.308 52.438,0.23 52.441,-0.17 52.041,0.257 51.939,-0.13 51.801,-0.187 51.591,-1.116 51.653,-1.441 51.716,-1.607 52.548,-2.503 52.846,-2.758
EGTT-N|54.944,-1.934 55.062,-2.006 55.227,-1.361 55.129,-1.252 55.03,-1.227 54.836,-1.558 54.526,-1.658 54.705,-1.272 54.649,-1.144 54.582,-1.079 54.405,-1.414 54.381,-1.517 54.266,-1.283 54.433,-0.749 54.029,-0.287 54.028,0.455 53.384,2.668 53.304,2.733 53.245,3.184 53.175,3.366 52.472,2.779 52.57,1.903 52.419,1.471 52.431,0.66 53.061,-0.728 53.112,-0.774 53.171,-1.345 53.009,-1.794 53.207,-1.979 53.175,-2.099 52.846,-2.758 52.892,-2.837 52.928,-4.246 53.187,-5.15 53.197,-5.5 53.813,-5.5 53.804,-5.164 54.028,-5.111 54.082,-5.044 54.133,-5.169 54.269,-5.006 54.189,-4.813 54.24,-4.423 54.218,-4.261 54.503,-3.593 54.25,-3.551 54.25,-2.167 54.944,-1.934
EGTT-NE|54.029,-0.287 54.028,0.455 53.384,2.668 53.304,2.733 53.245,3.184 53.175,3.366 52.472,2.779 52.57,1.903 52.419,1.471 52.431,0.66 53.061,-0.728 53.112,-0.774 53.171,-1.345 54.25,-2.167 54.944,-1.934 55.062,-2.006 55.227,-1.361 55.129,-1.252 55.03,-1.227 54.836,-1.558 54.526,-1.658 54.697,-1.243 54.582,-1.079 54.405,-1.414 54.381,-1.517 54.266,-1.283 54.433,-0.749 54.029,-0.287
EGTT-NW|53.171,-1.345 53.009,-1.794 53.207,-1.979 53.175,-2.099 52.846,-2.758 52.892,-2.837 52.928,-4.246 53.187,-5.15 53.197,-5.5 53.813,-5.5 53.804,-5.164 54.028,-5.111 54.082,-5.044 54.133,-5.169 54.269,-5.006 54.189,-4.813 54.24,-4.423 54.218,-4.261 54.503,-3.593 54.25,-3.551 54.25,-2.167 53.171,-1.345
EGTT-S|50.401,0.77 50.0,-0.25 50.0,-2.0 49.916,-2.503 50.296,-2.457 50.62,-2.292 50.664,-2.516 50.83,-2.555 50.929,-2.0 51.257,-2.0 51.211,-1.6 51.231,-1.366 51.63,-1.35 51.591,-1.116 51.801,-0.187 51.738,0.602 51.571,0.833 51.451,0.833 51.383,2.0 51.117,2.0 51.0,1.467 50.905,1.465 50.712,1.735 50.602,1.538 50.229,1.952 49.922,1.403 50.401,0.77
EGTT-SC|52.846,-2.758 53.175,-2.099 53.207,-1.979 53.009,-1.794 53.171,-1.345 53.112,-0.774 53.061,-0.728 52.431,0.66 52.419,1.471 52.57,1.903 52.472,2.779 51.953,2.358 52.008,3.172 51.481,3.172 51.637,2.5 51.456,2.5 51.5,2.0 51.117,2.0 51.0,1.467 50.905,1.465 50.712,1.735 50.602,1.538 50.229,1.952 49.922,1.403 50.401,0.77 50.0,-0.25 50.0,-2.0 49.916,-2.503 50.296,-2.457 50.62,-2.292 50.664,-2.516 50.83,-2.555 50.929,-2.0 51.257,-2.0 51.211,-1.6 51.231,-1.366 51.63,-1.35 51.716,-1.607 52.548,-2.503 52.846,-2.758
EGTT-W|53.197,-5.5 53.187,-5.15 52.928,-4.246 52.892,-2.837 52.846,-2.758 52.548,-2.503 51.716,-1.607 51.63,-1.35 51.231,-1.366 51.211,-1.6 51.257,-2.0 50.929,-2.0 50.83,-2.555 50.664,-2.516 50.62,-2.292 50.296,-2.457 49.916,-2.503 50.0,-2.0 49.5,-2.0 49.033,-1.667 49.033,-3.0 49.831,-3.0 49.478,-4.916 49.583,-8.0 51.0,-8.0 52.334,-5.501 53.197,-5.5
EGVV|60.667,-10.0 61.0,-7.0 61.0,0.0 60.0,0.0 59.084,1.654 57.333,4.499 56.51,3.5 55.854,3.5 55.048,4.001 54.645,4.333 54.5,4.536 53.175,3.366 51.953,2.358 52.008,3.172 51.481,3.172 51.637,2.5 51.456,2.5 51.5,2.0 51.117,2.0 51.0,1.467 50.905,1.465 50.712,1.735 50.602,1.538 50.229,1.952 49.922,1.403 50.401,0.77 50.0,-0.25 50.0,-2.0 49.5,-2.0 49.033,-1.667 49.033,-3.0 49.831,-3.0 49.478,-4.916 49.583,-8.0 51.0,-8.0 52.334,-5.501 53.917,-5.5 54.417,-8.167 55.333,-6.917 55.417,-7.333 55.333,-8.25 54.75,-9.0 54.567,-10.0 60.667,-10.0
EGYP|-50.573,-58.419 -50.652,-57.747 -50.741,-57.434 -50.864,-57.149 -51.014,-56.9 -51.19,-56.695 -51.384,-56.541 -51.593,-56.441 -51.809,-56.401 -52.026,-56.422 -52.237,-56.505 -52.437,-56.647 -52.618,-56.845 -52.775,-57.094 -52.902,-57.385 -52.997,-57.711 -53.073,-58.419 -53.073,-62.0 -52.7,-62.24 -52.278,-62.411 -51.844,-62.459 -51.412,-62.384 -50.994,-62.192 -50.573,-61.917 -50.573,-58.419
EHAA|52.119,6.853 52.119,6.761 52.075,6.737 52.07,6.695 52.039,6.688 51.992,6.828 51.897,6.723 51.917,6.683 51.854,6.472 51.873,6.391 51.828,6.404 51.904,6.151 51.893,6.104 51.841,6.167 51.865,6.064 51.837,5.963 51.766,5.991 51.738,5.955 51.717,6.045 51.676,6.031 51.652,6.116 51.606,6.091 51.474,6.224 51.401,6.204 51.36,6.226 51.221,6.068 51.171,6.084 51.194,6.165 51.173,6.141 51.159,6.174 51.039,5.957 51.067,5.913 51.052,5.863 50.977,5.895 50.985,6.024 50.937,6.02 50.919,6.091 50.848,6.073 50.845,6.018 50.816,6.025 50.798,5.976 50.754,6.021 50.754,5.813 50.781,5.775 50.756,5.686 50.806,5.7 50.826,5.651 50.87,5.646 50.95,5.758 50.961,5.722 51.106,5.831 51.118,5.81 51.146,5.851 51.168,5.827 51.156,5.779 51.183,5.769 51.226,5.564 51.268,5.561 51.303,5.49 51.266,5.422 51.263,5.24 51.308,5.242 51.317,5.134 51.395,5.071 51.432,5.104 51.487,5.039 51.4,4.932 51.417,4.766 51.425,4.824 51.483,4.841 51.501,4.815 51.506,4.776 51.424,4.645 51.424,4.542 51.479,4.544 51.474,4.464 51.45,4.394 51.374,4.43 51.358,4.411 51.373,4.216 51.354,4.242 51.271,4.12 51.481,3.172 52.008,3.172 51.953,2.358 53.57,3.706 55.0,5.0 55.0,6.5 53.667,6.5 53.558,6.603 53.493,6.82 53.315,7.025 53.299,7.192 53.208,7.218 53.138,7.179 53.006,7.214 52.85,7.087 52.644,7.056 52.647,6.751 52.628,6.71 52.562,6.768 52.553,6.681 52.486,6.697 52.436,6.946 52.469,6.989 52.382,7.069 52.29,7.026 52.238,7.064 52.228,6.998 52.119,6.853
EIDW|53.917,-5.5 54.156,-6.776 53.75,-7.33 53.09,-7.33 52.61,-6.61 52.334,-5.501 53.917,-5.5
EISN|57.0,-15.0 57.0,-10.0 54.567,-10.0 54.75,-9.0 55.333,-8.25 55.417,-7.333 55.333,-6.917 54.417,-8.167 53.917,-5.5 52.334,-5.501 51.0,-8.0 48.494,-8.0 49.0,-15.0 57.0,-15.0
EISN-L|54.567,-10.0 54.75,-9.0 55.333,-8.25 55.417,-7.333 55.333,-6.917 54.417,-8.167 54.156,-6.776 54.114,-6.833 52.759,-6.833 52.61,-6.61 52.334,-5.501 51.0,-8.0 51.0,-15.0 54.0,-15.0 54.567,-10.0
EKDK|58.5,10.5 56.164,12.44 56.059,12.641 55.931,12.641 55.641,12.899 55.605,12.88 55.549,12.741 55.419,12.607 54.917,12.85 54.45,12.0 54.464,11.667 54.644,11.0 54.658,10.5 54.765,10.054 54.917,8.6 55.069,8.392 55.0,8.0 55.0,5.0 54.5,4.536 54.645,4.333 55.048,4.0 55.854,3.5 56.51,3.5 57.333,4.499 57.0,5.0 57.0,7.5 58.5,10.5
EKDK-E|56.523,11.956 56.6,12.069 56.164,12.44 56.059,12.641 55.931,12.641 55.641,12.899 55.605,12.88 55.549,12.741 55.419,12.607 54.917,12.85 54.45,12.0 54.464,11.667 54.644,11.0 54.658,10.5 54.765,10.054 54.917,8.6 55.774,9.415 56.15,9.527 56.468,10.119 56.359,11.271 56.523,11.956
EKDK-L|58.5,10.5 56.6,12.069 56.523,11.956 56.359,11.271 56.469,10.119 56.15,9.527 55.774,9.415 56.088,8.078 57.0,7.5 58.5,10.5
EKDK-W|58.5,10.5 56.6,12.069 56.523,11.956 56.345,12.027 55.673,10.58 55.774,9.415 54.917,8.6 55.069,8.392 55.0,8.0 55.0,5.0 54.5,4.536 54.645,4.333 55.048,4.0 55.854,3.5 56.51,3.5 57.333,4.499 57.0,5.0 57.0,7.5 58.5,10.5
ENBD|69.643,29.169 69.694,25.953 69.667,25.906 69.648,25.955 69.603,25.971 69.552,25.842 69.528,25.879 69.49,25.845 69.475,25.863 69.421,25.8 69.399,25.843 69.339,25.758 69.275,25.742 69.25,25.701 69.141,25.743 69.081,25.723 69.016,25.773 68.88,25.609 68.904,25.469 68.793,25.146 68.638,25.119 68.605,24.916 68.555,24.903 68.636,24.783 68.727,24.251 68.754,24.153 68.79,24.159 68.78,24.076 68.827,23.983 68.837,23.872 68.819,23.775 68.706,23.674 68.692,23.441 68.629,23.168 68.689,23.046 68.688,22.801 68.745,22.535 68.717,22.375 68.827,22.341 69.083,21.964 68.765,21.35 68.884,21.062 68.893,20.91 68.936,20.861 68.975,20.913 69.04,20.773 69.046,20.06 68.926,20.307 68.802,20.336 68.666,20.203 68.558,19.938 68.491,20.226 68.356,19.921 68.514,19.0 68.507,18.621 68.582,18.406 68.536,18.126 68.406,18.101 68.199,18.151 67.969,17.9 68.084,17.448 66.086,15.504 66.154,15.036 66.133,14.516 65.812,14.625 65.701,14.541 65.516,14.499 64.843,13.957 64.58,13.654 64.556,13.734 64.08,13.376 64.095,13.211 64.058,12.927 63.974,12.683 63.672,12.299 63.594,12.15 63.479,12.213 63.269,11.974 63.0,12.218 62.903,12.075 62.748,12.136 62.612,12.056 62.266,12.299 62.0,12.22 62.0,8.825 61.898,8.428 61.566,7.829 62.0,6.573 63.054,4.053 64.158,5.181 65.133,6.267 65.75,7.0 66.211,7.708 67.25,9.422 68.101,10.969 68.945,12.65 70.0,15.0 70.491,18.088 71.034,22.228 71.333,25.0 71.333,28.0 71.0,30.0 70.367,31.717 69.794,30.817 69.738,30.89 69.714,30.875 69.683,30.945 69.669,30.923 69.633,30.954 69.561,30.939 69.529,30.818 69.54,30.516 69.653,30.224 69.658,30.085 69.643,30.137 69.566,30.188 69.516,30.122 69.467,30.112 69.411,29.989 69.424,29.861 69.39,29.726 69.318,29.571 69.297,29.292 69.256,29.278 69.229,29.313 69.113,29.242 69.015,29.057 69.111,28.805 69.224,28.832 69.483,29.333 69.643,29.169
ENBD-19|62.0,11.167 62.0,10.256 62.902,10.516 63.0,10.577 63.132,10.714 63.464,11.35 63.588,11.437 63.441,12.172 63.269,11.974 63.0,12.218 62.903,12.075 62.748,12.136 62.612,12.056 62.266,12.299 62.0,12.22 62.0,11.167
ENBD-C|67.25,9.422 67.25,16.636 66.086,15.504 66.154,15.036 66.133,14.516 65.812,14.625 65.701,14.541 65.516,14.499 64.843,13.957 64.58,13.654 64.556,13.734 64.08,13.376 64.095,13.211 64.058,12.927 63.974,12.683 63.672,12.299 63.594,12.15 63.479,12.213 63.269,11.974 63.0,12.218 62.903,12.075 62.748,12.136 62.612,12.056 62.266,12.299 62.0,12.22 62.0,8.825 61.898,8.428 61.566,7.829 62.0,6.573 63.054,4.053 64.514,5.566 65.75,7.0 66.545,8.24 67.25,9.422
ENBD-E|69.643,29.169 69.694,25.953 69.667,25.906 69.648,25.955 69.603,25.971 69.552,25.842 69.528,25.879 69.49,25.845 69.475,25.863 69.421,25.8 69.399,25.843 69.339,25.758 69.275,25.742 69.25,25.701 69.141,25.743 69.081,25.723 69.016,25.773 68.88,25.609 68.904,25.469 68.793,25.146 68.638,25.119 68.605,24.916 68.555,24.903 68.636,24.783 68.727,24.251 68.754,24.153 68.79,24.159 68.78,24.076 68.827,23.983 68.837,23.872 68.819,23.775 68.706,23.674 68.692,23.441 68.629,23.168 68.689,23.046 68.688,22.801 68.745,22.535 68.717,22.375 68.827,22.341 69.083,21.964 68.766,21.38 68.772,21.311 68.884,21.062 68.893,20.91 68.936,20.861 68.975,20.913 69.027,20.814 69.06,20.549 69.703,18.997 70.366,17.255 71.034,22.228 71.333,25.0 71.333,28.0 71.0,30.0 70.367,31.717 69.794,30.817 69.738,30.89 69.714,30.875 69.683,30.945 69.669,30.923 69.633,30.954 69.561,30.939 69.529,30.818 69.54,30.516 69.653,30.224 69.658,30.085 69.643,30.137 69.566,30.188 69.516,30.122 69.467,30.112 69.411,29.989 69.424,29.861 69.39,29.726 69.318,29.571 69.297,29.292 69.256,29.278 69.229,29.313 69.113,29.242 69.015,29.057 69.111,28.805 69.224,28.832 69.483,29.333 69.643,29.169
ENBD-N|69.643,29.169 69.694,25.953 69.667,25.906 69.648,25.955 69.603,25.971 69.552,25.842 69.528,25.879 69.49,25.845 69.475,25.863 69.421,25.8 69.399,25.843 69.339,25.758 69.275,25.742 69.25,25.701 69.141,25.743 69.081,25.723 69.016,25.773 68.88,25.609 68.904,25.469 68.793,25.146 68.638,25.119 68.605,24.916 68.555,24.903 68.636,24.783 68.727,24.251 68.754,24.153 68.79,24.159 68.78,24.076 68.827,23.983 68.837,23.872 68.819,23.775 68.706,23.674 68.692,23.441 68.629,23.168 68.689,23.046 68.688,22.801 68.745,22.535 68.717,22.375 68.827,22.341 69.083,21.964 68.765,21.35 68.884,21.062 68.893,20.91 68.936,20.861 68.975,20.913 69.04,20.773 69.046,20.06 68.926,20.307 68.802,20.336 68.666,20.203 68.558,19.938 68.491,20.226 68.356,19.921 68.514,19.0 68.507,18.621 68.582,18.406 68.536,18.126 68.406,18.101 68.199,18.151 67.969,17.9 68.084,17.448 67.25,16.636 67.25,9.422 68.101,10.969 68.945,12.65 70.0,15.0 70.491,18.088 71.034,22.228 71.333,25.0 71.333,28.0 71.0,30.0 70.367,31.717 69.794,30.817 69.738,30.89 69.714,30.875 69.683,30.945 69.669,30.923 69.633,30.954 69.561,30.939 69.529,30.818 69.54,30.516 69.653,30.224 69.658,30.085 69.643,30.137 69.566,30.188 69.516,30.122 69.467,30.112 69.411,29.989 69.424,29.861 69.39,29.726 69.318,29.571 69.297,29.292 69.256,29.278 69.229,29.313 69.113,29.242 69.015,29.057 69.111,28.805 69.224,28.832 69.483,29.333 69.643,29.169
ENBD-S|64.514,5.566 64.0,9.122 63.441,12.172 63.269,11.974 63.0,12.218 62.903,12.075 62.748,12.136 62.612,12.056 62.266,12.299 62.0,12.22 62.0,8.825 61.898,8.428 61.566,7.829 62.0,6.573 63.054,4.053 64.514,5.566
ENOB|82.0,0.0 82.0,30.0 71.0,30.0 71.333,28.0 71.333,25.0 71.034,22.228 70.491,18.088 70.0,15.0 68.945,12.65 68.101,10.969 67.25,9.422 66.211,7.708 65.75,7.0 65.133,6.267 64.158,5.181 63.054,4.053 63.25,0.0 82.0,0.0
ENOR|60.624,12.503 60.466,12.632 60.283,12.532 60.15,12.549 59.983,12.399 59.893,12.173 59.904,11.973 59.842,11.849 59.746,11.978 59.685,11.946 59.63,11.676 59.227,11.843 58.947,11.73 58.867,11.533 58.9,11.433 59.083,11.333 59.024,11.154 58.983,11.117 58.892,10.639 58.5,10.5 57.0,7.5 57.0,5.0 59.084,1.654 60.0,0.0 63.25,0.0 63.054,4.053 64.158,5.181 65.133,6.267 65.75,7.0 66.211,7.708 67.25,9.422 68.101,10.969 68.945,12.65 70.0,15.0 70.491,18.088 71.034,22.228 71.333,25.0 71.333,28.0 71.0,30.0 70.367,31.717 69.794,30.817 69.738,30.89 69.714,30.875 69.683,30.945 69.669,30.923 69.633,30.954 69.561,30.939 69.529,30.818 69.54,30.516 69.653,30.224 69.658,30.085 69.643,30.137 69.566,30.188 69.516,30.122 69.467,30.112 69.411,29.989 69.424,29.861 69.39,29.726 69.318,29.571 69.297,29.292 69.256,29.278 69.229,29.313 69.113,29.242 69.011,29.041 69.111,28.805 69.224,28.832 69.483,29.333 69.643,29.169 69.694,25.953 69.667,25.906 69.648,25.955 69.603,25.971 69.552,25.842 69.528,25.879 69.49,25.845 69.475,25.863 69.421,25.8 69.399,25.843 69.339,25.758 69.275,25.742 69.25,25.701 69.141,25.743 69.081,25.723 69.016,25.773 68.88,25.609 68.904,25.469 68.793,25.146 68.638,25.119 68.605,24.916 68.555,24.903 68.636,24.783 68.727,24.251 68.754,24.153 68.79,24.159 68.78,24.076 68.827,23.983 68.837,23.872 68.819,23.775 68.706,23.674 68.692,23.441 68.629,23.168 68.689,23.046 68.688,22.801 68.745,22.535 68.717,22.375 68.827,22.341 69.083,21.964 68.765,21.35 68.884,21.062 68.893,20.91 68.936,20.861 68.975,20.913 69.04,20.773 69.046,20.06 68.926,20.307 68.802,20.336 68.666,20.203 68.558,19.938 68.491,20.226 68.356,19.921 68.514,19.0 68.507,18.621 68.582,18.406 68.536,18.126 68.406,18.101 68.199,18.151 67.969,17.9 68.084,17.448 66.086,15.504 66.154,15.036 66.133,14.516 65.812,14.625 65.701,14.541 65.516,14.499 64.843,13.957 64.58,13.654 64.556,13.734 64.08,13.376 64.095,13.211 64.058,12.927 63.974,12.683 63.672,12.299 63.594,12.15 63.479,12.213 63.269,11.974 63.0,12.218 62.903,12.075 62.748,12.136 62.612,12.056 62.266,12.299 62.0,12.22 61.566,12.565 61.366,12.865 61.05,12.682 60.624,12.503
ENOR-S|63.054,4.053 62.0,6.573 61.566,7.829 61.898,8.428 62.0,8.825 62.0,12.22 61.566,12.565 61.366,12.865 61.05,12.682 60.624,12.503 60.466,12.632 60.283,12.532 60.15,12.549 59.983,12.399 59.893,12.173 59.904,11.973 59.842,11.849 59.746,11.978 59.685,11.946 59.63,11.676 59.227,11.843 58.947,11.73 58.867,11.533 58.9,11.433 59.083,11.333 59.024,11.154 58.983,11.117 58.892,10.639 58.5,10.5 57.0,7.5 57.0,5.0 59.084,1.654 60.0,0.0 63.25,0.0 63.054,4.053
ENOR-SC|63.054,4.053 64.514,5.566 64.0,9.122 63.441,12.172 63.269,11.974 63.0,12.218 62.903,12.075 62.748,12.136 62.612,12.056 62.266,12.299 62.0,12.22 61.566,12.565 61.366,12.865 61.05,12.682 60.624,12.503 60.466,12.632 60.283,12.532 60.15,12.549 59.983,12.399 59.893,12.173 59.904,11.973 59.842,11.849 59.746,11.978 59.685,11.946 59.63,11.676 59.227,11.843 58.947,11.73 58.867,11.533 58.9,11.433 59.083,11.333 59.024,11.154 58.983,11.117 58.892,10.639 58.5,10.5 57.0,7.5 57.0,5.0 59.084,1.654 60.0,0.0 63.25,0.0 63.054,4.053
ENOS|62.0,8.825 61.898,8.428 61.538,7.779 61.029,7.683 60.672,7.112 60.363,7.112 60.307,7.406 60.294,7.981 60.249,8.295 59.595,8.297 59.4,7.5 58.742,7.5 58.508,7.89 57.303,6.374 57.0,6.547 57.0,7.5 58.5,10.5 58.892,10.639 58.983,11.117 59.024,11.154 59.083,11.333 58.9,11.433 58.867,11.533 58.947,11.73 59.227,11.843 59.63,11.676 59.685,11.946 59.746,11.978 59.842,11.849 59.904,11.973 59.893,12.173 59.983,12.399 60.15,12.549 60.283,12.532 60.466,12.632 60.624,12.503 61.05,12.682 61.366,12.865 61.566,12.565 62.0,12.22 62.0,8.825
ENOS-1|62.0,11.167 62.0,12.22 61.566,12.565 61.366,12.865 61.05,12.682 60.624,12.503 60.466,12.632 60.283,12.532 60.15,12.549 59.983,12.399 59.913,12.208 60.014,10.952 60.37,11.179 60.364,10.933 60.861,11.2 62.0,11.167
ENOS-4|58.033,9.525 58.583,9.667 58.806,9.314 59.249,9.992 59.604,10.3 60.028,10.449 59.913,12.208 59.904,11.973 59.842,11.849 59.746,11.978 59.685,11.946 59.63,11.676 59.227,11.843 58.947,11.73 58.867,11.533 58.9,11.433 59.083,11.333 59.024,11.154 58.983,11.117 58.892,10.639 58.5,10.5 58.033,9.525
ENOS-7|62.0,11.167 62.0,8.825 61.898,8.428 61.538,7.779 61.029,7.683 60.795,9.002 60.611,9.589 60.361,10.056 60.339,10.25 60.364,10.933 60.861,11.2 62.0,11.167
ENOS-8|58.926,7.5 58.965,9.056 58.583,9.667 58.033,9.525 57.0,7.5 57.0,6.547 57.303,6.374 58.508,7.89 58.742,7.5 58.926,7.5
ENSV|63.25,0.0 63.054,4.053 62.0,6.573 61.566,7.829 61.538,7.779 61.029,7.683 60.672,7.112 60.363,7.112 60.307,7.406 60.294,7.981 60.249,8.295 59.595,8.297 59.4,7.5 58.742,7.5 58.508,7.89 57.303,6.374 57.0,6.547 57.0,5.0 59.084,1.654 60.0,0.0 63.25,0.0
ENSV-E|58.926,7.5 58.85,6.66 59.685,6.207 59.876,5.72 60.551,5.86 60.544,7.112 60.363,7.112 60.307,7.406 60.294,7.981 60.249,8.295 59.595,8.297 59.4,7.5 58.926,7.5
ENSV-O|63.0,0.522 63.0,4.0 62.0,5.0 61.533,4.633 60.25,4.333 58.897,4.669 58.528,4.853 58.354,5.2 58.364,5.918 57.0,6.0 57.0,5.0 56.583,5.0 56.086,3.249 56.594,2.612 57.904,1.963 58.429,1.482 59.289,1.71 59.896,2.075 61.356,1.788 61.736,1.558 62.372,1.106 63.0,0.522
ENSV-W|61.529,0.0 61.0,4.5 60.25,4.333 58.897,4.669 58.636,4.8 58.364,5.918 57.303,6.374 57.0,6.547 57.0,5.0 59.084,1.654 60.0,0.0 61.529,0.0
EPWW|51.3,15.033 51.483,14.933 51.5,14.833 51.567,14.75 51.633,14.767 51.833,14.617 51.933,14.717 52.083,14.75 52.15,14.683 52.25,14.7 52.3,14.583 52.433,14.567 52.583,14.6 52.75,14.383 52.85,14.15 52.967,14.167 53.05,14.333 53.25,14.433 53.55,14.383 53.617,14.3 53.928,14.226 53.988,14.242 54.126,14.201 54.127,14.255 54.333,14.281 54.263,15.056 54.385,15.396 54.685,15.719 54.917,15.867 55.134,16.236 55.29,18.398 54.458,19.642 54.317,21.467 54.365,22.788 54.394,22.817 54.402,22.798 54.417,22.85 54.383,23.0 54.35,23.0 54.35,23.067 54.317,23.033 54.3,23.167 54.133,23.5 54.033,23.517 53.983,23.467 53.933,23.517 53.767,23.567 53.75,23.6 53.633,23.6 53.25,23.817 53.167,23.917 53.083,23.883 52.967,23.95 52.667,23.917 52.567,23.45 52.283,23.167 52.233,23.183 52.183,23.483 52.083,23.65 51.983,23.683 51.833,23.617 51.8,23.633 51.717,23.55 51.6,23.55 51.533,23.567 51.483,23.667 51.45,23.65 51.417,23.7 51.333,23.65 51.283,23.667 51.267,23.733 51.217,23.75 51.15,23.867 51.1,23.867 50.95,23.983 50.867,24.15 50.833,24.083 50.833,23.967 50.767,23.967 50.767,24.033 50.717,24.033 50.717,24.067 50.633,24.1 50.45,24.05 50.417,23.783 50.383,23.717 50.333,23.683 50.05,23.233 49.533,22.667 49.333,22.8 49.233,22.733 49.133,22.8 49.083,22.9 49.017,22.833 49.217,22.033 49.35,21.967 49.383,21.833 49.35,21.783 49.45,21.633 49.417,21.483 49.45,21.283 49.4,21.2 49.433,21.133 49.425,21.067 49.367,21.1 49.3,20.933 49.333,20.833 49.417,20.733 49.383,20.6 49.417,20.467 49.383,20.4 49.4,20.317 49.35,20.317 49.35,20.217 49.3,20.133 49.183,20.067 49.233,19.917 49.183,19.833 49.216,19.759 49.283,19.817 49.4,19.783 49.4,19.65 49.417,19.667 49.433,19.617 49.6,19.45 49.533,19.367 49.533,19.267 49.417,19.2 49.4,18.983 49.5,18.983 49.517,18.85 49.683,18.817 49.717,18.633 49.9,18.517 49.967,18.217 50.0,18.2 49.983,18.167 50.067,18.033 50.033,18.0 50.033,18.05 50.0,18.05 50.017,18.0 49.967,17.867 50.021,17.788 50.167,17.6 50.2,17.75 50.267,17.717 50.3,17.75 50.317,17.683 50.25,17.617 50.3,17.433 50.267,17.367 50.367,17.2 50.433,16.917 50.4,16.867 50.283,17.017 50.217,17.017 50.233,16.95 50.2,16.833 50.1,16.7 50.122,16.593 50.217,16.55 50.367,16.35 50.433,16.2 50.567,16.433 50.65,16.333 50.667,16.233 50.617,16.2 50.65,16.1 50.6,16.033 50.683,16.0 50.667,15.867 50.75,15.817 50.733,15.75 50.817,15.45 50.767,15.4 51.0,15.25 51.017,15.0 51.3,15.033
EPWW-C|52.652,18.173 52.437,19.841 52.107,20.32 51.496,20.23 51.35,19.752 51.064,19.144 51.784,18.17 52.652,18.173
EPWW-D|51.718,17.238 51.5,14.833 51.567,14.75 51.633,14.767 51.833,14.617 51.933,14.717 52.083,14.75 52.15,14.683 52.25,14.7 52.3,14.583 52.433,14.567 52.583,14.6 52.75,14.383 53.188,16.577 52.735,17.578 52.652,18.173 51.784,18.17 51.718,17.238
EPWW-DBF|51.567,14.75 51.5,14.833 51.784,18.17 52.652,18.173 52.452,19.809 52.704,20.328 52.77,20.412 53.0,20.5 54.431,19.996 54.458,19.642 55.29,18.398 55.134,16.236 54.917,15.867 54.685,15.719 54.385,15.396 54.263,15.056 54.333,14.281 54.127,14.255 54.126,14.201 53.988,14.242 53.928,14.226 53.617,14.3 53.55,14.383 53.25,14.433 53.05,14.333 52.967,14.167 52.85,14.15 52.75,14.383 52.583,14.6 52.433,14.567 52.3,14.583 52.25,14.7 52.15,14.683 52.083,14.75 51.933,14.717 51.833,14.617 51.633,14.767 51.567,14.75
EPWW-DBT|50.067,18.033 50.376,18.109 50.526,18.247 50.894,18.738 51.064,19.144 51.784,18.17 52.652,18.173 52.735,17.578 53.188,16.577 54.006,17.237 54.685,15.719 54.385,15.396 54.263,15.056 54.333,14.281 54.127,14.255 54.126,14.201 53.988,14.242 53.928,14.226 53.617,14.3 53.55,14.383 53.25,14.433 53.05,14.333 52.967,14.167 52.85,14.15 52.75,14.383 52.583,14.6 52.433,14.567 52.3,14.583 52.25,14.7 52.15,14.683 52.083,14.75 51.933,14.717 51.833,14.617 51.633,14.767 51.567,14.75 51.5,14.833 51.483,14.933 51.3,15.033 51.017,15.0 51.0,15.25 50.767,15.4 50.817,15.45 50.733,15.75 50.748,15.818 50.667,15.867 50.683,16.0 50.6,16.033 50.65,16.1 50.617,16.2 50.667,16.233 50.65,16.333 50.567,16.433 50.433,16.2 50.367,16.35 50.217,16.55 50.122,16.593 50.1,16.7 50.2,16.833 50.233,16.95 50.217,17.017 50.283,17.017 50.4,16.867 50.433,16.917 50.367,17.2 50.267,17.367 50.3,17.433 50.25,17.617 50.317,17.683 50.3,17.75 50.267,17.717 50.2,17.75 50.167,17.6 49.967,17.867 50.017,18.0 50.0,18.05 50.033,18.05 50.033,18.0 50.067,18.033
EPWW-DT|52.75,14.383 52.583,14.6 52.433,14.567 52.3,14.583 52.25,14.7 52.15,14.683 52.083,14.75 51.933,14.717 51.833,14.617 51.633,14.767 51.567,14.75 51.5,14.833 51.483,14.933 51.3,15.033 51.017,15.0 51.0,15.25 50.767,15.4 50.817,15.45 50.733,15.75 50.75,15.817 50.667,15.867 50.683,16.0 50.6,16.033 50.65,16.1 50.617,16.2 50.667,16.233 50.65,16.333 50.567,16.433 50.433,16.2 50.367,16.35 50.217,16.55 50.122,16.593 50.1,16.7 50.2,16.833 50.233,16.95 50.217,17.017 50.283,17.017 50.4,16.867 50.433,16.917 50.367,17.2 50.267,17.367 50.3,17.433 50.25,17.617 50.317,17.683 50.3,17.75 50.267,17.717 50.2,17.75 50.167,17.6 49.967,17.867 50.017,18.0 50.0,18.05 50.033,18.05 50.033,18.0 50.067,18.033 50.376,18.109 50.526,18.247 50.894,18.738 51.064,19.144 51.784,18.17 52.652,18.173 52.735,17.578 53.188,16.577 52.75,14.383
EPWW-DTC|52.75,14.383 52.583,14.6 52.433,14.567 52.3,14.583 52.25,14.7 52.15,14.683 52.083,14.75 51.933,14.717 51.833,14.617 51.633,14.767 51.567,14.75 51.5,14.833 51.483,14.933 51.3,15.033 51.017,15.0 51.0,15.25 50.767,15.4 50.817,15.45 50.733,15.75 50.75,15.817 50.667,15.867 50.683,16.0 50.6,16.033 50.65,16.1 50.617,16.2 50.667,16.233 50.65,16.333 50.567,16.433 50.433,16.2 50.367,16.35 50.217,16.55 50.122,16.593 50.1,16.7 50.2,16.833 50.233,16.95 50.217,17.017 50.283,17.017 50.4,16.867 50.433,16.917 50.367,17.2 50.267,17.367 50.3,17.433 50.25,17.617 50.317,17.683 50.3,17.75 50.267,17.717 50.2,17.75 50.167,17.6 49.967,17.867 50.017,18.0 50.0,18.05 50.033,18.05 50.033,18.0 50.067,18.033 50.376,18.109 50.526,18.247 50.894,18.738 51.35,19.752 51.496,20.23 52.107,20.32 52.452,19.809 52.735,17.578 53.188,16.577 52.75,14.383
EPWW-E|50.067,18.033 49.983,18.167 50.0,18.2 49.967,18.217 49.9,18.517 49.717,18.633 49.683,18.817 49.517,18.85 49.5,18.983 49.4,18.983 49.417,19.2 49.533,19.267 49.533,19.367 49.6,19.45 49.433,19.617 49.417,19.667 49.4,19.65 49.4,19.783 49.283,19.817 49.216,19.759 49.183,19.833 49.233,19.917 49.183,20.067 49.3,20.133 49.35,20.217 49.35,20.317 49.4,20.317 49.383,20.4 49.417,20.467 49.383,20.6 49.417,20.733 49.333,20.833 49.3,20.933 49.367,21.1 49.425,21.067 49.433,21.133 49.4,21.2 49.45,21.283 49.417,21.483 49.45,21.633 49.35,21.783 49.383,21.833 49.35,21.967 49.217,22.033 49.017,22.833 49.083,22.9 49.133,22.8 49.233,22.733 49.333,22.8 49.533,22.667 50.05,23.233 50.333,23.683 50.383,23.717 50.417,23.783 50.45,24.05 50.633,24.1 50.717,24.067 50.717,24.033 50.767,24.033 50.767,23.967 50.833,23.967 50.833,24.083 50.867,24.15 50.95,23.983 51.1,23.867 51.15,23.867 51.217,23.75 51.267,23.733 51.283,23.667 51.333,23.65 51.417,23.7 51.45,23.65 51.483,23.667 51.533,23.567 51.6,23.55 51.717,23.55 51.8,23.633 51.833,23.617 51.983,23.683 52.083,23.65 52.183,23.483 52.233,23.183 52.283,23.167 52.567,23.45 52.667,23.917 52.967,23.95 53.083,23.883 53.167,23.917 53.25,23.817 53.633,23.6 53.75,23.6 53.767,23.567 53.933,23.517 53.983,23.467 54.033,23.517 54.133,23.5 54.3,23.167 54.317,23.033 54.35,23.067 54.35,23.0 54.383,23.0 54.417,22.85 54.402,22.798 54.394,22.817 54.365,22.788 54.317,21.467 54.431,19.996 53.0,20.5 52.77,20.412 52.452,19.809 52.652,18.173 51.784,18.17 51.064,19.144 50.894,18.738 50.526,18.247 50.376,18.109 50.067,18.033
EPWW-F|54.006,17.237 54.685,15.719 54.917,15.867 55.134,16.236 55.29,18.398 54.603,19.407 54.402,18.993 54.154,18.316 54.006,17.237
EPWW-FG|54.685,15.719 54.006,17.237 53.188,16.577 52.735,17.578 52.452,19.809 52.77,20.412 53.0,20.5 54.431,19.996 54.458,19.642 55.29,18.398 55.134,16.236 54.917,15.867 54.685,15.719
EPWW-G|54.455,19.695 54.458,19.642 54.603,19.407 54.402,18.993 54.154,18.316 54.006,17.237 53.188,16.577 52.735,17.578 52.452,19.809 52.77,20.412 53.0,20.5 54.431,19.996 54.455,19.695
EPWW-J|51.496,20.23 51.47,21.148 51.237,21.282 50.843,21.311 50.441,21.293 50.199,21.366 49.93,21.175 49.4,21.2 49.433,21.133 49.425,21.067 49.367,21.1 49.3,20.933 49.333,20.833 49.417,20.733 49.383,20.6 49.417,20.467 49.383,20.4 49.4,20.317 49.35,20.317 49.35,20.217 49.3,20.133 49.183,20.067 49.233,19.917 49.183,19.833 49.216,19.759 49.283,19.817 49.4,19.783 49.4,19.65 49.417,19.667 49.433,19.617 49.6,19.45 49.533,19.367 49.533,19.267 49.417,19.2 49.4,18.983 49.5,18.983 49.517,18.85 49.683,18.817 49.717,18.633 49.9,18.517 49.967,18.217 50.0,18.2 49.983,18.167 50.067,18.033 50.376,18.109 50.526,18.247 50.894,18.738 51.35,19.752 51.496,20.23
EPWW-JR|50.067,18.033 49.983,18.167 50.0,18.2 49.967,18.217 49.9,18.517 49.717,18.633 49.683,18.817 49.517,18.85 49.5,18.983 49.4,18.983 49.417,19.2 49.533,19.267 49.533,19.367 49.6,19.45 49.433,19.617 49.417,19.667 49.4,19.65 49.4,19.783 49.283,19.817 49.216,19.759 49.183,19.833 49.233,19.917 49.183,20.067 49.3,20.133 49.35,20.217 49.35,20.317 49.4,20.317 49.383,20.4 49.417,20.467 49.383,20.6 49.417,20.733 49.333,20.833 49.3,20.933 49.367,21.1 49.425,21.067 49.433,21.133 49.4,21.2 49.45,21.283 49.417,21.483 49.45,21.633 49.35,21.783 49.383,21.833 49.35,21.967 49.217,22.033 49.017,22.833 49.083,22.9 49.133,22.8 49.233,22.733 49.333,22.8 49.533,22.667 50.05,23.233 50.333,23.683 50.383,23.717 50.417,23.783 50.45,24.05 50.633,24.1 50.717,24.067 50.717,24.033 50.767,24.033 50.767,23.967 50.833,23.967 50.833,24.083 50.867,24.15 50.95,23.983 51.1,23.867 51.15,23.867 51.217,23.75 51.267,23.733 51.283,23.667 51.333,23.65 51.417,23.7 51.45,23.65 51.483,23.667 51.533,23.567 51.717,23.55 51.8,23.633 51.833,23.617 51.983,23.683 52.083,23.65 52.183,23.483 52.183,23.417 51.949,21.908 51.803,21.785 51.47,21.148 51.496,20.23 51.35,19.752 50.894,18.738 50.684,18.453 50.376,18.109 50.067,18.033
EPWW-N|52.85,14.15 52.75,14.383 52.583,14.6 52.433,14.567 52.3,14.583 52.25,14.7 52.15,14.683 52.083,14.75 51.933,14.717 51.833,14.617 51.633,14.767 51.567,14.75 51.5,14.833 51.784,18.17 51.064,19.144 51.35,19.752 51.496,20.23 51.47,21.148 51.803,21.785 51.949,21.908 52.183,23.417 52.233,23.183 52.283,23.167 52.567,23.45 52.667,23.917 52.967,23.95 53.083,23.883 53.167,23.917 53.25,23.817 53.633,23.6 53.75,23.6 53.767,23.567 53.933,23.517 53.983,23.467 54.033,23.517 54.133,23.5 54.3,23.167 54.317,23.033 54.35,23.067 54.35,23.0 54.383,23.0 54.417,22.85 54.402,22.798 54.394,22.817 54.365,22.788 54.317,21.467 54.458,19.642 55.29,18.398 55.134,16.236 54.917,15.867 54.685,15.719 54.385,15.396 54.263,15.056 54.333,14.281 54.127,14.255 54.126,14.201 53.988,14.242 53.928,14.226 53.617,14.3 53.55,14.383 53.25,14.433 53.05,14.333 52.967,14.167 52.85,14.15
EPWW-NE|52.452,19.809 52.107,20.32 51.496,20.23 51.47,21.148 51.803,21.785 51.949,21.908 52.183,23.417 52.233,23.183 52.283,23.167 52.567,23.45 52.667,23.917 52.967,23.95 53.083,23.883 53.167,23.917 53.25,23.817 53.633,23.6 53.75,23.6 53.767,23.567 53.933,23.517 53.983,23.467 54.033,23.517 54.133,23.5 54.3,23.167 54.317,23.033 54.35,23.067 54.35,23.0 54.383,23.0 54.417,22.85 54.402,22.798 54.394,22.817 54.365,22.788 54.317,21.467 54.431,19.996 53.0,20.5 52.77,20.412 52.452,19.809
EPWW-S|51.5,14.833 51.483,14.933 51.3,15.033 51.017,15.0 51.0,15.25 50.767,15.4 50.817,15.45 50.733,15.75 50.75,15.817 50.667,15.867 50.683,16.0 50.6,16.033 50.65,16.1 50.617,16.2 50.667,16.233 50.65,16.333 50.567,16.433 50.433,16.2 50.367,16.35 50.217,16.55 50.122,16.593 50.1,16.7 50.2,16.833 50.233,16.95 50.217,17.017 50.283,17.017 50.4,16.867 50.433,16.917 50.367,17.2 50.267,17.367 50.3,17.433 50.25,17.617 50.317,17.683 50.3,17.75 50.267,17.717 50.2,17.75 50.167,17.6 49.967,17.867 50.017,18.0 50.0,18.05 50.033,18.05 50.033,18.0 50.067,18.033 49.983,18.167 50.0,18.2 49.967,18.217 49.9,18.517 49.717,18.633 49.683,18.817 49.517,18.85 49.5,18.983 49.4,18.983 49.417,19.2 49.533,19.267 49.533,19.367 49.6,19.45 49.433,19.617 49.417,19.667 49.4,19.65 49.4,19.783 49.283,19.817 49.216,19.759 49.183,19.833 49.233,19.917 49.183,20.067 49.3,20.133 49.35,20.217 49.35,20.317 49.4,20.317 49.383,20.4 49.417,20.467 49.383,20.6 49.417,20.733 49.333,20.833 49.3,20.933 49.367,21.1 49.425,21.067 49.433,21.133 49.4,21.2 49.45,21.283 49.417,21.483 49.45,21.633 49.35,21.783 49.383,21.833 49.35,21.967 49.217,22.033 49.017,22.833 49.083,22.9 49.133,22.8 49.233,22.733 49.333,22.8 49.533,22.667 50.05,23.233 50.333,23.683 50.383,23.717 50.417,23.783 50.45,24.05 50.633,24.1 50.717,24.067 50.717,24.033 50.767,24.033 50.767,23.967 50.833,23.967 50.833,24.083 50.867,24.15 50.95,23.983 51.1,23.867 51.15,23.867 51.217,23.75 51.267,23.733 51.283,23.667 51.333,23.65 51.417,23.7 51.45,23.65 51.483,23.667 51.533,23.567 51.6,23.55 51.717,23.55 51.8,23.633 51.833,23.617 51.983,23.683 52.083,23.65 52.183,23.483 52.233,23.183 52.283,23.167 52.567,23.45 52.667,23.917 52.967,23.95 53.083,23.883 53.167,23.917 53.25,23.817 53.381,23.743 53.0,20.5 52.77,20.412 52.452,19.809 52.652,18.173 51.784,18.17 51.5,14.833
EPWW-TCJ|51.5,14.833 51.483,14.933 51.3,15.033 51.017,15.0 51.0,15.25 50.767,15.4 50.817,15.45 50.733,15.75 50.75,15.817 50.667,15.867 50.683,16.0 50.6,16.033 50.65,16.1 50.617,16.2 50.667,16.233 50.65,16.333 50.567,16.433 50.433,16.2 50.367,16.35 50.217,16.55 50.122,16.593 50.1,16.7 50.2,16.833 50.233,16.95 50.217,17.017 50.283,17.017 50.4,16.867 50.433,16.917 50.367,17.2 50.267,17.367 50.3,17.433 50.25,17.617 50.317,17.683 50.3,17.75 50.267,17.717 50.2,17.75 50.167,17.6 49.967,17.867 50.017,18.0 50.0,18.05 50.033,18.05 50.033,18.0 50.067,18.033 49.983,18.167 50.0,18.2 49.967,18.217 49.9,18.517 49.717,18.633 49.683,18.817 49.517,18.85 49.5,18.983 49.4,18.983 49.417,19.2 49.533,19.267 49.533,19.367 49.6,19.45 49.433,19.617 49.417,19.667 49.4,19.65 49.4,19.783 49.283,19.817 49.216,19.759 49.183,19.833 49.233,19.917 49.183,20.067 49.3,20.133 49.35,20.217 49.35,20.317 49.4,20.317 49.383,20.4 49.417,20.467 49.383,20.6 49.417,20.733 49.333,20.833 49.3,20.933 49.367,21.1 49.425,21.067 49.433,21.133 49.4,21.2 49.93,21.175 50.199,21.366 50.441,21.293 50.843,21.311 51.237,21.282 51.47,21.148 51.496,20.23 52.107,20.32 52.452,19.809 52.652,18.173 51.784,18.17 51.5,14.833
EPWW-TM|51.718,17.238 51.5,14.833 51.483,14.933 51.3,15.033 51.017,15.0 51.0,15.25 50.767,15.4 50.817,15.45 50.733,15.75 50.75,15.817 50.667,15.867 50.683,16.0 50.6,16.033 50.65,16.1 50.617,16.2 50.667,16.233 50.65,16.333 50.567,16.433 50.433,16.2 50.367,16.35 50.217,16.55 50.122,16.593 50.1,16.7 50.2,16.833 50.233,16.95 50.217,17.017 50.283,17.017 50.4,16.867 50.433,16.917 50.367,17.2 50.267,17.367 50.3,17.433 50.25,17.617 50.317,17.683 50.3,17.75 50.267,17.717 50.2,17.75 50.167,17.6 49.967,17.867 50.017,18.0 50.0,18.05 50.033,18.05 50.033,18.0 50.067,18.033 50.376,18.109 50.526,18.247 50.894,18.738 51.064,19.144 51.784,18.17 51.718,17.238
ESAA|69.06,20.549 69.027,20.814 68.975,20.913 68.936,20.861 68.893,20.91 68.884,21.062 68.471,22.135 68.379,22.828 68.239,23.148 68.123,23.159 68.147,23.304 67.946,23.654 67.868,23.498 67.468,23.442 67.424,23.766 67.291,23.751 67.168,23.587 66.81,24.008 66.437,23.639 66.196,23.755 66.159,23.907 65.53,24.14 64.683,22.917 63.617,21.5 63.475,20.667 63.167,20.167 61.667,19.5 60.192,19.087 59.563,19.983 59.0,21.0 57.0,19.833 55.85,17.55 55.29,18.398 55.134,16.236 54.917,15.867 54.685,15.719 54.385,15.396 54.263,15.056 54.333,14.281 54.667,14.325 54.917,13.761 54.917,12.85 55.419,12.607 55.549,12.741 55.605,12.88 55.641,12.899 55.931,12.641 56.059,12.641 56.164,12.44 58.5,10.5 58.892,10.639 58.983,11.117 59.024,11.154 59.083,11.333 58.9,11.433 58.867,11.533 58.947,11.73 59.227,11.843 59.63,11.676 59.685,11.946 59.746,11.978 59.842,11.849 59.904,11.973 59.893,12.173 59.983,12.399 60.15,12.549 60.283,12.532 60.466,12.632 60.624,12.503 61.05,12.682 61.366,12.865 61.566,12.565 62.0,12.22 62.266,12.299 62.612,12.056 62.748,12.136 62.903,12.075 63.0,12.218 63.269,11.974 63.479,12.213 63.594,12.15 63.672,12.299 63.974,12.683 64.058,12.927 64.095,13.211 64.08,13.376 64.556,13.734 64.58,13.654 64.843,13.957 65.516,14.499 65.701,14.541 65.812,14.625 66.133,14.516 66.154,15.036 66.086,15.504 68.084,17.448 67.969,17.9 68.199,18.151 68.406,18.101 68.536,18.126 68.582,18.406 68.507,18.621 68.514,19.0 68.356,19.921 68.491,20.226 68.558,19.938 68.666,20.203 68.802,20.336 68.926,20.307 69.046,20.06 69.06,20.549
ESMM|59.63,11.676 59.685,11.946 59.746,11.978 59.842,11.849 59.904,11.973 59.893,12.173 59.513,13.171 58.905,14.62 58.788,14.339 58.458,14.188 58.243,14.164 58.034,13.968 57.537,13.607 57.431,14.105 57.227,14.629 57.121,14.533 56.689,15.116 56.35,15.126 56.338,15.632 56.605,16.337 56.867,16.772 57.784,20.275 57.0,19.833 55.85,17.55 55.29,18.398 55.134,16.236 54.917,15.867 54.685,15.719 54.385,15.396 54.263,15.056 54.333,14.281 54.667,14.325 54.917,13.761 54.917,12.85 55.419,12.607 55.549,12.741 55.605,12.88 55.641,12.899 55.931,12.641 56.059,12.641 56.164,12.44 58.5,10.5 58.892,10.639 58.983,11.117 59.024,11.154 59.083,11.333 58.9,11.433 58.867,11.533 58.947,11.73 59.227,11.843 59.63,11.676
ESMM-4|59.63,11.676 59.685,11.946 59.746,11.978 59.842,11.849 59.904,11.973 59.893,12.173 59.513,13.171 58.905,14.62 58.788,14.339 58.458,14.188 58.243,14.164 58.034,13.968 57.537,13.607 57.767,13.199 57.227,12.696 56.986,11.766 58.5,10.5 58.892,10.639 58.983,11.117 59.024,11.154 59.083,11.333 58.9,11.433 58.867,11.533 58.947,11.73 59.227,11.843 59.63,11.676
ESMM-5|59.63,11.676 59.685,11.946 59.746,11.978 59.842,11.849 59.904,11.973 59.893,12.173 59.513,13.171 58.905,14.62 58.788,14.339 58.458,14.188 58.243,14.164 58.034,13.968 57.537,13.607 57.431,14.105 57.227,14.629 57.121,14.533 56.689,15.116 56.628,15.118 55.881,13.704 55.914,13.521 55.816,13.11 55.641,12.899 55.931,12.641 56.059,12.641 56.164,12.44 58.5,10.5 58.892,10.639 58.983,11.117 59.024,11.154 59.083,11.333 58.9,11.433 58.867,11.533 58.947,11.73 59.227,11.843 59.63,11.676
ESMM-7|55.816,13.11 55.914,13.521 55.881,13.704 56.628,15.118 56.35,15.126 56.338,15.632 56.605,16.337 56.867,16.772 57.784,20.275 57.0,19.833 55.85,17.55 55.29,18.398 55.134,16.236 54.917,15.867 54.685,15.719 54.385,15.396 54.263,15.056 54.333,14.281 54.667,14.325 54.917,13.761 54.917,12.85 55.419,12.607 55.549,12.741 55.605,12.88 55.816,13.11
ESMM-8|55.816,13.11 55.914,13.521 55.881,13.704 56.628,15.118 56.35,15.126 56.338,15.632 56.605,16.337 56.867,16.772 57.023,17.4 56.641,18.03 56.629,19.075 55.85,17.55 55.29,18.398 55.134,16.236 54.917,15.867 54.685,15.719 54.385,15.396 54.263,15.056 54.333,14.281 54.667,14.325 54.917,13.761 54.917,12.85 55.419,12.607 55.549,12.741 55.605,12.88 55.816,13.11
ESMM-K|57.767,13.199 57.537,13.607 57.431,14.105 57.227,14.629 57.121,14.533 56.689,15.116 56.35,15.126 55.949,15.063 55.337,14.737 54.917,14.357 54.667,14.325 54.917,13.761 54.917,12.85 55.419,12.607 55.549,12.741 55.605,12.88 55.641,12.899 55.931,12.641 56.059,12.641 56.164,12.44 56.986,11.766 57.227,12.696 57.767,13.199
ESOS|69.06,20.549 69.027,20.814 68.975,20.913 68.936,20.861 68.893,20.91 68.884,21.062 68.471,22.135 68.379,22.828 68.239,23.148 68.123,23.159 68.147,23.304 67.946,23.654 67.868,23.498 67.468,23.442 67.424,23.766 67.291,23.751 67.168,23.587 66.81,24.008 66.437,23.639 66.196,23.755 66.159,23.907 65.53,24.14 64.683,22.917 63.617,21.5 63.475,20.667 63.167,20.167 61.667,19.5 60.192,19.087 59.563,19.983 59.0,21.0 57.784,20.275 56.867,16.772 56.605,16.337 56.338,15.632 56.35,15.126 56.689,15.116 57.121,14.533 57.227,14.629 57.431,14.105 57.537,13.607 58.034,13.968 58.243,14.164 58.458,14.188 58.788,14.339 58.905,14.62 59.513,13.171 59.893,12.173 59.983,12.399 60.15,12.549 60.283,12.532 60.466,12.632 60.624,12.503 61.05,12.682 61.366,12.865 61.566,12.565 62.0,12.22 62.266,12.299 62.612,12.056 62.748,12.136 62.903,12.075 63.0,12.218 63.269,11.974 63.479,12.213 63.594,12.15 63.672,12.299 63.974,12.683 64.058,12.927 64.095,13.211 64.08,13.376 64.556,13.734 64.58,13.654 64.843,13.957 65.516,14.499 65.701,14.541 65.812,14.625 66.133,14.516 66.154,15.036 66.086,15.504 68.084,17.448 67.969,17.9 68.199,18.151 68.406,18.101 68.536,18.126 68.582,18.406 68.507,18.621 68.514,19.0 68.356,19.921 68.491,20.226 68.558,19.938 68.666,20.203 68.802,20.336 68.926,20.307 69.046,20.06 69.06,20.549
ESOS-1|61.667,19.5 60.192,19.087 59.563,19.983 59.0,21.0 57.784,20.275 56.867,16.772 56.605,16.337 56.338,15.632 56.35,15.126 56.689,15.116 57.121,14.533 57.227,14.629 57.431,14.105 57.537,13.607 58.034,13.968 58.243,14.164 58.458,14.188 58.788,14.339 58.905,14.62 59.513,13.171 59.893,12.173 59.983,12.399 60.15,12.549 60.283,12.532 60.466,12.632 60.624,12.503 61.05,12.682 61.366,12.865 61.072,14.571 60.465,16.332 60.369,16.9 61.142,17.513 61.63,18.408 61.667,19.5
ESOS-9|60.192,19.087 59.563,19.983 59.0,21.0 57.784,20.275 56.867,16.772 56.605,16.337 56.338,15.632 56.35,15.126 56.689,15.116 57.121,14.533 57.227,14.629 57.431,14.105 57.537,13.607 58.034,13.968 58.243,14.164 58.65,15.179 58.782,15.806 59.324,16.318 60.111,17.302 60.192,19.087
ESOS-K|69.06,20.549 69.027,20.814 68.975,20.913 68.936,20.861 68.893,20.91 68.884,21.062 68.471,22.135 68.379,22.828 68.239,23.148 68.123,23.159 68.147,23.304 67.946,23.654 67.868,23.498 67.468,23.442 67.424,23.766 67.291,23.751 67.168,23.587 66.81,24.008 66.437,23.639 66.196,23.755 66.159,23.907 65.53,24.14 64.683,22.917 63.617,21.5 63.475,20.667 63.167,20.167 61.667,19.5 60.192,19.087 60.111,17.302 60.369,16.9 60.465,16.332 61.072,14.571 61.366,12.865 61.566,12.565 62.0,12.22 62.266,12.299 62.612,12.056 62.748,12.136 62.903,12.075 63.0,12.218 63.269,11.974 63.479,12.213 63.594,12.15 63.672,12.299 63.974,12.683 64.058,12.927 64.095,13.211 64.08,13.376 64.556,13.734 64.58,13.654 64.843,13.957 65.516,14.499 65.701,14.541 65.812,14.625 66.133,14.516 66.154,15.036 66.086,15.504 68.084,17.448 67.969,17.9 68.199,18.151 68.406,18.101 68.536,18.126 68.582,18.406 68.507,18.621 68.514,19.0 68.356,19.921 68.491,20.226 68.558,19.938 68.666,20.203 68.802,20.336 68.926,20.307 69.046,20.06 69.06,20.549
ESOS-N|69.06,20.549 69.027,20.814 68.975,20.913 68.936,20.861 68.893,20.91 68.884,21.062 68.471,22.135 68.379,22.828 68.239,23.148 68.123,23.159 68.147,23.304 67.946,23.654 67.868,23.498 67.468,23.442 67.424,23.766 67.291,23.751 67.168,23.587 66.81,24.008 66.437,23.639 66.196,23.755 66.159,23.907 65.53,24.14 64.683,22.917 63.617,21.5 63.475,20.667 63.167,20.167 61.667,19.5 60.192,19.087 60.111,17.302 59.324,16.318 58.782,15.806 58.65,15.179 58.243,14.164 58.458,14.188 58.788,14.339 58.905,14.62 59.513,13.171 59.893,12.173 59.983,12.399 60.15,12.549 60.283,12.532 60.466,12.632 60.624,12.503 61.05,12.682 61.366,12.865 61.566,12.565 62.0,12.22 62.266,12.299 62.612,12.056 62.748,12.136 62.903,12.075 63.0,12.218 63.269,11.974 63.479,12.213 63.594,12.15 63.672,12.299 63.974,12.683 64.058,12.927 64.095,13.211 64.08,13.376 64.556,13.734 64.58,13.654 64.843,13.957 65.516,14.499 65.701,14.541 65.812,14.625 66.133,14.516 66.154,15.036 66.086,15.504 68.084,17.448 67.969,17.9 68.199,18.151 68.406,18.101 68.536,18.126 68.582,18.406 68.507,18.621 68.514,19.0 68.356,19.921 68.491,20.226 68.558,19.938 68.666,20.203 68.802,20.336 68.926,20.307 69.046,20.06 69.06,20.549
EVRR|58.021,21.543 57.787,21.717 57.749,21.916 57.779,22.143 57.928,22.584 57.941,22.707 57.586,23.181 57.594,23.406 57.67,23.582 57.783,23.649 57.899,23.601 57.917,24.261 57.874,24.357 58.09,25.15 57.854,25.916 57.51,26.53 57.61,26.91 57.517,27.333 57.539,27.53 57.501,27.568 57.458,27.512 57.44,27.524 57.352,27.769 57.274,27.869 57.165,27.825 57.103,27.733 57.081,27.757 57.015,27.716 56.938,27.731 56.911,27.674 56.846,27.671 56.876,27.852 56.82,27.977 56.752,27.902 56.661,28.017 56.587,28.057 56.572,28.142 56.522,28.11 56.45,28.179 56.368,28.181 56.279,28.247 56.194,28.187 55.807,27.556 55.813,26.978 55.681,26.631 55.986,25.948 56.173,25.138 56.446,24.888 56.369,24.63 56.262,24.469 56.279,24.065 56.371,23.756 56.314,23.507 56.372,23.26 56.347,23.177 56.427,22.142 56.294,21.535 56.069,21.064 56.067,20.667 56.345,18.506 57.0,19.833 58.413,20.643 58.117,21.483 58.021,21.543
EYVL|56.095,18.019 56.345,18.506 56.067,20.667 56.069,21.064 56.294,21.535 56.427,22.142 56.347,23.177 56.372,23.26 56.314,23.507 56.371,23.756 56.279,24.065 56.262,24.469 56.369,24.63 56.446,24.888 56.173,25.138 55.986,25.948 55.681,26.631 55.607,26.647 55.319,26.459 55.302,26.81 55.296,26.852 55.265,26.856 55.143,26.669 55.101,26.451 55.138,26.272 55.0,26.217 54.881,25.855 54.786,25.771 54.556,25.729 54.329,25.585 54.245,25.779 54.167,25.783 54.136,25.715 54.155,25.572 54.253,25.543 54.267,25.457 54.252,25.32 54.066,24.807 53.971,24.803 53.948,24.747 53.995,24.657 53.891,24.411 53.939,24.196 53.909,23.618 53.933,23.517 53.983,23.467 54.033,23.517 54.133,23.5 54.217,23.367 54.25,23.233 54.3,23.167 54.317,23.033 54.35,23.067 54.35,23.0 54.383,23.0 54.417,22.85 54.402,22.757 54.499,22.695 54.603,22.698 54.641,22.751 54.709,22.733 54.797,22.881 54.84,22.871 54.903,22.846 55.02,22.612 55.072,22.581 55.048,22.469 55.064,22.232 55.026,22.071 55.086,22.035 55.076,21.952 55.188,21.627 55.194,21.502 55.291,21.389 55.246,21.276 55.282,20.957 56.095,18.019
EYVL-E|55.072,22.581 55.254,23.371 55.464,23.812 55.873,24.032 56.371,23.756 56.279,24.065 56.262,24.469 56.369,24.63 56.446,24.888 56.173,25.138 55.986,25.948 55.681,26.631 55.607,26.647 55.319,26.459 55.302,26.81 55.296,26.852 55.265,26.856 55.143,26.669 55.101,26.451 55.138,26.272 55.0,26.217 54.881,25.855 54.786,25.771 54.556,25.729 54.329,25.585 54.245,25.779 54.167,25.783 54.136,25.715 54.155,25.572 54.253,25.543 54.252,25.32 54.066,24.807 53.971,24.803 53.948,24.747 53.995,24.657 53.891,24.411 53.939,24.196 53.9,23.8 53.933,23.517 53.983,23.467 54.033,23.517 54.133,23.5 54.217,23.367 54.25,23.233 54.3,23.167 54.317,23.033 54.35,23.067 54.35,23.0 54.383,23.0 54.417,22.85 54.402,22.757 54.499,22.695 54.603,22.698 54.641,22.751 54.709,22.733 54.797,22.881 54.84,22.871 54.903,22.846 55.02,22.612 55.072,22.581
FACA|-34.83,15.0 -30.5,15.0 -30.52,21.27 -31.34,23.76 -30.97,26.32 -30.79,28.02 -33.0,32.0 -37.0,28.0 -37.0,15.0 -34.83,15.0
FACA-E|-32.82,22.12 -31.34,23.76 -30.97,26.32 -30.79,28.02 -33.0,32.0 -37.0,28.0 -37.0,21.73 -32.82,22.12
FACA-W|-35.5,15.0 -30.5,15.0 -30.52,21.27 -31.34,23.76 -32.82,22.12 -37.0,21.73 -37.0,15.0 -35.5,15.0
FAJA|-27.5,17.0 -27.5,21.0 -26.833,20.999 -26.867,21.167 -26.817,21.417 -26.85,21.7 -26.783,21.783 -26.7,21.767 -26.65,21.817 -26.667,21.95 -26.617,22.05 -26.333,22.25 -26.317,22.35 -26.217,22.433 -26.217,22.533 -26.017,22.733 -25.617,22.833 -25.3,23.0 -25.267,23.233 -25.3,23.533 -25.633,23.933 -25.617,24.2 -25.767,24.367 -25.733,24.45 -25.817,24.617 -25.8,24.9 -25.7,25.017 -25.767,25.133 -25.767,25.333 -25.633,25.583 -24.917,25.883 -24.75,25.85 -24.642,26.417 -24.4,26.6 -24.383,26.667 -24.3,26.733 -24.267,26.85 -23.667,27.0 -23.4,27.35 -23.4,27.533 -23.217,27.617 -23.233,27.733 -23.067,27.917 -22.967,27.95 -22.883,28.05 -22.833,28.05 -22.567,28.35 -22.567,28.517 -22.45,28.917 -22.217,29.033 -22.217,29.15 -22.167,29.2 -22.2,29.35 -22.14,29.64 -22.19,29.91 -22.31,30.13 -22.29,30.23 -22.36,30.28 -22.31,30.83 -22.36,31.06 -22.33,31.16 -22.37,31.19 -22.37,31.26 -22.417,31.317 -23.185,31.566 -23.418,31.541 -23.485,31.566 -23.618,31.691 -23.735,31.7 -23.885,31.766 -23.951,31.883 -24.184,31.9 -24.302,31.983 -25.135,32.05 -25.367,32.033 -25.518,31.966 -25.518,32.0 -25.626,32.016 -25.834,31.933 -25.984,32.0 -26.018,32.1 -26.168,32.125 -26.418,32.083 -26.518,32.133 -26.836,32.134 -26.867,32.383 -26.851,32.894 -27.833,35.0 -33.0,32.0 -30.79,28.02 -30.97,26.32 -31.34,23.76 -30.52,21.27 -30.5,15.0 -27.5,15.0 -27.5,17.0
FAJA-C|-30.396,21.43 -30.52,21.27 -31.34,23.76 -31.075,25.591 -28.494,27.726 -27.765,24.771 -30.396,21.43
FAJA-E|-28.494,27.726 -31.075,25.591 -30.79,28.02 -33.0,32.0 -27.833,35.0 -26.851,32.894 -26.867,32.383 -26.834,32.225 -26.862,32.183 -26.808,32.134 -26.806,32.024 -27.304,31.977 -27.317,31.18 -28.435,28.327 -28.494,27.726
FAJA-N|-25.633,25.583 -24.917,25.883 -24.75,25.85 -24.642,26.417 -24.4,26.6 -24.383,26.667 -24.3,26.733 -24.267,26.85 -23.667,27.0 -23.4,27.35 -23.4,27.533 -23.217,27.617 -23.233,27.733 -23.067,27.917 -22.967,27.95 -22.883,28.05 -22.833,28.05 -22.567,28.35 -22.567,28.517 -22.45,28.917 -22.217,29.033 -22.217,29.15 -22.167,29.2 -22.2,29.35 -22.14,29.64 -22.19,29.91 -22.31,30.13 -22.29,30.23 -22.36,30.28 -22.31,30.83 -22.36,31.06 -22.33,31.16 -22.37,31.19 -22.37,31.26 -22.417,31.317 -23.185,31.566 -23.418,31.541 -23.485,31.566 -23.618,31.691 -23.735,31.7 -23.885,31.766 -23.951,31.883 -24.184,31.9 -24.302,31.983 -25.135,32.05 -25.367,32.033 -25.518,31.966 -25.518,32.0 -25.626,32.016 -25.834,31.933 -25.984,32.0 -26.018,32.1 -26.168,32.125 -26.418,32.083 -26.518,32.133 -26.808,32.134 -26.811,32.013 -27.304,31.977 -27.317,31.18 -28.435,28.328 -28.494,27.726 -27.764,24.771 -27.106,25.594 -25.633,25.583
FAJA-NE|-26.145,28.243 -26.425,30.801 -26.829,30.808 -27.317,31.18 -27.304,31.977 -26.811,32.013 -26.808,32.134 -26.518,32.133 -26.418,32.083 -26.168,32.125 -26.018,32.1 -25.984,32.0 -25.834,31.933 -25.626,32.016 -25.518,32.0 -25.518,31.966 -25.367,32.033 -25.135,32.05 -24.409,32.0 -24.302,31.983 -24.184,31.9 -23.951,31.883 -23.885,31.766 -23.735,31.7 -23.618,31.691 -23.485,31.566 -23.418,31.541 -23.185,31.566 -22.417,31.317 -22.37,31.26 -22.37,31.19 -22.33,31.16 -22.36,31.06 -22.31,30.83 -22.36,30.28 -22.29,30.23 -22.31,30.13 -22.19,29.91 -22.14,29.64 -22.2,29.35 -22.167,29.2 -22.217,29.15 -22.217,29.033 -26.145,28.243
FAJA-NW|-26.145,28.243 -25.633,25.583 -24.917,25.883 -24.75,25.85 -24.642,26.417 -24.4,26.6 -24.383,26.667 -24.3,26.733 -24.267,26.85 -23.667,27.0 -23.4,27.35 -23.4,27.533 -23.217,27.617 -23.233,27.733 -23.067,27.917 -22.967,27.95 -22.883,28.05 -22.833,28.05 -22.567,28.35 -22.567,28.517 -22.45,28.917 -22.217,29.033 -26.145,28.243
FAJA-S|-30.52,21.27 -31.34,23.76 -30.97,26.319 -30.79,28.02 -33.0,32.0 -27.833,35.0 -26.851,32.894 -26.867,32.383 -26.834,32.225 -26.862,32.183 -26.808,32.134 -26.806,32.024 -27.304,31.977 -27.317,31.18 -28.435,28.328 -28.494,27.726 -27.765,24.771 -27.106,25.594 -25.633,25.583 -25.767,25.333 -25.767,25.133 -25.7,25.017 -25.8,24.9 -25.817,24.617 -25.733,24.45 -25.767,24.367 -25.617,24.2 -25.633,23.933 -25.3,23.533 -25.267,23.233 -25.3,23.0 -25.617,22.833 -26.017,22.733 -26.217,22.533 -26.217,22.433 -26.317,22.35 -26.333,22.25 -26.617,22.05 -26.667,21.95 -26.65,21.817 -26.7,21.767 -26.783,21.783 -26.85,21.7 -26.817,21.417 -26.867,21.167 -26.833,20.999 -27.5,21.0 -27.5,15.0 -30.5,15.0 -30.52,21.27
FAJA-SE|-26.145,28.243 -28.441,27.51 -28.494,27.726 -28.435,28.328 -27.317,31.18 -26.829,30.808 -26.425,30.801 -26.145,28.243
FAJA-SW|-27.106,25.594 -27.764,24.771 -28.441,27.51 -26.145,28.243 -25.633,25.583 -27.106,25.594
FAJA-W|-27.5,17.0 -27.5,15.0 -30.5,15.0 -30.52,21.27 -27.106,25.594 -25.633,25.583 -25.767,25.333 -25.767,25.133 -25.7,25.017 -25.8,24.9 -25.817,24.617 -25.733,24.45 -25.767,24.367 -25.617,24.2 -25.633,23.933 -25.3,23.533 -25.267,23.233 -25.3,23.0 -25.617,22.833 -26.017,22.733 -26.217,22.533 -26.217,22.433 -26.317,22.35 -26.333,22.25 -26.617,22.05 -26.667,21.95 -26.65,21.817 -26.7,21.767 -26.783,21.783 -26.85,21.7 -26.817,21.417 -26.867,21.167 -26.833,20.999 -27.5,21.0 -27.5,17.0
FAJO|-20.0,-10.0 -18.0,-5.0 -18.0,10.0 -17.486,11.2 -27.5,14.765 -27.5,15.0 -37.0,15.0 -37.0,28.0 -33.0,32.0 -27.833,35.0 -30.0,40.0 -30.0,57.0 -45.0,57.0 -45.0,75.0 -90.0,75.0 -90.0,-10.0 -20.0,-10.0
FAMR|-25.361,30.653 -25.154,30.793 -25.086,31.015 -25.115,31.15 -25.282,31.294 -25.341,31.401 -25.337,31.889 -25.367,32.033 -25.135,32.05 -24.409,32.0 -24.302,31.983 -24.184,31.9 -23.951,31.883 -23.885,31.766 -23.735,31.7 -23.618,31.691 -23.485,31.566 -23.418,31.541 -23.185,31.566 -22.417,31.317 -22.37,31.26 -22.37,31.19 -22.33,31.16 -22.36,31.06 -22.31,30.83 -22.36,30.28 -22.29,30.23 -22.31,30.13 -22.19,29.91 -22.14,29.64 -22.344,29.573 -22.311,29.481 -24.123,28.653 -25.637,29.674 -25.361,30.653
FASA|-27.5,15.0 -27.5,21.0 -26.833,21.0 -26.867,21.167 -26.817,21.417 -26.85,21.7 -26.783,21.783 -26.7,21.767 -26.65,21.817 -26.667,21.95 -26.617,22.05 -26.333,22.25 -26.317,22.35 -26.217,22.433 -26.217,22.533 -26.017,22.733 -25.617,22.833 -25.3,23.0 -25.267,23.233 -25.3,23.533 -25.633,23.933 -25.617,24.2 -25.767,24.367 -25.733,24.45 -25.817,24.617 -25.8,24.9 -25.7,25.017 -25.767,25.133 -25.767,25.333 -25.633,25.583 -24.917,25.883 -24.75,25.85 -24.642,26.417 -24.4,26.6 -24.383,26.667 -24.3,26.733 -24.267,26.85 -23.667,27.0 -23.4,27.35 -23.4,27.533 -23.217,27.617 -23.233,27.733 -23.067,27.917 -22.967,27.95 -22.883,28.05 -22.833,28.05 -22.567,28.35 -22.567,28.517 -22.45,28.917 -22.217,29.033 -22.217,29.15 -22.167,29.2 -22.2,29.35 -22.14,29.64 -22.19,29.91 -22.31,30.13 -22.29,30.23 -22.36,30.28 -22.31,30.83 -22.36,31.06 -22.33,31.16 -22.37,31.19 -22.37,31.26 -22.417,31.317 -23.185,31.566 -23.418,31.541 -23.485,31.566 -23.618,31.691 -23.735,31.7 -23.885,31.766 -23.951,31.883 -24.184,31.9 -24.302,31.983 -25.135,32.05 -25.367,32.033 -25.518,31.966 -25.518,32.0 -25.626,32.016 -25.834,31.933 -25.984,32.0 -26.018,32.1 -26.168,32.125 -26.418,32.083 -26.518,32.133 -26.836,32.134 -26.867,32.383 -26.851,32.894 -27.833,35.0 -33.0,32.0 -37.0,28.0 -37.0,15.0 -27.5,15.0
FBGR|-18.317,20.999 -18.317,21.465 -18.001,23.099 -18.001,23.315 -18.167,23.382 -18.292,23.532 -18.484,23.582 -18.509,23.615 -18.217,23.932 -18.017,24.215 -18.034,24.282 -17.951,24.365 -17.968,24.448 -18.063,24.507 -18.063,24.582 -17.951,24.665 -17.793,24.961 -17.834,25.007 -17.809,25.048 -17.843,25.069 -17.784,25.157 -17.795,25.263 -17.9,25.233 -18.067,25.317 -18.121,25.4 -18.383,25.533 -18.6,25.717 -18.6,25.767 -18.833,25.817 -18.9,25.933 -19.017,25.992 -19.092,25.958 -19.267,26.067 -19.55,26.167 -19.583,26.317 -19.617,26.35 -19.667,26.317 -19.667,26.383 -19.75,26.433 -19.8,26.567 -19.867,26.6 -19.883,26.7 -19.933,26.717 -20.017,26.967 -20.017,27.05 -20.083,27.1 -20.083,27.2 -20.267,27.283 -20.483,27.283 -20.483,27.683 -20.517,27.717 -20.6,27.683 -20.7,27.725 -20.95,27.717 -21.067,27.683 -21.183,27.8 -21.567,28.017 -21.6,28.3 -21.667,28.517 -21.633,28.6 -21.775,28.95 -21.767,28.992 -21.819,29.078 -22.2,29.35 -22.167,29.2 -22.217,29.15 -22.217,29.033 -22.45,28.917 -22.567,28.517 -22.567,28.35 -22.833,28.05 -22.883,28.05 -22.967,27.95 -23.067,27.917 -23.233,27.733 -23.217,27.617 -23.4,27.533 -23.4,27.35 -23.667,27.0 -24.267,26.85 -24.3,26.733 -24.383,26.667 -24.4,26.6 -24.642,26.417 -24.75,25.85 -24.917,25.883 -25.633,25.583 -25.767,25.333 -25.767,25.133 -25.7,25.017 -25.8,24.9 -25.817,24.617 -25.733,24.45 -25.767,24.367 -25.617,24.2 -25.633,23.933 -25.3,23.533 -25.267,23.233 -25.3,23.0 -25.617,22.833 -26.017,22.733 -26.217,22.533 -26.217,22.433 -26.317,22.35 -26.333,22.25 -26.617,22.05 -26.667,21.95 -26.65,21.817 -26.7,21.767 -26.783,21.783 -26.85,21.7 -26.817,21.417 -26.867,21.167 -26.8,20.9 -26.867,20.7 -26.467,20.6 -26.15,20.867 -25.867,20.817 -25.667,20.683 -25.467,20.65 -25.0,20.333 -24.867,20.117 -24.751,20.0 -22.0,20.0 -22.0,21.0 -18.317,20.999
FCCC|3.0,6.583 4.7,8.539 4.812,8.549 4.833,8.633 4.867,8.603 4.909,8.624 5.192,8.822 5.453,8.841 5.586,8.903 5.706,8.817 5.778,8.875 5.82,8.838 6.153,9.187 6.184,9.266 6.356,9.349 6.317,9.432 6.45,9.466 6.438,9.532 6.532,9.599 6.517,9.706 6.8,9.782 6.774,9.874 7.038,10.162 6.942,10.175 6.894,10.216 6.902,10.491 6.95,10.547 7.166,10.573 7.081,10.601 6.957,10.768 6.933,10.847 6.85,10.821 6.771,10.912 6.708,10.918 6.686,11.0 6.718,11.069 6.683,11.1 6.548,11.099 6.539,11.133 6.583,11.149 6.522,11.24 6.542,11.272 6.5,11.35 6.664,11.556 6.825,11.6 6.875,11.561 7.062,11.72 7.075,11.846 7.3,11.808 7.542,12.033 7.673,12.021 7.846,12.101 7.933,12.192 8.0,12.217 8.0,24.967 7.76,25.284 7.55,25.15 7.35,25.333 6.985,26.017 6.833,26.067 6.635,26.367 6.45,26.233 6.201,26.467 6.1,26.4 5.968,26.717 5.693,27.167 5.533,27.233 5.417,27.183 5.017,27.467 5.2,27.167 5.2,27.0 5.083,26.917 5.083,26.417 5.25,26.167 5.2,25.883 5.367,25.567 5.333,25.367 5.033,25.333 4.917,24.75 5.097,24.443 4.958,24.233 4.604,23.373 4.817,22.937 4.626,22.74 4.126,22.45 4.114,22.294 4.23,22.02 4.233,21.903 4.301,21.718 4.3,21.65 4.246,21.556 4.332,21.256 4.283,21.221 4.445,20.978 4.399,20.556 4.733,20.361 5.119,19.747 5.132,19.433 4.898,19.097 4.588,18.854 4.417,18.783 4.35,18.667 4.356,18.591 4.309,18.544 4.095,18.649 3.764,18.584 3.471,18.635 3.192,18.643 3.034,18.524 2.268,18.117 1.521,18.068 1.0,17.833 0.789,17.892 0.35,17.933 0.167,17.783 -0.167,17.717 -0.5,17.75 -1.0,17.2 -2.25,16.167 -3.217,16.25 -3.967,15.917 -4.083,15.5 -4.833,14.833 -4.867,14.417 -4.333,14.417 -4.5,14.0 -4.417,13.833 -4.883,13.467 -4.583,13.167 -4.617,13.083 -4.35,12.767 -4.483,12.7 -4.6,12.467 -4.817,12.283 -4.783,12.2 -4.9,12.167 -5.033,12.0 -5.083,12.0 -5.5,8.833 -4.167,6.583 3.0,6.583
FIMM|-10.0,55.5 -10.0,60.0 -6.0,60.0 -6.0,75.0 -45.0,75.0 -45.0,57.0 -22.333,57.0 -19.0,55.5 -10.0,55.5
FLFI|-13.002,22.0 -13.002,23.0 -11.002,24.333 -12.002,25.5 -12.002,28.0 -8.119,29.884 -8.219,30.767 -8.585,31.024 -8.614,31.389 -8.718,31.578 -8.839,31.583 -8.901,31.669 -8.931,31.93 -9.035,31.95 -9.136,32.265 -9.132,32.458 -9.245,32.547 -9.305,32.764 -9.406,32.954 -9.492,32.948 -9.526,33.03 -9.641,33.004 -9.634,33.058 -9.696,33.097 -9.603,33.122 -9.622,33.213 -9.725,33.227 -9.81,33.284 -9.829,33.345 -9.914,33.383 -10.064,33.318 -10.231,33.562 -10.375,33.548 -10.58,33.684 -10.571,33.707 -10.824,33.452 -10.811,33.394 -10.893,33.245 -10.944,33.313 -11.069,33.331 -11.155,33.406 -11.336,33.306 -11.361,33.318 -11.383,33.282 -11.425,33.295 -11.441,33.28 -11.401,33.24 -11.428,33.226 -11.528,33.249 -11.591,33.225 -11.579,33.287 -11.605,33.317 -11.804,33.334 -12.152,33.265 -12.165,33.311 -12.254,33.312 -12.347,33.365 -12.325,33.476 -12.332,33.534 -12.366,33.552 -12.561,33.36 -12.518,33.315 -12.638,33.193 -12.595,33.087 -12.655,33.015 -12.751,32.963 -12.839,32.956 -12.911,33.026 -13.116,32.974 -13.216,33.016 -13.263,32.951 -13.401,32.92 -13.46,32.883 -13.459,32.842 -13.513,32.846 -13.581,32.748 -13.566,32.692 -13.612,32.672 -13.654,32.799 -13.713,32.847 -13.778,32.772 -13.816,32.89 -13.936,32.947 -13.951,33.0 -14.016,32.991 -14.053,33.041 -13.985,33.072 -13.935,33.149 -14.005,33.209 -14.995,30.214 -15.618,30.425 -15.668,30.333 -15.618,29.75 -15.751,29.267 -15.935,29.017 -15.943,28.917 -16.051,28.85 -16.485,28.817 -16.551,28.733 -16.685,28.333 -16.825,28.137 -16.964,27.83 -17.222,27.648 -17.328,27.619 -17.601,27.317 -17.951,27.05 -18.065,26.654 -17.976,26.5 -17.901,26.216 -17.918,26.115 -17.984,26.083 -18.001,25.975 -17.984,25.883 -17.893,25.837 -17.818,25.7 -17.859,25.5 -17.851,25.383 -17.693,25.1 -17.57,24.985 -17.503,24.705 -17.546,24.577 -17.479,24.368 -17.485,24.183 -17.633,23.433 -17.55,23.367 -17.533,23.233 -16.483,22.15 -16.317,22.1 -16.2,22.0 -13.002,22.0
FMMM|-10.0,45.0 -10.0,55.5 -19.0,55.5 -22.333,57.0 -30.0,57.0 -30.0,40.0 -20.0,40.0 -15.0,43.0 -11.002,41.5 -10.0,45.0
FNAN|-4.167,6.583 -5.5,8.833 -5.083,12.0 -5.033,12.0 -4.9,12.167 -4.783,12.2 -4.817,12.283 -4.6,12.467 -4.483,12.7 -4.35,12.767 -4.617,13.083 -4.683,13.117 -4.733,12.833 -5.133,12.533 -5.733,12.533 -5.75,12.25 -5.783,12.2 -6.05,12.217 -6.083,12.45 -5.9,13.0 -5.833,16.0 -7.333,22.0 -9.0,22.0 -11.002,24.333 -13.002,23.0 -13.002,22.0 -16.2,22.0 -16.317,22.1 -16.483,22.15 -17.533,23.233 -17.55,23.367 -17.633,23.433 -18.033,21.433 -17.933,21.217 -17.95,20.933 -18.017,20.867 -17.967,20.55 -17.85,20.333 -17.867,19.817 -17.8,18.883 -17.383,18.433 -17.383,14.217 -17.433,14.15 -17.433,13.95 -17.133,13.517 -17.0,13.45 -16.95,13.15 -16.983,12.983 -17.233,12.6 -17.2,12.417 -17.233,12.25 -17.167,12.167 -17.15,12.083 -17.267,11.817 -17.25,11.75 -18.0,10.0 -18.0,-5.0 -20.0,-10.0 -12.0,-10.0 -9.533,-3.0 -5.867,6.583 -4.167,6.583
FQBE|-11.57,34.967 -11.552,35.333 -11.606,35.558 -11.41,35.875 -11.585,36.167 -11.718,36.183 -11.685,36.467 -11.735,36.65 -11.593,36.808 -11.585,37.05 -11.685,37.125 -11.718,37.467 -11.568,37.783 -11.268,37.9 -11.268,38.233 -11.418,38.442 -11.168,38.917 -11.168,39.267 -10.96,39.567 -10.943,39.7 -10.785,40.034 -10.418,40.5 -11.002,41.5 -15.0,43.0 -20.0,40.0 -30.0,40.0 -27.833,35.0 -26.851,32.894 -26.867,32.383 -26.836,32.134 -26.518,32.133 -26.418,32.083 -26.168,32.125 -26.018,32.1 -25.984,32.0 -25.834,31.933 -25.626,32.016 -25.518,32.0 -25.518,31.966 -25.367,32.033 -25.135,32.05 -24.302,31.983 -24.184,31.9 -23.951,31.883 -23.885,31.766 -23.735,31.7 -23.618,31.691 -23.485,31.566 -23.418,31.541 -23.185,31.566 -22.417,31.317 -21.301,32.433 -21.334,32.492 -21.134,32.367 -20.913,32.517 -20.618,32.488 -20.559,32.567 -20.559,32.667 -20.251,32.867 -20.218,32.842 -20.109,32.867 -20.109,32.917 -20.051,32.917 -20.022,33.013 -19.784,33.054 -19.718,32.95 -19.655,32.975 -19.68,32.838 -19.476,32.85 -19.476,32.775 -19.368,32.775 -19.293,32.85 -19.101,32.875 -19.018,32.833 -19.026,32.725 -18.934,32.7 -18.926,32.733 -18.834,32.7 -18.768,32.833 -18.801,32.9 -18.701,32.95 -18.509,32.875 -18.468,33.017 -18.343,33.05 -18.318,33.017 -18.001,32.95 -17.801,32.958 -17.801,33.008 -17.759,33.025 -17.735,33.0 -17.601,33.05 -17.568,32.983 -17.501,32.958 -17.343,33.042 -17.31,32.996 -17.185,32.992 -17.068,32.942 -16.922,32.835 -16.901,32.908 -16.705,32.983 -16.721,32.892 -16.685,32.7 -16.601,32.717 -16.468,32.417 -16.414,31.917 -16.335,31.9 -16.201,31.7 -16.168,31.467 -16.001,31.246 -15.985,31.133 -16.068,30.983 -16.001,30.917 -16.001,30.425 -15.618,30.425 -14.995,30.214 -14.0,33.241 -14.034,33.294 -14.082,33.314 -14.143,33.294 -14.219,33.345 -14.212,33.374 -14.402,33.475 -14.504,33.616 -14.584,33.645 -14.603,33.683 -15.858,34.074 -16.114,35.651 -16.04,35.802 -15.419,35.852 -15.17,35.791 -14.892,35.917 -14.891,35.87 -14.671,35.87 -14.268,35.526 -14.168,35.483 -13.482,34.859 -13.482,34.6 -13.352,34.523 -12.78,34.522 -12.208,34.407 -11.585,34.642 -11.57,34.967
FQMA|-22.417,34.687 -22.417,31.317 -23.185,31.566 -23.418,31.541 -23.485,31.566 -23.618,31.691 -23.735,31.7 -23.885,31.766 -23.951,31.883 -24.184,31.9 -24.302,31.983 -25.135,32.05 -25.367,32.033 -25.518,31.966 -25.518,32.0 -25.626,32.016 -25.834,31.933 -25.984,32.0 -26.018,32.1 -26.168,32.125 -26.418,32.083 -26.518,32.133 -26.836,32.134 -26.867,32.383 -26.851,32.894 -27.833,35.0 -30.0,40.0 -20.0,40.0 -18.312,37.581 -18.529,37.359 -18.65,37.067 -18.654,36.721 -18.533,36.421 -19.103,35.81 -19.371,35.985 -19.674,36.071 -20.011,36.057 -20.295,35.955 -20.488,35.82 -20.648,35.656 -20.772,35.459 -20.877,35.148 -21.276,35.311 -21.29,35.468 -21.362,35.682 -21.481,35.856 -21.647,35.992 -21.926,36.085 -22.137,36.074 -22.27,36.03 -22.446,35.918 -22.55,35.806 -22.657,35.615 -22.71,35.39 -22.71,35.238 -22.658,35.016 -22.55,34.821 -22.417,34.687
FSSS|-2.0,44.0 10.7,60.0 -10.0,60.0 -10.0,45.0 -10.302,44.001 -2.0,44.0
FTTT|22.0,11.5 22.0,19.0 19.5,24.0 15.701,24.001 15.767,23.634 15.684,23.367 15.708,23.133 15.533,22.908 15.417,22.984 15.213,22.996 14.85,22.671 14.684,22.725 14.596,22.408 14.317,22.433 14.151,22.58 13.951,22.242 13.783,22.092 13.351,22.284 13.2,22.15 13.071,21.95 12.8,21.825 12.633,21.933 12.667,22.167 12.742,22.2 12.622,22.459 12.442,22.383 12.167,22.492 12.017,22.475 12.067,22.642 11.644,22.544 11.404,22.8 11.419,22.945 11.201,22.987 10.917,22.875 10.733,23.0 10.451,23.317 9.863,23.692 9.275,23.636 9.136,23.475 9.0,23.446 8.958,23.508 9.001,23.589 8.733,23.517 8.702,24.278 8.375,24.15 8.293,24.219 8.175,24.858 8.0,24.967 8.0,12.217 8.097,12.208 8.165,12.249 8.43,12.239 8.492,12.417 8.625,12.479 8.596,12.585 8.662,12.69 8.749,12.722 8.768,12.803 8.905,12.793 9.033,12.877 9.347,12.903 9.376,12.848 9.492,13.022 9.547,13.223 9.821,13.285 9.847,13.235 10.045,13.277 10.222,13.492 10.417,13.499 10.663,13.563 10.979,13.726 11.02,13.799 11.305,13.976 11.258,14.111 11.525,14.633 11.631,14.645 11.72,14.554 11.788,14.62 12.172,14.654 12.357,14.475 12.37,14.183 12.51,14.189 13.083,14.083 13.717,13.633 13.717,13.349 13.513,13.184 13.55,13.054 13.487,12.894 13.302,12.717 13.272,12.589 13.065,12.477 13.117,12.191 13.086,12.111 13.223,11.93 13.354,11.5 22.0,11.5
FVHF|-15.618,30.425 -16.001,30.425 -16.001,30.917 -16.068,30.983 -15.985,31.133 -16.001,31.246 -16.168,31.467 -16.201,31.7 -16.335,31.9 -16.414,31.917 -16.468,32.417 -16.601,32.717 -16.685,32.7 -16.721,32.892 -16.705,32.983 -16.901,32.908 -16.922,32.835 -17.068,32.942 -17.185,32.992 -17.31,32.996 -17.343,33.042 -17.501,32.958 -17.568,32.983 -17.601,33.05 -17.735,33.0 -17.759,33.025 -17.801,33.008 -17.801,32.958 -18.001,32.95 -18.318,33.017 -18.343,33.05 -18.468,33.017 -18.509,32.875 -18.701,32.95 -18.801,32.9 -18.768,32.833 -18.834,32.7 -18.926,32.733 -18.934,32.7 -19.026,32.725 -19.018,32.833 -19.101,32.875 -19.293,32.85 -19.368,32.775 -19.476,32.775 -19.476,32.85 -19.68,32.838 -19.655,32.975 -19.718,32.95 -19.784,33.054 -20.022,33.013 -20.051,32.917 -20.109,32.917 -20.109,32.867 -20.218,32.842 -20.251,32.867 -20.559,32.667 -20.559,32.567 -20.618,32.488 -20.913,32.517 -21.134,32.367 -21.334,32.492 -21.301,32.433 -22.417,31.317 -22.37,31.26 -22.37,31.19 -22.33,31.16 -22.36,31.06 -22.31,30.83 -22.36,30.28 -22.29,30.23 -22.31,30.13 -22.19,29.91 -22.14,29.64 -22.2,29.35 -21.819,29.078 -21.767,28.992 -21.775,28.95 -21.633,28.6 -21.667,28.517 -21.6,28.3 -21.567,28.017 -21.183,27.8 -21.067,27.683 -20.783,27.725 -20.6,27.683 -20.517,27.717 -20.483,27.683 -20.483,27.283 -20.267,27.283 -20.083,27.2 -20.083,27.1 -20.017,27.05 -20.017,26.967 -19.933,26.717 -19.883,26.7 -19.867,26.6 -19.8,26.567 -19.75,26.433 -19.667,26.383 -19.667,26.317 -19.617,26.35 -19.583,26.317 -19.55,26.167 -19.267,26.067 -19.092,25.958 -19.017,25.992 -18.9,25.933 -18.833,25.817 -18.6,25.767 -18.6,25.717 -18.383,25.533 -18.121,25.4 -18.067,25.317 -17.9,25.233 -17.795,25.263 -17.851,25.383 -17.859,25.5 -17.818,25.7 -17.893,25.837 -17.984,25.883 -17.984,26.083 -17.918,26.115 -17.901,26.216 -17.976,26.5 -18.065,26.654 -17.951,27.05 -17.601,27.317 -17.328,27.619 -17.222,27.648 -16.964,27.83 -16.825,28.137 -16.685,28.333 -16.551,28.733 -16.485,28.817 -16.051,28.85 -15.943,28.917 -15.935,29.017 -15.751,29.267 -15.618,29.75 -15.668,30.333 -15.618,30.425
FWLL|-14.603,33.683 -14.584,33.645 -14.504,33.616 -14.402,33.475 -14.212,33.374 -14.219,33.345 -14.143,33.294 -14.082,33.314 -14.034,33.294 -14.005,33.209 -13.935,33.149 -13.985,33.072 -14.053,33.041 -14.016,32.991 -13.951,33.0 -13.936,32.947 -13.816,32.89 -13.778,32.772 -13.713,32.847 -13.654,32.799 -13.612,32.672 -13.566,32.692 -13.581,32.748 -13.513,32.846 -13.459,32.842 -13.46,32.883 -13.401,32.92 -13.263,32.951 -13.216,33.016 -13.116,32.974 -12.911,33.026 -12.839,32.956 -12.751,32.963 -12.655,33.015 -12.595,33.087 -12.638,33.193 -12.518,33.315 -12.561,33.36 -12.366,33.552 -12.332,33.534 -12.325,33.476 -12.347,33.365 -12.254,33.312 -12.165,33.311 -12.152,33.265 -11.804,33.334 -11.605,33.317 -11.579,33.287 -11.591,33.225 -11.528,33.249 -11.428,33.226 -11.401,33.24 -11.441,33.28 -11.425,33.295 -11.383,33.282 -11.361,33.318 -11.336,33.306 -11.155,33.406 -11.069,33.331 -10.944,33.313 -10.893,33.245 -10.811,33.394 -10.824,33.452 -10.571,33.707 -10.58,33.684 -10.375,33.548 -10.231,33.562 -10.064,33.318 -9.914,33.383 -9.829,33.345 -9.81,33.284 -9.725,33.227 -9.622,33.213 -9.603,33.122 -9.696,33.097 -9.634,33.058 -9.641,33.004 -9.503,33.024 -9.492,32.948 -9.423,32.943 -9.371,32.999 -9.487,33.134 -9.494,33.326 -9.622,33.457 -9.585,33.589 -9.586,33.764 -9.715,33.939 -9.576,33.945 -9.522,33.969 -9.495,34.035 -9.747,34.309 -9.982,34.504 -10.302,34.571 -10.526,34.549 -10.758,34.652 -10.945,34.64 -11.033,34.602 -11.382,34.909 -11.57,34.967 -11.585,34.642 -12.208,34.407 -12.78,34.522 -13.352,34.523 -13.482,34.6 -13.482,34.859 -13.703,35.083 -14.671,35.87 -14.891,35.87 -14.892,35.917 -15.17,35.791 -15.419,35.852 -16.04,35.802 -16.114,35.651 -15.858,34.074 -14.603,33.683
FYWF|-17.486,11.2 -17.25,11.75 -17.267,11.817 -17.15,12.083 -17.167,12.167 -17.233,12.25 -17.2,12.417 -17.233,12.6 -16.983,12.983 -16.95,13.15 -17.0,13.45 -17.133,13.517 -17.433,13.95 -17.433,14.15 -17.383,14.217 -17.383,18.433 -17.8,18.883 -17.867,19.817 -17.85,20.333 -17.967,20.55 -18.017,20.867 -17.95,20.933 -17.933,21.217 -18.033,21.433 -17.485,24.183 -17.479,24.368 -17.546,24.577 -17.503,24.705 -17.57,24.985 -17.693,25.1 -17.795,25.263 -17.784,25.157 -17.843,25.069 -17.809,25.048 -17.834,25.007 -17.793,24.961 -17.951,24.665 -18.063,24.582 -18.063,24.507 -17.968,24.448 -17.951,24.365 -18.034,24.282 -18.017,24.215 -18.217,23.932 -18.509,23.615 -18.484,23.582 -18.292,23.532 -18.167,23.382 -18.001,23.315 -18.001,23.099 -18.317,21.465 -18.317,20.999 -22.0,21.0 -22.0,20.0 -24.751,20.0 -24.867,20.117 -25.0,20.333 -25.467,20.65 -25.667,20.683 -25.867,20.817 -26.15,20.867 -26.467,20.6 -26.867,20.7 -26.8,20.9 -26.833,21.0 -27.5,21.0 -27.5,14.765 -17.486,11.2
FZZA|-12.002,25.5 -12.002,28.0 -8.119,29.884 -6.869,30.101 -6.302,29.634 -5.602,29.601 -4.869,29.351 -4.45,29.414 -3.436,29.233 -3.052,29.25 -2.788,28.982 -2.741,29.036 -2.658,28.888 -2.536,28.851 -2.369,28.867 -2.369,28.934 -2.286,28.992 -2.278,29.084 -2.103,29.167 -1.875,29.123 -1.676,29.247 -1.503,29.371 -1.503,29.459 -1.386,29.551 -1.386,29.601 -0.903,29.589 -0.903,29.634 -0.703,29.628 -0.481,29.676 -0.469,29.651 -0.023,29.738 1.747,31.001 3.997,30.751 4.001,30.201 4.414,29.801 4.568,29.817 4.701,29.501 4.501,29.43 4.335,29.217 4.489,29.034 4.485,28.813 4.56,28.792 4.285,28.442 4.276,28.376 4.351,28.351 4.351,28.217 4.468,28.034 4.551,28.034 4.585,27.801 4.778,27.767 5.017,27.467 5.2,27.167 5.2,27.0 5.083,26.917 5.083,26.417 5.25,26.167 5.2,25.883 5.367,25.567 5.333,25.367 5.033,25.333 4.917,24.75 5.097,24.443 4.958,24.233 4.604,23.373 4.817,22.937 4.626,22.74 4.126,22.45 4.114,22.294 4.23,22.02 4.233,21.903 4.301,21.718 4.3,21.65 4.246,21.556 4.332,21.256 4.283,21.221 4.445,20.978 4.399,20.556 4.733,20.361 5.119,19.747 5.132,19.433 4.898,19.097 4.588,18.854 4.417,18.783 4.35,18.667 4.356,18.591 4.309,18.544 4.095,18.649 3.764,18.584 3.471,18.635 3.192,18.643 3.034,18.524 2.268,18.117 1.521,18.068 1.0,17.833 0.789,17.892 0.35,17.933 0.167,17.783 -0.167,17.717 -0.5,17.75 -1.0,17.2 -2.25,16.167 -3.217,16.25 -3.967,15.917 -4.083,15.5 -4.833,14.833 -4.867,14.417 -4.333,14.417 -4.5,14.0 -4.417,13.833 -4.883,13.467 -4.583,13.167 -4.617,13.083 -4.683,13.117 -4.733,12.833 -5.133,12.533 -5.733,12.533 -5.75,12.25 -5.783,12.2 -6.05,12.217 -6.083,12.45 -5.9,13.0 -5.833,16.0 -7.333,22.0 -9.0,22.0 -12.002,25.5
GCCC|30.0,-12.5 31.485,-15.744 31.424,-16.047 31.403,-16.358 31.424,-16.669 31.485,-16.972 31.65,-17.417 30.0,-20.0 29.999,-20.392 28.45,-20.393 28.059,-19.671 27.0,-19.669 25.003,-18.007 25.001,-15.541 28.248,-13.002 30.0,-12.5
GCCC-NEL|30.305,-13.146 29.528,-13.76 29.273,-14.097 28.897,-14.011 28.812,-13.691 28.488,-13.925 28.431,-13.658 28.798,-12.845 30.0,-12.5 30.305,-13.146
GCCC-R6|30.0,-12.5 31.485,-15.744 31.424,-16.047 31.403,-16.358 31.424,-16.669 31.485,-16.972 31.65,-17.417 30.0,-20.0 29.999,-20.392 28.45,-20.393 28.059,-19.671 27.0,-19.669 25.003,-18.007 25.001,-15.541 28.248,-13.002 30.0,-12.5
GCCC-RC2|30.73,-14.048 31.093,-14.862 30.621,-15.22 28.077,-15.429 28.124,-15.333 28.65,-14.917 29.528,-13.76 30.305,-13.146 30.73,-14.048
GCCC-RCW|30.73,-14.048 31.093,-14.862 30.621,-15.22 28.077,-15.429 28.65,-15.167 30.704,-13.993 30.73,-14.048
GCCC-RES|30.0,-12.5 30.704,-13.993 28.653,-15.165 28.16,-15.379 28.161,-15.513 27.5,-16.3 27.486,-19.664 27.0,-19.669 25.003,-18.007 25.001,-15.541 28.248,-13.002 30.0,-12.5
GCCC-RNE|30.305,-13.146 29.528,-13.76 28.65,-14.917 28.124,-15.333 27.667,-15.271 27.667,-14.667 27.5,-14.667 27.501,-14.336 27.266,-13.782 28.248,-13.002 30.0,-12.5 30.305,-13.146
GCCC-RW3|30.704,-13.993 31.485,-15.744 31.424,-16.047 31.403,-16.358 31.424,-16.669 31.485,-16.972 31.65,-17.417 30.0,-20.0 29.999,-20.392 28.45,-20.393 28.059,-19.671 27.486,-19.664 27.5,-16.3 28.16,-15.513 28.16,-15.379 28.653,-15.165 30.704,-13.993
GCCO|30.0,-25.0 29.999,-20.392 28.45,-20.393 28.059,-19.671 27.0,-19.669 25.003,-18.007 25.001,-15.541 28.248,-13.002 27.667,-13.167 27.667,-8.667 25.999,-8.666 26.0,-12.0 23.449,-12.0 23.39,-12.75 23.332,-12.858 23.167,-13.0 22.999,-13.083 22.749,-13.146 21.332,-13.0 21.332,-16.917 20.782,-17.067 18.999,-19.0 19.999,-20.0 24.0,-25.0 30.0,-25.0
GLRB|9.0,-16.917 10.883,-15.083 11.5,-14.65 11.666,-14.267 11.7,-13.717 12.0,-13.7 12.2,-13.967 12.316,-13.65 12.675,-13.708 12.65,-13.083 12.5,-13.066 12.55,-12.883 12.316,-12.366 12.45,-11.9 12.416,-11.383 12.2,-11.483 12.0,-11.233 12.233,-11.05 12.216,-10.9 11.9,-10.666 12.233,-10.333 12.025,-9.716 12.166,-9.633 12.266,-9.416 12.241,-9.35 12.358,-9.3 12.466,-9.416 12.5,-9.293 11.209,-8.0 10.167,-8.0 7.5,-8.416 6.25,-7.45 0.001,-7.333 9.0,-16.917
GMAC|31.485,-15.744 31.716,-15.208 31.883,-14.971 32.25,-14.617 35.967,-12.0 35.967,-7.383 35.833,-7.383 35.833,-6.451 33.312,-9.441 33.059,-9.457 32.96,-9.731 30.0,-12.5 31.485,-15.744
GMAC-O|31.485,-15.744 31.716,-15.208 31.883,-14.971 32.25,-14.617 35.967,-12.0 35.967,-9.629 33.191,-11.538 32.738,-12.436 30.727,-14.05 31.485,-15.744
GMAC-ON|33.187,-13.968 35.967,-12.0 35.967,-9.629 33.191,-11.538 32.739,-12.434 33.187,-13.968
GMAC-OS|31.485,-15.744 31.716,-15.208 31.883,-14.971 32.25,-14.617 33.187,-13.968 32.739,-12.434 30.727,-14.05 31.485,-15.744
GMAC-W|30.727,-14.05 30.0,-12.5 32.96,-9.731 33.059,-9.457 33.312,-9.441 35.833,-6.451 35.833,-7.383 35.967,-7.383 35.967,-9.629 33.191,-11.538 32.738,-12.436 30.727,-14.05
GMAC-WN|32.96,-9.731 33.191,-11.538 35.967,-9.629 35.967,-7.383 35.833,-7.383 35.833,-6.451 33.312,-9.441 33.059,-9.457 32.96,-9.731
GMAC-WS|33.191,-11.538 32.96,-9.731 30.0,-12.5 30.727,-14.05 32.738,-12.436 33.191,-11.538
GMMM|27.667,-13.167 30.0,-12.5 32.96,-9.731 33.059,-9.457 33.312,-9.441 35.833,-6.451 35.833,-2.1 35.033,-2.217 34.75,-1.783 34.617,-1.867 34.483,-1.717 34.4,-1.8 34.1,-1.683 33.683,-1.75 33.6,-1.633 33.267,-1.7 33.05,-1.5 33.0,-1.5 32.967,-1.583 32.717,-1.4 32.517,-1.033 32.4,-1.217 32.3,-1.267 32.217,-1.267 32.15,-1.217 32.117,-1.25 32.2,-2.317 32.133,-2.833 32.083,-2.933 32.0,-2.967 31.833,-2.667 28.667,-8.667 27.667,-8.667 27.667,-13.167
GMMM-ALL|30.0,-12.5 31.485,-15.744 31.716,-15.208 31.883,-14.971 32.25,-14.617 35.967,-12.0 35.967,-7.383 35.833,-7.383 35.833,-2.1 35.033,-2.217 34.75,-1.783 34.617,-1.867 34.483,-1.717 34.4,-1.8 34.1,-1.683 33.683,-1.75 33.6,-1.633 33.267,-1.7 33.05,-1.5 33.0,-1.5 32.967,-1.583 32.717,-1.4 32.517,-1.033 32.4,-1.217 32.3,-1.267 32.217,-1.267 32.15,-1.217 32.117,-1.25 32.2,-2.317 32.133,-2.833 32.083,-2.933 32.0,-2.967 31.833,-2.667 28.667,-8.667 27.667,-8.667 27.667,-13.167 30.0,-12.5
GMMM-E|33.003,-6.935 33.522,-6.599 33.711,-6.361 34.199,-6.214 35.833,-4.911 35.833,-2.1 35.033,-2.217 34.75,-1.783 34.617,-1.867 34.483,-1.717 34.4,-1.8 34.1,-1.683 33.683,-1.75 33.6,-1.633 33.267,-1.7 33.05,-1.5 33.0,-1.5 32.967,-1.583 32.717,-1.4 32.517,-1.033 32.4,-1.217 32.3,-1.267 32.217,-1.267 32.15,-1.217 32.117,-1.25 32.2,-2.317 32.133,-2.833 32.083,-2.933 32.0,-2.967 31.833,-2.667 31.355,-3.586 33.003,-6.935
GMMM-N|33.312,-9.441 35.833,-6.451 35.833,-4.911 34.199,-6.214 33.711,-6.361 33.522,-6.599 32.655,-7.159 32.62,-7.366 32.76,-8.413 33.161,-9.174 33.059,-9.457 33.312,-9.441
GMMM-NE|35.833,-6.451 35.833,-2.1 35.033,-2.217 34.75,-1.783 34.617,-1.867 34.483,-1.717 34.4,-1.8 34.1,-1.683 33.683,-1.75 33.6,-1.633 33.267,-1.7 33.05,-1.5 33.0,-1.5 32.967,-1.583 32.717,-1.4 32.517,-1.033 32.4,-1.217 32.3,-1.267 32.217,-1.267 32.15,-1.217 32.117,-1.25 32.2,-2.317 32.133,-2.833 32.083,-2.933 32.0,-2.967 31.833,-2.667 31.355,-3.586 33.003,-6.935 32.655,-7.159 32.62,-7.366 32.76,-8.413 33.161,-9.174 33.059,-9.457 33.312,-9.441 35.833,-6.451
GMMM-S|29.557,-6.999 30.581,-8.382 32.289,-10.366 30.0,-12.5 27.667,-13.167 27.667,-8.667 28.667,-8.667 29.557,-6.999
GMMM-SW|31.355,-3.587 28.667,-8.667 27.667,-8.667 27.667,-13.167 30.0,-12.5 32.96,-9.731 33.161,-9.174 32.76,-8.413 32.62,-7.366 32.655,-7.159 33.003,-6.935 31.355,-3.587
GMMM-W|33.003,-6.935 32.655,-7.159 32.62,-7.366 32.76,-8.413 33.161,-9.174 32.96,-9.731 32.289,-10.366 30.581,-8.382 29.557,-6.999 31.355,-3.587 33.003,-6.935
GOOC|16.999,-37.5 12.966,-21.366 9.0,-16.917 0.001,-7.333 -1.849,-2.999 -9.533,-3.0 -12.0,-10.0 -6.365,-10.0 -6.367,-16.0 7.667,-35.0 13.5,-37.5 16.999,-37.5
GOOO|27.333,-8.667 24.165,-3.583 16.349,-3.6 14.516,-4.066 12.866,-4.283 12.0,-4.8 11.5,-5.25 10.033,-5.616 10.167,-8.0 11.209,-8.0 12.5,-9.293 12.466,-9.416 12.358,-9.3 12.241,-9.35 12.266,-9.416 12.166,-9.633 12.025,-9.716 12.233,-10.333 11.9,-10.666 12.216,-10.9 12.233,-11.05 12.0,-11.233 12.2,-11.483 12.416,-11.383 12.45,-11.9 12.316,-12.366 12.55,-12.883 12.5,-13.066 12.65,-13.083 12.675,-13.708 12.316,-13.65 12.2,-13.967 12.0,-13.7 11.7,-13.717 11.666,-14.267 11.5,-14.65 10.883,-15.083 9.0,-16.917 12.966,-21.366 14.999,-20.0 19.999,-20.0 18.999,-19.0 20.782,-17.067 21.332,-16.917 21.332,-13.0 22.749,-13.146 22.999,-13.083 23.165,-13.0 23.332,-12.858 23.39,-12.75 23.449,-12.0 25.999,-12.0 25.999,-8.666 27.333,-8.667
GVSC|24.0,-25.0 19.999,-20.0 14.999,-20.0 12.966,-21.366 16.999,-37.5 24.0,-25.0
HAAA|14.267,36.45 14.334,36.86 14.265,37.026 14.296,37.105 14.412,37.129 14.444,37.295 14.094,37.571 14.887,37.93 14.685,38.08 14.676,38.251 14.404,38.448 14.499,38.899 14.659,39.079 14.439,39.259 14.55,39.583 14.412,39.995 14.474,40.154 14.355,40.332 14.08,40.933 13.607,41.219 13.2,41.83 13.009,41.895 12.818,42.032 12.758,42.213 12.499,42.343 12.474,42.404 12.524,42.442 12.51,42.517 12.363,42.697 12.44,42.818 12.525,42.807 12.627,42.88 12.616,42.91 12.75,43.2 12.601,43.334 12.167,44.051 11.762,44.241 10.893,44.04 11.467,43.633 11.667,43.333 11.467,43.267 10.983,42.967 10.6,42.683 10.35,42.8 9.9,43.108 9.842,43.258 9.65,43.292 9.4,43.5 9.333,43.65 9.0,44.0 8.0,47.0 8.0,48.0 4.917,44.983 4.958,44.0 4.8,43.433 4.617,43.1 4.242,42.817 4.183,42.075 4.0,41.919 4.002,36.001 8.001,33.001 13.001,36.001 14.267,36.45
HBBA|-4.45,29.414 -3.436,29.233 -3.052,29.25 -2.788,28.982 -2.741,29.036 -2.619,29.05 -2.596,29.149 -2.662,29.329 -2.836,29.367 -2.798,29.444 -2.836,29.533 -2.794,29.658 -2.822,29.7 -2.811,29.746 -2.769,29.761 -2.768,29.867 -2.661,29.933 -2.552,29.917 -2.473,29.971 -2.325,29.958 -2.44,30.133 -2.423,30.183 -2.352,30.222 -2.373,30.283 -2.352,30.362 -2.315,30.383 -2.324,30.449 -2.418,30.564 -2.669,30.425 -2.694,30.458 -2.647,30.524 -2.68,30.524 -2.744,30.442 -2.861,30.408 -2.958,30.5 -2.898,30.571 -2.986,30.683 -2.975,30.85 -3.052,30.792 -3.152,30.85 -3.252,30.833 -3.348,30.629 -3.412,30.678 -3.561,30.449 -3.702,30.4 -3.79,30.408 -3.773,30.35 -3.936,30.242 -4.044,30.217 -4.177,30.075 -4.269,30.042 -4.377,29.85 -4.361,29.808 -4.469,29.754 -4.444,29.667 -4.45,29.414
HCSM|11.762,44.241 10.893,44.04 11.467,43.633 11.667,43.333 11.467,43.267 10.983,42.967 10.6,42.683 10.35,42.8 9.9,43.108 9.842,43.258 9.65,43.292 9.4,43.5 9.333,43.65 9.0,44.0 8.0,47.0 8.0,48.0 4.917,44.983 4.958,44.0 4.8,43.433 4.617,43.1 4.242,42.817 4.183,42.075 3.167,41.333 2.833,41.0 -0.833,41.0 -1.583,41.567 -1.667,41.567 -2.003,42.001 -2.0,44.0 10.7,60.0 12.001,60.0 12.001,51.583 12.184,50.766 11.762,44.241
HECC|34.0,24.167 31.647,25.151 31.582,25.069 31.499,25.042 31.375,24.868 31.152,24.87 30.787,25.019 30.511,24.932 30.334,24.781 30.156,24.706 29.913,24.817 29.794,24.816 29.617,24.896 29.55,24.856 29.259,25.001 22.0,25.0 22.0,38.0 22.293,37.886 23.291,37.164 26.677,34.972 27.836,34.474 28.007,34.462 28.518,34.651 29.058,34.763 29.357,34.962 29.467,34.95 29.467,34.9 29.759,34.849 30.371,34.611 30.413,34.543 30.495,34.558 30.532,34.519 30.707,34.483 31.825,34.002 33.5,30.0 34.0,27.167 34.0,24.167
HECC-1|30.0,31.453 33.722,28.745 34.0,27.167 34.0,24.167 31.647,25.151 31.582,25.069 31.499,25.042 31.362,24.865 31.152,24.87 30.787,25.019 30.511,24.932 30.334,24.781 30.189,24.71 30.0,24.783 30.0,31.453
HECC-2|30.655,30.976 30.0,31.453 30.02,34.748 30.371,34.611 30.413,34.543 30.495,34.558 30.532,34.519 30.707,34.483 31.825,34.002 33.5,30.0 33.722,28.745 30.655,30.976
HECC-3|26.377,33.1 26.377,34.587 26.743,34.945 27.911,34.456 28.035,34.469 28.518,34.651 29.058,34.763 29.357,34.962 29.467,34.95 29.467,34.9 29.759,34.849 30.02,34.748 30.0,31.453 28.013,33.103 27.263,32.76 26.377,33.1
HECC-4|29.0,24.996 25.833,31.1 26.343,31.743 26.377,33.1 27.263,32.76 28.013,33.103 30.0,31.453 30.0,24.783 29.794,24.816 29.617,24.896 29.55,24.856 29.259,25.001 29.0,24.996
HECC-46|30.0,24.783 29.794,24.816 29.617,24.896 29.55,24.856 29.259,25.001 22.0,25.0 22.0,38.0 22.293,37.886 23.291,37.164 26.743,34.945 26.377,34.587 26.377,33.1 27.263,32.76 28.013,33.103 30.0,31.453 30.0,24.783
HECC-5|29.0,24.996 25.833,31.1 22.001,32.499 22.0,25.0 29.0,24.996
HECC-6|25.833,31.1 26.343,31.743 26.377,34.587 26.743,34.945 23.291,37.164 22.293,37.886 22.0,38.0 22.001,32.499 25.833,31.1
HHAA|20.0,38.5 16.0,41.0 15.367,42.25 14.5,42.5 12.75,43.2 12.616,42.91 12.627,42.88 12.525,42.807 12.44,42.818 12.392,42.754 12.363,42.697 12.468,42.586 12.528,42.455 12.474,42.404 12.499,42.343 12.758,42.213 12.818,42.032 13.009,41.895 13.2,41.83 13.607,41.219 14.08,40.933 14.355,40.332 14.474,40.154 14.412,39.995 14.55,39.583 14.439,39.259 14.659,39.079 14.499,38.899 14.404,38.448 14.676,38.251 14.685,38.08 14.887,37.93 14.094,37.571 14.444,37.295 14.412,37.129 14.296,37.105 14.265,37.026 14.334,36.86 14.267,36.45 20.0,38.5
HJJJ|4.001,30.201 4.002,36.001 8.001,33.001 10.592,34.555 10.821,32.172 10.397,31.841 10.417,31.507 10.366,31.331 10.25,31.122 10.089,30.977 9.883,30.856 10.123,23.526 9.863,23.692 9.275,23.636 9.136,23.475 9.0,23.446 8.958,23.508 9.001,23.589 8.733,23.517 8.702,24.278 8.375,24.15 8.293,24.219 8.175,24.858 8.0,24.967 7.76,25.284 7.55,25.15 7.35,25.333 6.985,26.017 6.833,26.067 6.635,26.367 6.45,26.233 6.201,26.467 6.1,26.4 5.968,26.717 5.693,27.167 5.533,27.233 5.417,27.183 5.017,27.467 4.778,27.767 4.585,27.801 4.551,28.034 4.468,28.034 4.351,28.217 4.351,28.351 4.276,28.376 4.285,28.442 4.56,28.792 4.485,28.813 4.489,29.034 4.335,29.217 4.501,29.43 4.701,29.501 4.568,29.817 4.414,29.801 4.001,30.201
HKNA|4.0,41.919 3.167,41.333 2.833,41.0 -0.833,41.0 -1.583,41.567 -1.667,41.567 -2.003,42.001 -2.0,44.0 -4.702,44.001 -4.702,39.234 -3.69,37.813 -3.548,37.751 -3.502,37.684 -3.519,37.605 -3.461,37.63 -3.452,37.588 -3.411,37.609 -3.302,37.718 -3.057,37.676 -1.019,34.101 -1.04,34.03 -1.003,34.03 -1.003,33.917 -0.503,33.909 -0.144,33.967 0.114,33.901 0.364,34.109 0.447,34.092 0.481,34.126 0.581,34.134 0.656,34.276 0.756,34.313 0.822,34.417 1.106,34.513 1.101,34.57 1.147,34.576 1.205,34.676 1.226,34.801 1.297,34.826 1.422,34.767 1.439,34.837 1.547,34.876 1.58,34.951 1.68,35.001 1.918,35.034 2.005,34.98 2.414,34.917 2.447,34.951 2.522,34.929 2.522,34.901 2.589,34.892 2.564,34.867 2.689,34.78 2.805,34.776 2.93,34.595 3.13,34.551 3.18,34.459 3.405,34.401 3.48,34.401 3.514,34.451 3.672,34.459 3.73,34.384 3.734,34.326 3.689,34.309 3.784,34.251 3.764,34.167 3.797,34.192 3.801,34.155 3.822,34.167 3.83,34.226 3.876,34.217 3.872,34.084 3.947,34.134 3.997,34.076 4.0,41.919
HLLL|34.333,11.5 34.333,23.583 34.0,24.167 31.647,25.151 31.582,25.069 31.499,25.042 31.375,24.868 31.152,24.87 30.787,25.019 30.511,24.932 30.334,24.781 30.156,24.706 29.913,24.817 29.794,24.816 29.617,24.896 29.55,24.856 29.259,25.001 20.0,25.001 20.0,24.0 19.5,24.0 22.0,19.0 22.0,11.5 23.254,11.5 23.524,11.983 24.252,11.601 24.185,11.434 24.469,11.001 24.569,10.684 24.483,10.483 24.617,10.233 24.783,10.2 24.883,10.033 25.335,10.034 26.183,9.383 26.369,9.534 26.535,9.934 26.852,9.934 27.267,9.8 27.869,9.967 28.332,9.865 28.967,9.933 29.417,9.8 29.917,9.55 30.067,9.417 30.167,9.417 30.332,9.899 30.715,10.249 30.9,10.317 31.083,10.3 31.483,10.15 31.7,10.333 31.732,10.566 31.95,10.683 32.0,10.833 32.133,10.9 32.367,11.5 34.333,11.5
HRYR|-1.875,29.123 -1.503,29.371 -1.503,29.459 -1.386,29.551 -1.386,29.667 -1.336,29.734 -1.369,29.784 -1.314,29.825 -1.367,29.877 -1.49,29.915 -1.34,30.169 -1.29,30.17 -1.253,30.238 -1.061,30.362 -1.061,30.462 -1.169,30.462 -1.169,30.5 -1.34,30.561 -1.447,30.735 -1.528,30.744 -1.647,30.829 -1.964,30.825 -2.075,30.897 -2.202,30.844 -2.327,30.85 -2.393,30.771 -2.35,30.709 -2.42,30.651 -2.396,30.625 -2.418,30.564 -2.324,30.449 -2.315,30.383 -2.352,30.362 -2.373,30.283 -2.352,30.222 -2.423,30.183 -2.44,30.133 -2.325,29.958 -2.473,29.971 -2.552,29.917 -2.661,29.933 -2.768,29.867 -2.769,29.761 -2.811,29.746 -2.822,29.7 -2.794,29.658 -2.836,29.533 -2.798,29.444 -2.836,29.367 -2.662,29.329 -2.597,29.077 -2.741,29.036 -2.658,28.888 -2.536,28.851 -2.369,28.867 -2.369,28.934 -2.286,28.992 -2.278,29.084 -2.103,29.167 -1.875,29.123
HSSS|22.0,25.001 22.0,38.0 20.0,38.5 13.001,36.001 8.001,33.001 4.002,36.001 4.001,30.201 4.414,29.801 4.568,29.817 4.701,29.501 4.501,29.43 4.335,29.217 4.489,29.034 4.485,28.813 4.56,28.792 4.285,28.442 4.276,28.376 4.351,28.351 4.351,28.217 4.468,28.034 4.551,28.034 4.585,27.801 4.778,27.767 5.017,27.467 5.417,27.183 5.533,27.233 5.693,27.167 5.968,26.717 6.1,26.4 6.201,26.467 6.45,26.233 6.635,26.367 6.833,26.067 6.985,26.017 7.35,25.333 7.55,25.15 7.76,25.284 8.0,24.967 8.175,24.858 8.293,24.219 8.375,24.15 8.702,24.278 8.733,23.517 9.001,23.589 8.958,23.508 9.0,23.446 9.136,23.475 9.275,23.636 9.863,23.692 10.451,23.317 10.733,23.0 10.917,22.875 11.201,22.987 11.419,22.945 11.404,22.8 11.644,22.544 12.067,22.642 12.017,22.475 12.167,22.492 12.442,22.383 12.622,22.459 12.742,22.2 12.667,22.167 12.633,21.933 12.8,21.825 13.071,21.95 13.2,22.15 13.351,22.284 13.783,22.092 13.951,22.242 14.151,22.58 14.317,22.433 14.596,22.408 14.684,22.725 14.85,22.671 15.213,22.996 15.417,22.984 15.533,22.908 15.708,23.133 15.684,23.367 15.767,23.634 15.701,24.001 20.0,24.0 20.0,25.001 22.0,25.001
HTDC|-3.436,29.233 -3.052,29.25 -2.788,28.982 -2.741,29.036 -2.658,28.888 -2.536,28.851 -2.369,28.867 -2.369,28.934 -2.286,28.992 -2.278,29.084 -2.103,29.167 -1.875,29.123 -1.503,29.371 -1.503,29.459 -1.386,29.551 -1.386,29.667 -1.336,29.734 -1.369,29.784 -1.314,29.825 -1.367,29.877 -1.49,29.915 -1.34,30.169 -1.29,30.17 -1.253,30.238 -1.061,30.362 -1.003,30.834 -1.003,34.03 -1.04,34.03 -1.019,34.101 -3.057,37.676 -3.302,37.718 -3.411,37.609 -3.452,37.588 -3.461,37.63 -3.519,37.605 -3.502,37.684 -3.548,37.751 -3.69,37.813 -4.702,39.234 -4.702,44.001 -10.302,44.001 -11.002,41.5 -10.418,40.5 -10.785,40.034 -10.943,39.7 -10.96,39.567 -11.168,39.267 -11.168,38.917 -11.418,38.442 -11.268,38.233 -11.268,37.9 -11.568,37.783 -11.718,37.467 -11.685,37.125 -11.585,37.05 -11.593,36.808 -11.735,36.65 -11.685,36.467 -11.718,36.183 -11.585,36.167 -11.41,35.875 -11.606,35.558 -11.552,35.333 -11.57,34.967 -11.382,34.909 -11.033,34.602 -10.945,34.64 -10.758,34.652 -10.526,34.549 -10.302,34.571 -9.982,34.504 -9.747,34.309 -9.495,34.035 -9.522,33.969 -9.576,33.945 -9.715,33.939 -9.586,33.764 -9.585,33.589 -9.622,33.457 -9.494,33.326 -9.487,33.134 -9.371,32.999 -9.406,32.954 -9.305,32.764 -9.245,32.547 -9.132,32.458 -9.136,32.265 -9.035,31.95 -8.931,31.93 -8.901,31.669 -8.839,31.583 -8.718,31.578 -8.614,31.389 -8.585,31.024 -8.219,30.767 -8.119,29.884 -6.869,30.101 -6.302,29.634 -5.602,29.601 -4.869,29.351 -4.45,29.414 -3.436,29.233
HUEC|-1.003,33.917 -1.003,30.834 -1.061,30.362 -1.253,30.238 -1.29,30.17 -1.34,30.169 -1.49,29.915 -1.367,29.877 -1.314,29.825 -1.369,29.784 -1.336,29.734 -1.386,29.667 -1.386,29.601 -0.903,29.589 -0.903,29.634 -0.703,29.628 -0.481,29.676 -0.469,29.651 -0.023,29.738 1.747,31.001 3.997,30.751 3.997,34.076 3.947,34.134 3.872,34.084 3.876,34.217 3.83,34.226 3.822,34.167 3.801,34.155 3.797,34.192 3.764,34.167 3.784,34.251 3.689,34.309 3.734,34.326 3.73,34.384 3.672,34.459 3.514,34.451 3.48,34.401 3.18,34.459 3.13,34.551 2.93,34.595 2.805,34.776 2.689,34.78 2.564,34.867 2.589,34.892 2.522,34.901 2.522,34.929 2.447,34.951 2.414,34.917 2.005,34.98 1.918,35.034 1.68,35.001 1.58,34.951 1.547,34.876 1.439,34.837 1.422,34.767 1.297,34.826 1.226,34.801 1.205,34.676 1.147,34.576 1.101,34.57 1.106,34.513 0.822,34.417 0.756,34.313 0.656,34.276 0.581,34.134 0.481,34.126 0.447,34.092 0.364,34.109 0.114,33.901 -0.144,33.967 -0.503,33.909 -1.003,33.917
KZAB|35.767,-111.842 35.7,-110.233 36.033,-108.217 36.2,-107.467 36.717,-106.083 36.717,-105.0 37.5,-102.55 36.5,-101.75 35.829,-100.0 35.333,-100.0 34.867,-100.317 34.467,-100.75 34.6,-102.0 34.55,-102.325 34.317,-102.8 33.775,-103.367 33.403,-103.692 33.383,-103.8 33.0,-103.8 32.467,-103.933 32.033,-103.8 31.65,-103.333 31.283,-102.15 29.767,-102.558 29.742,-102.758 29.4,-102.825 29.358,-102.883 29.208,-102.883 29.183,-102.983 28.917,-103.183 29.15,-103.55 29.183,-103.683 29.267,-103.783 29.317,-104.0 29.4,-104.15 29.483,-104.217 29.533,-104.35 29.65,-104.517 30.0,-104.7 30.15,-104.683 30.367,-104.833 30.683,-104.983 30.833,-105.317 31.383,-106.0 31.467,-106.2 31.733,-106.383 31.75,-106.5 31.783,-106.533 31.783,-108.217 31.333,-108.217 31.333,-111.1 32.1,-113.508 32.737,-113.685 32.683,-114.0 34.667,-114.0 34.917,-113.617 35.383,-112.667 35.433,-112.0 35.767,-111.842
KZAK|21.0,151.0 29.0,165.0 43.0,165.0 45.7,162.917 49.679,180.0 3.5,180.0 3.5,160.0 0.0,160.0 0.0,141.0 3.5,141.0 3.5,133.0 7.0,130.0 21.0,130.0 21.0,151.0|56.75,-151.75 53.367,-137.0 47.583,-131.167 47.5,-130.5 48.167,-127.925 45.0,-126.5 40.983,-126.9 40.833,-127.0 37.503,-127.0 36.462,-126.931 35.5,-125.833 35.993,-124.201 34.5,-123.25 34.167,-125.0 31.132,-123.547 30.0,-122.525 30.75,-120.833 30.0,-120.0 3.5,-120.0 3.5,-145.0 -5.0,-155.0 -5.0,-180.0 49.679,-180.0 50.133,-176.567 51.4,-167.817 52.6,-163.679 53.5,-160.0 56.0,-153.0 56.75,-151.75
KZAU|42.725,-91.725 44.154,-90.292 44.154,-89.588 44.225,-89.076 44.1,-88.467 43.967,-87.542 43.692,-87.169 43.587,-84.964 43.5,-85.0 42.0,-85.0 41.858,-84.767 40.667,-84.683 40.354,-85.525 40.0,-86.1 40.0,-89.75 40.783,-91.65 40.525,-93.492 41.167,-93.6 41.433,-93.508 41.667,-93.467 42.783,-93.0 42.725,-91.725
KZBW|43.633,-76.792 44.104,-76.417 44.204,-76.283 44.233,-76.183 44.292,-76.133 44.347,-75.95 44.717,-75.5 44.667,-75.7 44.817,-75.75 44.967,-74.883 45.069,-74.967 45.143,-74.784 45.183,-74.567 45.0,-74.25 45.017,-71.483 45.283,-71.336 45.317,-71.0 45.908,-70.25 46.308,-70.208 46.417,-70.058 46.75,-70.0 47.45,-69.217 47.288,-68.567 47.398,-68.427 47.498,-68.169 47.529,-67.951 47.509,-67.656 47.449,-67.451 47.354,-67.277 47.233,-67.145 47.092,-67.065 46.942,-67.041 46.792,-67.074 46.645,-67.17 46.536,-67.3 46.143,-67.217 45.825,-67.583 45.783,-67.807 45.625,-67.775 44.933,-67.0 41.617,-67.0 41.0,-69.0 40.577,-70.879 40.072,-72.499 40.199,-72.781 39.994,-73.008 39.683,-73.167 39.933,-73.729 40.239,-73.699 40.801,-73.292 40.858,-73.378 41.146,-73.551 41.0,-73.878 41.258,-73.896 41.333,-74.025 41.625,-74.658 41.758,-74.808 42.608,-76.803 42.739,-76.714 42.879,-76.675 43.067,-76.764 43.633,-76.792
KZDC|39.167,-80.4 39.174,-79.894 39.371,-79.543 39.856,-77.84 39.772,-77.617 39.782,-77.357 39.698,-77.357 39.446,-77.106 39.385,-76.856 39.392,-76.347 40.067,-75.342 40.11,-74.783 39.983,-74.685 40.239,-73.699 39.933,-73.729 39.683,-73.167 38.537,-74.0 37.082,-74.666 36.788,-74.6 35.497,-74.937 35.308,-75.19 32.968,-76.779 34.444,-78.75 34.425,-79.333 34.85,-79.917 34.856,-80.147 35.383,-79.804 36.089,-79.744 36.154,-79.95 37.332,-80.633 37.304,-80.746 37.467,-80.842 38.767,-80.567 39.167,-80.4
KZDV|44.958,-103.167 44.7,-101.483 43.708,-101.408 43.289,-100.1 42.0,-99.017 39.983,-99.058 39.467,-98.8 37.5,-102.55 36.717,-105.0 36.717,-106.083 36.2,-107.467 36.033,-108.217 35.7,-110.233 35.767,-111.842 36.421,-111.504 37.413,-111.879 38.2,-109.983 39.217,-109.983 39.583,-110.3 40.0,-109.167 40.85,-109.1 41.367,-108.275 42.417,-107.05 43.883,-107.283 44.317,-106.267 45.237,-106.0 45.117,-104.25 44.958,-103.167
KZFW|35.829,-100.0 35.817,-98.5 35.925,-97.883 35.492,-97.583 35.458,-97.083 35.65,-96.404 35.871,-96.05 36.017,-95.612 35.654,-95.0 35.067,-95.0 34.692,-94.783 34.533,-94.533 34.033,-93.542 33.95,-93.158 33.004,-91.9 32.283,-91.689 32.283,-92.258 31.558,-93.321 31.572,-94.2 31.467,-95.983 31.204,-96.683 31.212,-97.513 31.375,-97.713 31.39,-97.794 31.383,-99.467 30.983,-100.55 31.283,-102.15 31.65,-103.333 32.033,-103.8 32.467,-103.933 33.0,-103.8 33.383,-103.8 33.403,-103.692 33.775,-103.367 34.317,-102.8 34.55,-102.325 34.6,-102.0 34.467,-100.75 34.867,-100.317 35.333,-100.0 35.829,-100.0
KZHU|29.767,-102.558 31.283,-102.15 30.983,-100.55 31.383,-99.467 31.39,-97.794 31.375,-97.713 31.212,-97.513 31.204,-96.683 31.467,-95.983 31.572,-94.2 31.558,-93.321 32.283,-92.258 32.283,-91.689 31.913,-91.308 31.65,-90.346 31.517,-88.325 31.521,-87.817 31.281,-87.4 30.958,-87.658 30.692,-87.717 30.633,-87.917 30.517,-87.917 30.221,-88.025 28.142,-88.0 27.5,-87.683 27.0,-86.0 26.602,-85.408 26.2,-85.088 25.034,-84.993 24.0,-84.993 24.0,-86.0 24.5,-88.0 24.5,-93.0 26.0,-95.917 26.0,-97.0 25.842,-97.4 26.033,-97.75 26.067,-98.217 26.4,-99.067 26.667,-99.183 27.067,-99.45 27.308,-99.517 27.492,-99.525 27.775,-99.833 27.983,-99.95 28.183,-100.192 28.9,-100.633 29.167,-100.75 29.758,-101.517 29.792,-102.05 29.875,-102.317 29.767,-102.4 29.767,-102.558
KZID|40.0,-88.25 40.0,-86.1 40.354,-85.525 40.667,-84.683 40.908,-84.7 40.783,-83.746 40.737,-83.65 40.558,-83.5 40.508,-83.333 40.6,-81.783 40.217,-81.633 39.75,-81.55 39.167,-80.5 39.167,-80.4 38.767,-80.567 37.467,-80.842 37.304,-80.746 36.183,-85.4 36.9,-85.583 37.3,-86.15 37.275,-87.397 37.725,-88.317 38.15,-88.233 38.485,-88.094 39.868,-88.148 40.0,-88.25
KZJX|29.025,-80.116 28.9,-80.733 28.346,-81.5 28.864,-81.734 28.185,-81.862 27.95,-82.383 27.95,-82.942 28.4,-83.517 28.55,-84.015 28.063,-84.616 28.043,-84.944 27.5,-85.25 27.0,-86.0 27.5,-87.683 28.142,-88.0 30.221,-88.025 30.517,-87.917 30.633,-87.917 30.692,-87.717 30.958,-87.658 31.281,-87.4 31.492,-86.95 31.762,-85.583 31.533,-85.308 31.683,-84.1 31.683,-83.112 32.167,-82.333 32.562,-81.933 33.698,-81.608 34.394,-81.333 34.856,-80.147 34.85,-79.917 34.425,-79.333 34.444,-78.75 32.968,-76.779 32.262,-77.0 30.0,-77.0 30.2,-79.287 29.821,-79.9 29.025,-80.116
KZJX-A|29.821,-79.9 30.581,-79.693 30.564,-81.34 30.829,-81.558 31.072,-81.55 31.283,-81.588 31.483,-81.5 32.033,-81.5 32.383,-81.417 32.678,-81.9 33.698,-81.608 34.394,-81.333 34.856,-80.147 34.85,-79.917 34.425,-79.333 34.444,-78.75 32.968,-76.779 32.262,-77.0 30.0,-77.0 30.2,-79.287 29.821,-79.9
KZJX-C|32.678,-81.9 32.383,-81.417 32.033,-81.5 31.483,-81.5 31.283,-81.588 31.072,-81.55 30.829,-81.558 30.564,-81.34 30.581,-79.693 29.025,-80.116 28.9,-80.733 28.346,-81.5 28.864,-81.734 28.185,-81.862 27.95,-82.383 27.95,-82.942 28.4,-83.517 28.933,-83.517 29.183,-82.9 29.55,-82.867 29.667,-82.9 30.404,-83.221 30.371,-83.573 30.711,-83.825 31.676,-84.163 31.683,-83.112 32.167,-82.333 32.562,-81.933 32.678,-81.9
KZJX-P|31.676,-84.163 30.711,-83.825 30.371,-83.573 30.404,-83.221 29.55,-82.867 29.183,-82.9 28.933,-83.517 28.4,-83.517 28.55,-84.015 28.063,-84.616 28.043,-84.944 27.5,-85.25 27.0,-86.0 27.5,-87.683 28.142,-88.0 30.221,-88.025 30.517,-87.917 30.633,-87.917 30.692,-87.717 30.958,-87.658 31.281,-87.4 31.492,-86.95 31.762,-85.583 31.533,-85.308 31.676,-84.163
KZKC|39.467,-98.8 40.525,-93.492 40.783,-91.65 40.0,-89.75 40.0,-88.25 39.868,-88.148 38.485,-88.094 38.15,-88.233 37.725,-88.317 37.533,-88.833 37.15,-90.567 36.725,-93.25 36.433,-94.683 36.204,-95.4 36.017,-95.612 35.871,-96.05 35.65,-96.404 35.458,-97.083 35.492,-97.583 35.925,-97.883 35.817,-98.5 35.829,-100.0 36.5,-101.75 37.5,-102.55 39.467,-98.8
KZKC-E|40.525,-93.492 40.783,-91.65 40.0,-89.75 40.0,-88.25 39.868,-88.148 38.485,-88.094 38.15,-88.233 37.725,-88.317 37.533,-88.833 37.15,-90.567 36.725,-93.25 36.492,-94.408 37.274,-94.956 38.058,-94.53 38.845,-94.733 39.311,-93.892 40.442,-93.908 40.525,-93.492
KZKC-W|37.5,-102.55 39.467,-98.8 40.442,-93.908 39.311,-93.892 38.845,-94.733 38.058,-94.53 37.274,-94.956 36.492,-94.408 36.288,-95.196 36.204,-95.4 36.017,-95.612 35.871,-96.05 35.65,-96.404 35.458,-97.083 35.492,-97.583 35.925,-97.883 35.817,-98.5 35.829,-100.0 36.5,-101.75 37.5,-102.55
KZLA|34.5,-123.25 35.533,-120.85 35.75,-120.117 35.633,-119.5 36.133,-119.167 36.133,-118.583 37.2,-118.583 37.2,-117.333 37.367,-117.008 37.442,-117.076 37.55,-117.095 37.883,-117.095 37.883,-116.184 38.017,-114.501 38.017,-114.201 37.968,-114.0 37.717,-113.783 37.5,-113.0 37.413,-111.879 36.421,-111.504 35.433,-112.0 35.383,-112.667 34.917,-113.617 34.667,-114.0 32.683,-114.0 32.737,-113.685 32.1,-113.508 32.492,-114.811 32.719,-114.719 32.534,-117.124 30.75,-120.833 30.0,-122.525 31.132,-123.547 34.167,-125.0 34.5,-123.25
KZLC|49.0,-114.667 49.0,-103.167 44.958,-103.167 45.117,-104.25 45.237,-106.0 44.317,-106.267 43.883,-107.283 42.417,-107.05 41.367,-108.275 40.85,-109.1 40.0,-109.167 39.583,-110.3 39.217,-109.983 38.2,-109.983 37.413,-111.879 37.5,-113.0 37.717,-113.783 37.968,-114.0 38.017,-114.201 38.017,-114.501 37.883,-116.184 37.883,-117.095 38.083,-117.267 39.933,-117.367 41.0,-119.5 42.667,-119.0 43.633,-119.283 44.85,-118.45 45.333,-117.75 45.333,-115.0 48.417,-115.0 49.0,-114.667
KZMA|27.0,-86.0 27.5,-85.25 28.043,-84.944 28.062,-84.616 28.55,-84.015 28.4,-83.517 27.95,-82.942 27.95,-82.383 28.185,-81.862 28.864,-81.734 28.346,-81.5 28.9,-80.733 29.025,-80.116 29.822,-79.901 30.2,-79.287 30.0,-77.0 27.833,-76.264 27.833,-74.833 25.0,-73.2 25.0,-68.493 21.239,-67.651 19.65,-69.15 20.417,-70.5 20.417,-73.0 20.0,-73.333 22.0,-75.167 24.0,-78.0 24.0,-85.0 25.034,-85.0 26.2,-85.092 26.603,-85.414 27.0,-86.0
KZMA-N|27.467,-78.058 26.5,-78.6 26.117,-78.635 26.0,-78.508 25.633,-77.814 24.883,-77.742 24.084,-78.126 24.0,-78.0 24.0,-84.993 25.034,-84.993 26.2,-85.088 26.602,-85.408 27.0,-86.0 27.5,-85.25 28.043,-84.944 28.063,-84.616 28.55,-84.015 28.4,-83.517 27.95,-82.942 27.95,-82.383 28.185,-81.862 28.864,-81.734 28.346,-81.5 28.9,-80.733 29.025,-80.116 29.821,-79.9 30.2,-79.287 30.0,-77.0 28.186,-76.376 27.467,-77.0 27.467,-78.058
KZMA-OCN|27.833,-74.833 25.0,-73.2 25.0,-68.493 21.239,-67.651 19.65,-69.15 20.417,-70.5 20.417,-73.0 20.0,-73.333 22.0,-75.167 24.084,-78.126 24.883,-77.742 25.633,-77.814 26.0,-78.508 26.117,-78.635 26.5,-78.6 27.467,-78.058 27.467,-77.0 28.186,-76.376 27.833,-76.264 27.833,-74.833
KZME|36.017,-95.612 36.204,-95.4 36.433,-94.683 36.725,-93.25 37.15,-90.567 37.533,-88.833 37.725,-88.317 37.275,-87.397 37.3,-86.15 36.9,-85.583 35.65,-85.283 35.333,-87.0 34.367,-87.0 34.1,-87.25 34.017,-87.55 33.317,-87.633 33.043,-87.986 32.697,-87.85 32.331,-88.347 31.517,-88.325 31.65,-90.346 31.913,-91.308 32.283,-91.689 33.004,-91.9 33.95,-93.158 34.033,-93.542 34.533,-94.533 34.692,-94.783 35.067,-95.0 35.654,-95.0 36.017,-95.612
KZMP|49.0,-103.167 49.0,-93.5 48.108,-90.1 47.908,-88.775 47.083,-87.0 46.75,-85.633 46.383,-84.533 46.25,-84.358 45.817,-83.583 45.333,-82.5 43.855,-82.169 43.587,-84.964 43.692,-87.169 43.967,-87.542 44.1,-88.467 44.225,-89.076 44.154,-89.588 44.154,-90.292 42.725,-91.725 42.783,-93.0 41.667,-93.467 41.433,-93.508 41.167,-93.6 40.525,-93.492 39.467,-98.8 39.983,-99.058 42.0,-99.017 43.289,-100.1 43.708,-101.408 44.7,-101.483 44.958,-103.167 49.0,-103.167
KZNY|40.093,-75.028 40.067,-75.342 39.392,-76.347 39.385,-76.856 39.446,-77.106 39.698,-77.357 39.782,-77.357 39.772,-77.617 39.856,-77.84 40.247,-77.864 40.522,-77.941 40.674,-77.985 40.858,-78.128 41.638,-77.567 42.175,-77.236 42.299,-77.113 42.367,-76.233 41.758,-74.808 41.625,-74.658 41.258,-73.896 41.0,-73.878 41.146,-73.551 40.858,-73.378 40.801,-73.292 40.508,-73.5 40.072,-72.499 40.577,-70.879 41.0,-69.0 41.617,-67.0 39.0,-67.0 38.464,-69.399 38.243,-69.578 37.972,-69.864 37.495,-70.516 37.108,-71.251 36.806,-72.126 36.333,-72.0 35.0,-72.0 33.358,-74.267 31.583,-77.0 32.262,-77.0 32.968,-76.779 35.308,-75.19 35.497,-74.937 36.788,-74.6 37.082,-74.666 38.537,-74.0 39.035,-73.658 39.579,-74.194 39.593,-74.499 39.656,-74.456 39.622,-75.058 39.9,-74.804 39.983,-74.685 40.11,-74.783 40.093,-75.028
KZNY|41.617,-67.0 42.382,-61.202 43.072,-57.868 43.583,-55.75 43.833,-54.861 44.5,-50.0 44.5,-40.0 22.3,-40.0 18.0,-45.0 18.0,-61.5 20.0,-61.9 22.0,-64.0 22.097,-65.135 22.0,-66.745 21.239,-67.651 25.0,-68.493 25.0,-73.2 27.833,-74.833 27.833,-76.264 30.0,-77.0 32.262,-77.0 32.968,-76.779 35.308,-75.19 35.497,-74.937 36.788,-74.6 37.082,-74.666 38.537,-74.0 39.683,-73.167 39.994,-73.008 40.199,-72.781 40.072,-72.499 40.577,-70.879 41.0,-69.0 41.617,-67.0
KZNY-BDA|35.311,-64.995 35.312,-64.41 35.22,-63.767 35.03,-63.155 34.763,-62.618 34.419,-62.148 34.015,-61.762 33.556,-61.468 33.072,-61.278 32.547,-61.192 32.039,-61.212 31.54,-61.336 31.041,-61.57 30.619,-61.871 30.234,-62.263 29.895,-62.748 29.65,-63.254 29.486,-63.79 29.397,-64.379 29.393,-64.975 29.478,-65.558 29.648,-66.115 29.9,-66.633 30.256,-67.134 30.646,-67.519 31.092,-67.832 31.539,-68.032 32.038,-68.157 32.549,-68.179 33.1,-68.085 33.566,-67.899 34.004,-67.618 34.408,-67.238 34.758,-66.761 35.023,-66.236 35.212,-65.646 35.311,-64.995
KZNY-W|39.971,-75.469 39.392,-76.347 39.385,-76.856 39.446,-77.106 39.698,-77.357 39.782,-77.357 39.772,-77.617 39.856,-77.84 40.247,-77.864 40.522,-77.941 40.674,-77.985 40.858,-78.128 41.638,-77.567 42.175,-77.236 42.299,-77.113 42.367,-76.233 41.758,-74.808 41.625,-74.658 41.4,-74.183 41.175,-74.517 41.025,-74.667 40.929,-74.88 40.608,-74.858 40.514,-74.974 40.46,-75.393 40.374,-75.522 40.254,-75.483 40.192,-75.421 40.074,-75.602 39.971,-75.469
KZOA|40.217,-125.333 40.217,-123.833 40.388,-123.533 41.333,-123.533 41.333,-122.417 41.0,-121.25 41.0,-119.5 39.933,-117.367 38.083,-117.267 37.883,-117.095 37.55,-117.095 37.442,-117.076 37.367,-117.008 37.2,-117.333 37.2,-118.583 36.133,-118.583 36.133,-119.167 35.633,-119.5 35.75,-120.117 35.533,-120.85 34.5,-123.25 35.993,-124.201 35.5,-125.833 36.462,-126.931 37.503,-127.0 40.833,-127.0 40.983,-126.9 40.217,-125.333
KZOB|42.871,-82.467 42.742,-81.221 42.836,-79.844 42.95,-79.058 43.198,-79.024 43.433,-78.75 43.6,-78.75 43.633,-78.678 43.633,-76.792 43.067,-76.764 42.879,-76.675 42.739,-76.714 42.608,-76.803 42.367,-76.233 42.299,-77.113 42.175,-77.236 41.638,-77.567 40.858,-78.128 40.674,-77.985 40.522,-77.941 40.247,-77.864 39.856,-77.84 39.371,-79.543 39.174,-79.894 39.167,-80.5 39.75,-81.55 40.217,-81.633 40.6,-81.783 40.508,-83.333 40.558,-83.5 40.737,-83.65 40.783,-83.746 40.908,-84.7 41.858,-84.767 42.0,-85.0 43.5,-85.0 43.587,-84.964 43.855,-82.169 43.617,-82.125 42.871,-82.467
KZSE|48.333,-128.0 48.5,-124.75 48.233,-123.55 48.283,-123.258 48.425,-123.117 48.458,-123.167 48.7,-123.267 48.767,-123.008 48.833,-123.008 49.0,-123.333 49.0,-114.667 48.417,-115.0 45.333,-115.0 45.333,-117.75 44.85,-118.45 43.633,-119.283 42.667,-119.0 41.0,-119.5 41.0,-121.25 41.333,-122.417 41.333,-123.533 40.388,-123.533 40.217,-123.833 40.217,-125.333 40.983,-126.9 45.0,-126.5 48.333,-128.0
KZTL|37.304,-80.746 37.332,-80.633 36.154,-79.95 36.089,-79.744 35.383,-79.804 34.856,-80.147 34.394,-81.333 33.698,-81.608 32.562,-81.933 32.167,-82.333 31.683,-83.112 31.683,-84.1 31.533,-85.308 31.762,-85.583 31.492,-86.95 31.281,-87.4 31.521,-87.817 31.517,-88.325 32.331,-88.347 32.697,-87.85 33.043,-87.986 33.317,-87.633 34.017,-87.55 34.1,-87.25 34.367,-87.0 35.333,-87.0 35.65,-85.283 36.183,-85.4 37.304,-80.746
LAAA|39.694,20.003 39.85,19.967 39.983,19.767 39.983,19.65 40.417,19.0 40.75,19.0 41.133,18.867 41.848,19.382 41.949,19.354 41.96,19.384 42.099,19.403 42.175,19.287 42.318,19.419 42.371,19.433 42.543,19.628 42.591,19.63 42.655,19.739 42.588,19.781 42.536,19.755 42.467,19.809 42.553,20.082 42.495,20.18 42.325,20.249 42.321,20.344 42.213,20.525 41.975,20.629 41.833,20.562 41.792,20.577 41.735,20.52 41.586,20.565 41.523,20.461 41.404,20.567 41.331,20.53 41.338,20.496 41.222,20.527 41.13,20.604 41.102,20.594 41.071,20.679 40.907,20.751 40.921,20.949 40.858,20.992 40.774,20.968 40.677,21.057 40.562,21.046 40.47,20.955 40.477,20.846 40.434,20.805 40.361,20.794 40.276,20.716 40.216,20.727 40.174,20.68 40.098,20.684 40.065,20.578 40.07,20.433 40.0,20.397 39.985,20.308 39.821,20.408 39.796,20.372 39.809,20.284 39.733,20.308 39.652,20.19 39.694,20.003
LBSR|41.336,22.944 41.353,22.972 41.435,22.976 41.618,22.952 41.729,23.026 41.877,22.902 42.014,22.871 42.039,22.739 42.142,22.529 42.316,22.365 42.327,22.449 42.474,22.559 42.571,22.445 42.692,22.463 42.738,22.501 42.826,22.44 42.892,22.596 42.869,22.671 42.89,22.755 42.978,22.797 43.028,22.904 43.137,22.994 43.202,22.992 43.235,22.893 43.328,22.83 43.472,22.538 43.636,22.494 43.697,22.411 43.809,22.367 44.0,22.419 44.069,22.617 44.16,22.618 44.212,22.673 44.103,23.029 44.061,23.044 44.0,22.907 43.896,22.849 43.845,22.884 43.821,22.994 43.85,23.38 43.7,24.2 43.767,24.5 43.7,24.85 43.633,25.55 43.683,25.7 43.967,26.133 44.133,27.0 44.117,27.283 44.033,27.4 43.983,27.95 43.833,28.0 43.667,29.0 43.733,29.033 43.683,30.533 42.8,30.75 42.117,29.0 41.985,28.314 41.999,27.848 41.953,27.816 41.97,27.685 41.919,27.545 42.1,27.286 42.063,27.18 42.08,27.03 42.0,26.969 41.951,26.747 41.981,26.616 41.912,26.56 41.836,26.548 41.816,26.37 41.732,26.329 41.708,26.363 41.745,26.156 41.699,26.058 41.649,26.069 41.613,26.14 41.534,26.182 41.485,26.153 41.442,26.192 41.359,26.122 41.307,25.899 41.344,25.82 41.289,25.707 41.316,25.569 41.277,25.524 41.247,25.236 41.343,25.119 41.406,24.914 41.395,24.824 41.349,24.808 41.421,24.719 41.419,24.616 41.567,24.535 41.527,24.461 41.511,24.309 41.57,24.267 41.517,24.182 41.547,24.099 41.518,24.06 41.463,24.066 41.435,23.972 41.479,23.921 41.377,23.649 41.404,23.437 41.364,23.341 41.403,23.302 41.376,23.235 41.322,23.21 41.336,22.944
LBSR-B|43.586,27.9 43.793,28.295 43.667,29.0 43.733,29.033 43.683,30.533 42.8,30.75 42.541,30.073 43.311,28.558 43.586,27.9
LBSR-E|43.707,24.233 43.767,24.5 43.7,24.85 43.633,25.55 43.664,25.643 43.097,26.426 42.983,26.667 42.831,26.879 42.796,27.04 41.985,28.243 41.999,27.848 41.953,27.816 41.97,27.685 41.919,27.545 42.1,27.286 42.063,27.18 42.08,27.03 42.0,26.969 41.951,26.747 41.981,26.616 41.912,26.56 41.836,26.548 41.816,26.37 41.732,26.329 41.708,26.363 41.745,26.156 41.699,26.058 41.649,26.069 41.613,26.14 41.534,26.182 41.485,26.153 41.442,26.192 41.359,26.122 41.307,25.899 41.344,25.82 41.289,25.707 41.316,25.569 41.277,25.524 42.849,24.621 43.56,24.277 43.707,24.233
LBSR-S|44.212,22.673 44.103,23.029 44.061,23.044 44.0,22.907 43.896,22.849 43.845,22.884 43.821,22.994 43.85,23.38 43.7,24.2 43.767,24.5 43.7,24.85 43.633,25.55 43.664,25.643 43.097,26.426 42.983,26.667 42.831,26.879 42.796,27.04 41.985,28.243 41.999,27.848 41.953,27.816 41.97,27.685 41.919,27.545 42.1,27.286 42.063,27.18 42.08,27.03 42.0,26.969 41.951,26.747 41.981,26.616 41.912,26.56 41.836,26.548 41.816,26.37 41.732,26.329 41.708,26.363 41.745,26.156 41.699,26.058 41.649,26.069 41.613,26.14 41.534,26.182 41.485,26.153 41.442,26.192 41.359,26.122 41.307,25.899 41.344,25.82 41.289,25.707 41.316,25.569 41.277,25.524 41.247,25.236 41.343,25.119 41.406,24.914 41.395,24.824 41.349,24.808 41.421,24.719 41.419,24.616 41.567,24.535 41.527,24.461 41.511,24.309 41.57,24.267 41.517,24.182 41.547,24.099 41.518,24.06 41.463,24.066 41.435,23.972 41.479,23.921 41.377,23.649 41.404,23.437 41.364,23.341 41.403,23.302 41.376,23.235 41.322,23.21 41.336,22.944 41.353,22.972 41.435,22.976 41.618,22.952 41.729,23.026 41.877,22.902 42.014,22.871 42.039,22.739 42.142,22.529 42.316,22.365 42.327,22.449 42.474,22.559 42.571,22.445 42.692,22.463 42.738,22.501 42.826,22.44 42.892,22.596 42.869,22.671 42.89,22.755 42.978,22.797 43.028,22.904 43.137,22.994 43.202,22.992 43.235,22.893 43.328,22.83 43.472,22.538 43.636,22.494 43.697,22.411 43.809,22.367 44.0,22.419 44.069,22.617 44.16,22.618 44.212,22.673
LBSR-V|43.664,25.643 43.967,26.133 44.133,27.0 44.117,27.283 44.033,27.4 43.983,27.95 43.833,28.0 43.667,29.0 43.733,29.033 43.683,30.533 42.8,30.75 42.117,29.0 41.985,28.243 42.796,27.04 42.831,26.879 42.983,26.667 43.097,26.426 43.664,25.643
LCCC|33.5,30.0 36.083,30.0 35.917,33.55 35.917,35.667 35.883,35.6 35.567,35.483 35.067,35.667 34.917,35.633 34.639,35.708 34.596,35.218 34.526,35.032 34.33,34.746 34.192,34.629 34.04,34.567 33.734,34.543 33.451,34.657 33.222,34.876 33.098,34.858 33.098,34.583 32.725,34.562 32.632,34.364 32.487,34.175 32.343,34.077 32.183,34.004 32.01,33.973 31.827,34.001 33.5,30.0
LCCC-E|32.836,33.742 34.073,33.643 34.852,33.629 35.945,33.16 35.917,33.55 35.917,35.667 35.883,35.6 35.567,35.483 35.067,35.667 34.917,35.633 34.639,35.708 34.596,35.218 34.526,35.032 34.33,34.746 34.192,34.629 34.04,34.567 33.734,34.543 33.585,34.582 33.323,34.758 33.222,34.876 33.098,34.858 33.098,34.583 32.725,34.562 32.632,34.364 32.487,34.175 32.836,33.742
LCCC-S1|34.912,29.999 34.082,32.504 34.073,33.643 32.836,33.742 32.487,34.175 32.183,34.004 32.01,33.973 31.827,34.001 33.5,30.0 34.912,29.999
LCCC-S2|34.912,29.999 34.082,32.504 33.372,32.18 32.809,31.662 33.5,30.0 34.912,29.999
LCCC-W|34.912,29.999 36.083,30.0 35.945,33.16 34.852,33.629 34.073,33.643 34.082,32.504 34.912,29.999
LDZO|45.48,13.582 45.445,13.674 45.473,13.753 45.436,13.905 45.46,14.012 45.498,14.033 45.471,14.177 45.511,14.439 45.526,14.489 45.591,14.499 45.664,14.579 45.657,14.623 45.596,14.648 45.58,14.691 45.534,14.687 45.503,14.797 45.459,14.82 45.475,14.904 45.529,14.932 45.423,15.164 45.465,15.272 45.453,15.334 45.486,15.386 45.524,15.314 45.605,15.278 45.658,15.404 45.712,15.349 45.684,15.3 45.726,15.247 45.787,15.464 45.837,15.482 45.846,15.679 46.043,15.731 46.107,15.613 46.218,15.617 46.225,15.781 46.261,15.791 46.303,15.995 46.376,16.052 46.401,16.147 46.373,16.271 46.441,16.298 46.527,16.39 46.464,16.671 46.4,16.721 46.35,16.877 46.289,16.897 46.226,16.975 46.158,17.181 46.116,17.182 46.055,17.268 46.033,17.256 46.03,17.298 46.01,17.268 45.969,17.319 45.984,17.372 45.96,17.391 45.948,17.351 45.932,17.59 45.847,17.663 45.81,17.83 45.775,17.863 45.795,18.0 45.75,18.446 45.805,18.575 45.918,18.677 45.884,18.811 45.924,18.898 45.895,18.874 45.87,18.9 45.864,18.859 45.813,18.848 45.804,18.927 45.77,18.854 45.748,18.981 45.72,18.901 45.715,18.977 45.706,18.914 45.658,18.971 45.572,18.9 45.539,18.938 45.553,19.014 45.512,19.101 45.493,19.0 45.412,19.028 45.372,18.978 45.274,19.162 45.279,19.264 45.243,19.267 45.235,19.413 45.183,19.443 45.167,19.374 45.202,19.317 45.178,19.277 45.2,19.173 45.178,19.189 45.129,19.143 45.142,19.081 45.087,19.109 44.98,19.084 44.985,19.141 44.954,19.154 44.906,19.076 44.904,18.991 44.854,18.979 44.86,18.84 44.91,18.763 44.947,18.755 44.943,18.804 45.002,18.792 44.997,18.729 45.063,18.668 45.096,18.673 45.057,18.656 45.067,18.607 45.097,18.628 45.095,18.569 45.069,18.574 45.095,18.535 45.048,18.53 45.109,18.427 45.105,18.319 45.142,18.265 45.126,18.21 45.084,18.204 45.084,18.115 45.143,18.069 45.128,18.035 45.154,18.01 45.046,17.851 45.136,17.674 45.112,17.493 45.162,17.452 45.141,17.36 45.19,17.278 45.15,17.252 45.151,17.178 45.219,17.014 45.239,17.021 45.231,16.94 45.28,16.933 45.234,16.845 45.187,16.827 45.229,16.528 45.144,16.465 45.114,16.396 45.002,16.34 45.016,16.241 45.084,16.114 45.216,16.025 45.231,15.974 45.206,15.935 45.236,15.93 45.18,15.763 45.113,15.78 45.066,15.743 44.979,15.777 44.946,15.737 44.84,15.798 44.806,15.746 44.753,15.771 44.706,15.842 44.72,15.923 44.61,16.001 44.545,16.108 44.432,16.168 44.395,16.144 44.365,16.223 44.313,16.199 44.218,16.225 44.105,16.323 43.995,16.529 43.774,16.748 43.682,16.929 43.543,17.085 43.482,17.183 43.457,17.307 43.377,17.285 43.249,17.35 43.23,17.429 43.173,17.453 43.082,17.648 43.009,17.704 42.964,17.718 42.938,17.579 42.889,17.648 42.913,17.829 42.814,17.895 42.75,18.048 42.601,18.254 42.608,18.372 42.551,18.439 42.494,18.422 42.438,18.52 41.417,18.317 42.435,16.164 43.5,14.5 44.533,13.333 45.3,13.0 45.572,13.36 45.48,13.582
LECB|42.7,-0.067 42.75,0.2 42.717,0.633 42.883,0.75 42.75,1.25 42.75,1.417 42.683,1.467 42.65,1.717 42.583,1.817 42.5,1.817 42.5,2.0 42.4,2.05 42.467,2.25 42.383,2.6 42.5,3.0 42.0,4.667 39.0,4.667 38.333,3.75 36.448,-1.007 36.638,-1.499 37.12,-1.775 39.733,-1.1 42.7,-0.067
LECB-CCC|40.301,2.108 40.014,2.264 40.422,2.905 41.488,2.963 41.799,3.743 42.195,4.041 42.5,3.0 42.383,2.6 42.467,2.25 42.4,2.05 42.5,2.0 42.5,1.817 42.583,1.817 42.65,1.717 40.301,2.108
LECB-CVN|40.301,2.108 40.014,2.264 40.422,2.905 40.184,3.712 41.778,4.075 42.067,4.434 42.5,3.0 42.383,2.6 42.467,2.25 42.4,2.05 42.5,2.0 42.5,1.817 42.583,1.817 42.65,1.717 40.301,2.108
LECB-E|42.0,4.667 39.0,4.667 38.333,3.75 37.692,2.135 39.297,1.695 39.723,1.922 40.014,2.264 40.301,2.108 42.65,1.717 42.583,1.817 42.5,1.817 42.5,2.0 42.4,2.05 42.467,2.25 42.383,2.6 42.5,3.0 42.0,4.667
LECB-LLI|39.7,1.413 39.723,1.922 39.297,1.695 37.692,2.135 36.448,-1.007 36.638,-1.499 37.12,-1.775 39.733,-1.1 40.231,-0.93 40.232,-0.025 40.705,0.158 40.704,0.537 40.373,1.076 40.21,0.842 39.667,0.639 39.7,1.413
LECB-MVS|42.068,4.434 42.0,4.667 39.0,4.667 38.333,3.75 37.692,2.135 39.297,1.695 39.723,1.922 40.014,2.264 40.422,2.905 40.184,3.712 41.777,4.075 42.068,4.434
LECB-N|42.7,-0.067 40.231,-0.93 40.232,-0.025 40.705,0.158 40.704,0.537 40.373,1.076 40.21,0.842 39.667,0.639 39.723,1.922 40.014,2.264 40.422,2.905 40.184,3.712 41.778,4.075 42.068,4.434 42.5,3.0 42.383,2.6 42.467,2.25 42.4,2.05 42.5,2.0 42.5,1.817 42.583,1.817 42.65,1.717 42.683,1.467 42.75,1.417 42.75,1.25 42.883,0.75 42.717,0.633 42.75,0.2 42.7,-0.067
LECB-PPI|42.7,-0.067 40.231,-0.93 40.232,-0.025 40.705,0.158 40.704,0.537 40.373,1.076 40.21,0.842 39.667,0.639 39.723,1.922 40.014,2.264 40.301,2.108 42.65,1.717 42.683,1.467 42.75,1.417 42.75,1.25 42.883,0.75 42.717,0.633 42.75,0.2 42.7,-0.067
LECB-S|42.068,4.434 42.0,4.667 39.0,4.667 38.333,3.75 36.448,-1.007 36.638,-1.499 37.12,-1.775 39.733,-1.1 40.231,-0.93 40.232,-0.025 40.705,0.158 40.704,0.537 40.373,1.076 40.21,0.842 39.667,0.639 39.723,1.922 40.014,2.264 40.422,2.905 40.184,3.712 41.778,4.075 42.068,4.434
LECB-TMA|42.7,-0.067 40.231,-0.93 40.23,0.386 39.708,0.19 39.649,0.228 39.7,1.413 40.292,2.113 40.654,2.048 40.928,3.181 40.754,3.032 40.526,3.366 40.5,3.367 40.501,3.991 40.572,4.069 41.778,4.075 42.068,4.434 42.5,3.0 42.383,2.6 42.467,2.25 42.4,2.05 42.5,2.0 42.5,1.817 42.583,1.817 42.65,1.717 42.683,1.467 42.75,1.417 42.75,1.25 42.883,0.75 42.717,0.633 42.75,0.2 42.7,-0.067
LECB-VNI|40.422,2.905 40.184,3.712 41.777,4.075 42.068,4.434 42.195,4.041 41.799,3.743 41.488,2.963 40.422,2.905
LECB-W|42.7,-0.067 42.75,0.2 42.717,0.633 42.883,0.75 42.75,1.25 42.75,1.417 42.683,1.467 42.65,1.717 40.301,2.108 40.014,2.264 39.723,1.922 39.297,1.695 37.692,2.135 36.448,-1.007 36.638,-1.499 37.12,-1.775 39.733,-1.1 42.7,-0.067
LECL|40.231,0.699 40.578,0.699 40.578,-0.414 40.233,-0.414 40.231,-0.93 40.0,-1.009 40.0,-1.367 39.567,-1.65 39.539,-1.745 39.456,-1.827 39.044,-1.44 38.634,-2.114 38.2,-2.033 37.893,-1.577 37.12,-1.775 37.0,-1.706 37.209,-1.199 37.391,-0.489 37.488,-0.354 38.0,0.167 38.5,0.483 39.25,0.483 39.708,0.19 39.852,0.243 40.231,0.699
LECM|39.031,-6.952 39.117,-7.017 39.117,-7.167 39.169,-7.133 39.2,-7.225 39.278,-7.228 39.389,-7.328 39.458,-7.292 39.489,-7.375 39.661,-7.526 39.661,-7.083 39.686,-7.0 39.8,-6.983 39.867,-6.903 40.014,-6.864 40.1,-6.925 40.133,-7.006 40.231,-7.0 40.267,-6.856 40.297,-6.858 40.367,-6.775 40.45,-6.839 40.533,-6.787 40.569,-6.836 40.65,-6.792 40.833,-6.833 40.85,-6.797 41.033,-6.933 41.05,-6.8 41.11,-6.75 41.128,-6.767 41.244,-6.633 41.239,-6.567 41.361,-6.381 41.383,-6.392 41.386,-6.342 41.583,-6.2 41.661,-6.283 41.689,-6.433 41.661,-6.489 41.692,-6.544 41.75,-6.567 41.872,-6.517 41.886,-6.561 41.933,-6.542 41.969,-6.579 41.942,-6.733 41.987,-6.767 41.987,-6.8 41.95,-6.808 41.944,-6.931 41.974,-6.96 41.953,-7.064 41.986,-7.167 41.9,-7.183 41.812,-7.421 41.864,-7.45 41.831,-7.567 41.843,-7.607 41.881,-7.575 41.906,-7.692 41.854,-7.885 41.925,-7.875 41.925,-7.906 41.883,-7.911 41.803,-8.067 41.817,-8.15 41.883,-8.167 41.906,-8.208 42.017,-8.083 42.061,-8.083 42.067,-8.183 42.147,-8.186 42.092,-8.333 42.05,-8.622 41.933,-8.717 41.867,-8.933 42.0,-10.0 43.0,-13.0 45.0,-13.0 45.0,-8.0 44.333,-4.0 43.583,-1.783 43.392,-1.783 43.32,-1.713 43.233,-1.383 43.1,-1.383 43.15,-1.25 43.083,-1.25 42.983,-0.9 42.983,-0.75 42.833,-0.567 42.867,-0.333 42.817,-0.133 42.7,-0.067 39.733,-1.1 39.031,-1.28 39.0,-1.724 39.008,-4.457 38.91,-4.575 39.008,-4.761 39.0,-6.973 39.031,-6.952
LECM-BDP|42.833,-0.567 42.983,-0.75 42.983,-0.9 43.083,-1.25 43.15,-1.25 43.1,-1.383 43.233,-1.383 43.32,-1.713 43.392,-1.783 43.583,-1.783 44.333,-4.0 44.373,-4.234 42.371,-5.673 42.331,-4.382 41.369,-4.674 41.225,-4.547 40.956,-3.663 41.303,-2.85 41.03,-2.828 41.03,-2.41 42.748,-1.01 42.833,-0.567
LECM-BLU|42.833,-0.567 42.983,-0.75 42.983,-0.9 43.083,-1.25 43.15,-1.25 43.1,-1.383 43.233,-1.383 43.32,-1.713 43.392,-1.783 43.583,-1.783 44.333,-4.0 44.373,-4.234 42.371,-5.673 42.331,-4.382 41.369,-4.674 41.225,-4.547 40.956,-3.663 41.303,-2.85 41.03,-2.828 41.03,-2.41 42.748,-1.01 42.833,-0.567
LECM-CJU|39.031,-3.405 38.992,-3.419 39.0,-1.724 39.031,-1.28 39.733,-1.1 42.7,-0.067 42.817,-0.133 42.867,-0.333 42.748,-1.01 41.03,-2.41 41.03,-2.828 40.5,-2.867 39.031,-3.405
LECM-CZI|39.031,-3.405 38.992,-3.419 39.0,-1.724 39.031,-1.28 39.733,-1.1 42.7,-0.067 42.817,-0.133 42.867,-0.333 42.748,-1.01 41.03,-2.41 41.03,-2.828 40.5,-2.867 39.031,-3.405
LECM-PAU|42.833,-0.567 42.983,-0.75 42.983,-0.9 43.083,-1.25 43.15,-1.25 43.1,-1.383 43.233,-1.383 43.32,-1.713 43.392,-1.783 43.583,-1.783 43.714,-2.169 43.452,-2.331 42.819,-2.616 42.259,-2.624 41.497,-2.781 41.303,-2.85 41.03,-2.828 41.03,-2.41 42.748,-1.01 42.833,-0.567
LECM-R1|42.833,-0.567 42.983,-0.75 42.983,-0.9 43.083,-1.25 43.15,-1.25 43.1,-1.383 43.233,-1.383 43.32,-1.713 43.392,-1.783 43.583,-1.783 44.333,-4.0 45.0,-8.0 45.0,-13.0 43.0,-13.0 42.0,-10.0 41.867,-8.933 41.933,-8.717 42.05,-8.622 42.092,-8.333 42.147,-8.186 42.067,-8.183 42.061,-8.083 42.017,-8.083 41.906,-8.208 41.883,-8.167 41.817,-8.15 41.803,-8.067 41.925,-7.875 41.854,-7.885 41.906,-7.692 41.881,-7.575 41.843,-7.607 41.831,-7.567 41.864,-7.45 41.812,-7.421 41.9,-7.183 41.986,-7.167 41.953,-7.064 41.974,-6.96 41.944,-6.931 41.95,-6.808 41.987,-6.8 41.987,-6.767 41.942,-6.733 41.969,-6.579 41.933,-6.542 41.886,-6.561 41.872,-6.517 41.75,-6.567 41.692,-6.544 41.661,-6.489 41.689,-6.433 41.676,-6.364 42.371,-5.673 42.331,-4.382 41.369,-4.674 41.225,-4.547 40.956,-3.663 41.303,-2.85 41.03,-2.828 41.03,-2.41 42.748,-1.01 42.833,-0.567
LECM-R2|39.031,-6.952 39.0,-6.973 39.008,-4.761 38.91,-4.575 39.008,-4.457 39.0,-1.724 39.031,-1.28 39.733,-1.1 42.7,-0.067 42.817,-0.133 42.867,-0.333 42.748,-1.01 41.03,-2.41 41.03,-2.828 41.303,-2.85 40.956,-3.663 41.225,-4.547 41.369,-4.674 42.331,-4.382 42.371,-5.673 41.676,-6.364 41.661,-6.283 41.583,-6.2 41.386,-6.342 41.383,-6.392 41.361,-6.381 41.239,-6.567 41.244,-6.633 41.128,-6.767 41.11,-6.75 41.05,-6.8 41.033,-6.933 40.85,-6.797 40.833,-6.833 40.65,-6.792 40.569,-6.836 40.533,-6.787 40.45,-6.839 40.367,-6.775 40.297,-6.858 40.267,-6.856 40.231,-7.0 40.133,-7.006 40.1,-6.925 40.014,-6.864 39.867,-6.903 39.8,-6.983 39.686,-7.0 39.661,-7.083 39.661,-7.526 39.489,-7.375 39.458,-7.292 39.389,-7.328 39.278,-7.228 39.2,-7.225 39.169,-7.133 39.117,-7.167 39.117,-7.017 39.031,-6.952
LECM-SAI|44.373,-4.234 45.0,-8.0 45.0,-13.0 43.0,-13.0 42.0,-10.0 41.867,-8.933 41.933,-8.717 42.05,-8.622 42.092,-8.333 42.147,-8.186 42.067,-8.183 42.061,-8.083 42.017,-8.083 41.906,-8.208 41.883,-8.167 41.817,-8.15 41.803,-8.067 41.925,-7.875 41.854,-7.885 41.906,-7.692 41.881,-7.575 41.843,-7.607 41.831,-7.567 41.864,-7.45 41.812,-7.421 41.9,-7.183 41.986,-7.167 41.953,-7.064 41.974,-6.96 41.944,-6.931 41.95,-6.808 41.987,-6.8 41.987,-6.767 41.942,-6.733 41.969,-6.579 41.933,-6.542 41.886,-6.561 41.872,-6.517 41.75,-6.567 41.692,-6.544 41.661,-6.489 41.689,-6.433 41.676,-6.364 42.371,-5.673 44.373,-4.234
LECM-SAO|44.373,-4.234 45.0,-8.0 45.0,-13.0 43.0,-13.0 42.0,-10.0 41.867,-8.933 41.933,-8.717 42.05,-8.622 42.092,-8.333 42.147,-8.186 42.067,-8.183 42.061,-8.083 42.017,-8.083 41.906,-8.208 41.883,-8.167 41.817,-8.15 41.803,-8.067 41.925,-7.875 41.854,-7.885 41.906,-7.692 41.881,-7.575 41.843,-7.607 41.831,-7.567 41.864,-7.45 41.812,-7.421 41.9,-7.183 41.986,-7.167 41.953,-7.064 41.974,-6.96 41.944,-6.931 41.95,-6.808 41.987,-6.8 41.987,-6.767 41.942,-6.733 41.969,-6.579 41.933,-6.542 41.886,-6.561 41.872,-6.517 41.75,-6.567 41.692,-6.544 41.661,-6.489 41.689,-6.433 41.676,-6.364 42.371,-5.673 44.373,-4.234
LECM-SAS|44.373,-4.234 44.903,-7.413 42.0,-10.0 41.867,-8.933 41.933,-8.717 42.05,-8.622 42.092,-8.333 42.147,-8.186 42.067,-8.183 42.061,-8.083 42.017,-8.083 41.906,-8.208 41.883,-8.167 41.817,-8.15 41.803,-8.067 41.925,-7.875 41.854,-7.885 41.906,-7.692 41.881,-7.575 41.843,-7.607 41.831,-7.567 41.864,-7.45 41.812,-7.421 41.9,-7.183 41.986,-7.167 41.953,-7.064 41.974,-6.96 41.944,-6.931 41.95,-6.808 41.987,-6.8 41.987,-6.767 41.942,-6.733 41.969,-6.579 41.933,-6.542 41.886,-6.561 41.872,-6.517 41.75,-6.567 41.692,-6.544 41.661,-6.489 41.689,-6.433 41.676,-6.364 42.371,-5.673 44.373,-4.234
LECM-TLI|39.209,-5.087 39.008,-5.148 39.008,-4.761 38.91,-4.575 39.008,-4.457 39.009,-3.414 40.5,-2.867 41.03,-2.828 41.303,-2.85 40.956,-3.663 41.225,-4.547 41.175,-4.611 40.311,-4.611 40.247,-4.983 39.209,-5.087
LECM-TLU|39.209,-5.087 39.008,-5.148 39.008,-4.761 38.91,-4.575 39.008,-4.457 39.009,-3.414 40.5,-2.867 41.03,-2.828 41.303,-2.85 40.956,-3.663 41.225,-4.547 41.175,-4.611 40.311,-4.611 40.247,-4.983 39.209,-5.087
LECM-ZMI|39.031,-6.952 39.0,-6.973 39.008,-5.148 39.209,-5.087 40.247,-4.983 40.311,-4.611 41.175,-4.611 41.225,-4.547 41.369,-4.674 42.331,-4.382 42.371,-5.673 41.676,-6.364 41.661,-6.283 41.583,-6.2 41.386,-6.342 41.383,-6.392 41.361,-6.381 41.239,-6.567 41.244,-6.633 41.128,-6.767 41.11,-6.75 41.05,-6.8 41.033,-6.933 40.85,-6.797 40.833,-6.833 40.65,-6.792 40.569,-6.836 40.533,-6.787 40.45,-6.839 40.367,-6.775 40.297,-6.858 40.267,-6.856 40.231,-7.0 40.133,-7.006 40.1,-6.925 40.014,-6.864 39.867,-6.903 39.8,-6.983 39.686,-7.0 39.661,-7.083 39.661,-7.526 39.489,-7.375 39.458,-7.292 39.389,-7.328 39.278,-7.228 39.2,-7.225 39.169,-7.133 39.117,-7.167 39.117,-7.017 39.031,-6.952
LECM-ZMU|39.031,-6.952 39.0,-6.973 39.008,-4.761 38.91,-4.575 39.008,-4.457 39.009,-3.414 40.5,-2.867 41.03,-2.828 41.303,-2.85 40.956,-3.663 41.225,-4.547 41.369,-4.674 42.331,-4.382 42.371,-5.673 41.676,-6.364 41.661,-6.283 41.583,-6.2 41.386,-6.342 41.383,-6.392 41.361,-6.381 41.239,-6.567 41.244,-6.633 41.128,-6.767 41.11,-6.75 41.05,-6.8 41.033,-6.933 40.85,-6.797 40.833,-6.833 40.65,-6.792 40.569,-6.836 40.533,-6.787 40.45,-6.839 40.367,-6.775 40.297,-6.858 40.267,-6.856 40.231,-7.0 40.133,-7.006 40.1,-6.925 40.014,-6.864 39.867,-6.903 39.8,-6.983 39.686,-7.0 39.661,-7.083 39.661,-7.526 39.489,-7.375 39.458,-7.292 39.389,-7.328 39.278,-7.228 39.2,-7.225 39.169,-7.133 39.117,-7.167 39.117,-7.017 39.031,-6.952
LECP|40.5,4.667 40.5,2.358 39.7,1.413 39.649,0.228 39.25,0.483 38.5,0.483 38.41,0.426 38.608,1.055 38.608,1.118 38.433,1.467 38.751,2.228 39.08,3.514 39.444,4.338 39.511,4.338 39.716,4.667 40.5,4.667
LECS|39.0,-6.973 39.008,-4.761 38.91,-4.575 39.008,-4.457 39.0,-1.724 39.031,-1.28 37.12,-1.775 36.638,-1.499 36.448,-1.007 36.25,-1.5 35.833,-2.1 35.833,-2.333 35.099,-2.342 35.257,-2.873 35.208,-2.956 35.237,-3.028 35.203,-3.5 35.833,-3.5 35.833,-7.383 37.183,-7.383 37.251,-7.428 37.417,-7.44 37.558,-7.519 37.766,-7.404 37.886,-7.276 37.989,-7.247 38.001,-7.133 38.041,-7.095 38.033,-6.99 38.083,-7.0 38.214,-6.933 38.176,-7.072 38.425,-7.283 38.439,-7.329 38.485,-7.296 38.5,-7.333 38.629,-7.242 38.728,-7.25 38.817,-7.089 39.0,-6.973
LECS-CEN|37.959,-1.675 37.522,-2.829 37.824,-3.142 37.795,-3.67 37.528,-3.779 37.533,-4.374 37.336,-4.395 36.896,-4.692 36.895,-5.045 37.026,-5.425 36.167,-5.667 36.443,-5.021 36.207,-4.637 36.183,-3.867 36.337,-3.867 36.453,-1.948 36.638,-1.499 37.12,-1.775 37.893,-1.577 37.959,-1.675
LECS-NCS|39.008,-4.081 39.0,-1.724 39.031,-1.28 37.12,-1.775 36.638,-1.499 36.448,-1.007 36.25,-1.5 35.833,-2.1 35.833,-2.333 35.099,-2.342 35.257,-2.873 35.208,-2.956 35.237,-3.028 35.203,-3.5 35.833,-3.5 35.833,-5.7 36.167,-5.667 37.534,-5.281 37.533,-4.742 39.008,-4.081
LECS-SM2|39.0,-6.973 39.008,-4.761 38.91,-4.575 39.008,-4.457 39.008,-4.081 37.533,-4.742 37.534,-5.281 36.167,-5.667 35.833,-5.7 35.833,-7.383 37.183,-7.383 37.251,-7.428 37.417,-7.44 37.558,-7.519 37.766,-7.404 37.886,-7.276 37.989,-7.247 38.001,-7.133 38.041,-7.095 38.033,-6.99 38.083,-7.0 38.214,-6.933 38.176,-7.072 38.425,-7.283 38.439,-7.329 38.485,-7.296 38.5,-7.333 38.629,-7.242 38.728,-7.25 38.817,-7.089 39.0,-6.973
LFBB|44.432,4.274 44.859,3.369 45.358,4.491 45.689,4.229 45.778,3.669 46.524,3.37 46.567,3.5 48.133,2.61 48.133,1.782 47.954,1.715 47.55,1.634 47.166,1.467 47.004,0.987 47.081,0.453 47.044,-0.25 46.5,-0.25 46.213,-0.942 45.981,-1.66 44.065,-1.759 43.681,-2.07 43.583,-1.783 43.392,-1.783 43.32,-1.713 43.233,-1.383 43.1,-1.383 43.15,-1.25 43.083,-1.25 42.983,-0.9 42.983,-0.75 42.833,-0.567 42.867,-0.333 42.817,-0.133 42.7,-0.067 42.75,0.2 42.717,0.633 42.883,0.75 42.75,1.25 42.75,1.417 42.683,1.467 42.65,1.717 42.583,1.817 42.5,1.817 42.5,2.0 42.4,2.05 42.467,2.25 42.383,2.6 42.5,3.0 42.433,3.167 43.603,3.842 44.085,4.222 44.432,4.274
LFBB-H|42.656,1.672 42.583,1.817 42.5,1.817 42.5,2.0 42.4,2.05 42.467,2.25 42.383,2.6 42.5,3.0 42.433,3.167 43.603,3.842 44.085,4.222 44.432,4.274 44.859,3.369 44.517,2.625 43.919,1.472 42.656,1.672
LFBB-L|45.193,1.098 45.883,0.907 47.004,0.987 47.166,1.467 46.882,1.814 46.371,2.353 44.96,2.428 44.761,2.281 45.193,1.098
LFBB-N|42.848,-0.26 43.492,0.647 43.919,1.472 42.656,1.672 42.683,1.467 42.75,1.417 42.75,1.25 42.883,0.75 42.717,0.633 42.75,0.2 42.7,-0.067 42.817,-0.133 42.848,-0.26
LFBB-P|46.524,3.37 46.189,2.363 46.371,2.353 46.882,1.814 47.166,1.467 47.55,1.634 47.954,1.715 48.133,1.782 48.133,2.61 46.567,3.5 46.524,3.37
LFBB-R|47.004,0.987 45.883,0.907 45.193,1.098 45.032,0.657 44.397,0.024 44.399,-0.216 44.817,-0.717 44.817,-1.72 45.981,-1.66 46.213,-0.942 46.5,-0.25 47.044,-0.25 47.081,0.453 47.004,0.987
LFBB-T|44.859,3.369 44.517,2.625 44.761,2.281 44.96,2.428 46.189,2.363 46.524,3.37 45.778,3.669 45.689,4.229 45.358,4.491 44.859,3.369
LFBB-UN|44.761,2.281 45.193,1.098 45.032,0.657 44.397,0.024 44.399,-0.216 44.817,-0.717 44.817,-1.72 45.981,-1.66 46.213,-0.942 46.5,-0.25 47.044,-0.25 47.081,0.453 47.004,0.987 47.166,1.467 47.55,1.634 47.954,1.715 48.133,1.782 48.133,2.61 46.567,3.5 46.524,3.37 45.778,3.669 45.689,4.229 45.358,4.491 44.517,2.625 44.761,2.281
LFBB-US|44.859,3.369 44.517,2.625 44.761,2.281 45.193,1.098 45.032,0.657 44.397,0.024 44.399,-0.216 44.817,-0.717 44.817,-1.72 44.065,-1.759 43.681,-2.07 43.583,-1.783 43.392,-1.783 43.32,-1.713 43.233,-1.383 43.1,-1.383 43.15,-1.25 43.083,-1.25 42.983,-0.9 42.983,-0.75 42.833,-0.567 42.867,-0.333 42.817,-0.133 42.7,-0.067 42.75,0.2 42.717,0.633 42.883,0.75 42.75,1.25 42.75,1.417 42.683,1.467 42.65,1.717 42.583,1.817 42.5,1.817 42.5,2.0 42.4,2.05 42.467,2.25 42.383,2.6 42.5,3.0 42.433,3.167 43.603,3.842 44.085,4.222 44.432,4.274 44.859,3.369
LFBB-X|43.492,0.647 44.397,0.024 45.032,0.657 45.193,1.098 44.761,2.281 44.517,2.625 43.492,0.647
LFBB-Z|44.817,-1.72 44.065,-1.759 43.681,-2.07 43.583,-1.783 43.392,-1.783 43.32,-1.713 43.233,-1.383 43.1,-1.383 43.15,-1.25 43.083,-1.25 42.983,-0.9 42.983,-0.75 42.833,-0.567 42.867,-0.333 42.848,-0.26 43.492,0.647 44.397,0.024 44.399,-0.216 44.817,-0.717 44.817,-1.72
LFEE|47.633,7.499 47.583,7.567 47.483,7.5 47.5,7.433 47.372,7.343 47.364,7.043 47.343,7.061 47.282,6.941 47.243,6.955 47.067,6.683 47.067,6.3 46.983,5.958 46.7,5.583 46.7,5.183 47.349,4.489 47.267,4.077 47.528,3.529 47.999,3.235 48.395,2.793 48.583,3.017 49.266,2.241 49.922,1.403 50.229,1.952 50.602,1.538 50.712,1.735 50.905,1.465 51.0,1.467 51.117,2.0 51.083,2.55 50.8,2.617 50.8,2.717 50.717,2.783 50.7,2.9 50.783,3.117 50.683,3.233 50.517,3.283 50.483,3.383 50.483,3.617 50.292,3.683 50.333,3.792 50.317,3.9 50.35,4.017 50.257,4.157 50.15,4.117 50.1,4.2 50.017,4.125 49.95,4.183 49.933,4.483 50.0,4.683 50.098,4.715 50.138,4.764 50.168,4.825 50.156,4.878 50.14,4.896 49.95,4.8 49.917,4.858 49.783,4.85 49.758,5.067 49.692,5.175 49.667,5.3 49.617,5.317 49.608,5.4 49.5,5.483 49.55,5.917 49.45,6.0 49.467,6.417 49.417,6.517 49.15,6.733 49.15,6.85 49.217,6.85 49.2,6.9 49.233,7.0 49.117,7.05 49.15,7.117 49.117,7.217 49.167,7.467 49.117,7.517 49.05,7.683 49.067,7.817 48.967,8.217 48.817,8.083 48.767,7.967 48.667,7.9 48.6,7.8 48.506,7.798 48.367,7.733 48.328,7.746 48.083,7.57 47.974,7.619 47.633,7.499
LFEE-E|48.583,3.017 48.667,3.117 48.7,3.5 48.976,4.215 48.95,4.798 49.45,6.0 49.467,6.417 49.417,6.517 49.15,6.733 49.15,6.85 49.217,6.85 49.2,6.9 49.233,7.0 49.117,7.05 49.15,7.117 49.117,7.217 49.167,7.467 49.117,7.517 49.05,7.683 49.067,7.817 48.967,8.217 48.817,8.083 48.767,7.967 48.667,7.9 48.6,7.8 48.506,7.798 48.367,7.733 48.328,7.746 48.083,7.57 47.974,7.619 47.633,7.499 47.583,7.567 47.483,7.5 47.5,7.433 47.372,7.343 47.364,7.043 47.343,7.061 47.282,6.941 47.243,6.955 47.067,6.683 47.067,6.3 46.983,5.958 46.7,5.583 46.7,5.183 47.349,4.489 47.267,4.077 47.528,3.529 47.999,3.235 48.395,2.793 48.583,3.017
LFEE-N|49.45,6.0 48.95,4.798 48.976,4.215 48.7,3.5 48.667,3.117 48.583,3.017 49.266,2.241 49.922,1.403 50.229,1.952 50.602,1.538 50.712,1.735 50.905,1.465 51.0,1.467 51.117,2.0 51.083,2.55 50.8,2.617 50.8,2.717 50.717,2.783 50.7,2.9 50.783,3.117 50.683,3.233 50.517,3.283 50.483,3.383 50.483,3.617 50.292,3.683 50.333,3.792 50.317,3.9 50.35,4.017 50.257,4.157 50.15,4.117 50.1,4.2 50.017,4.125 49.95,4.183 49.933,4.483 50.0,4.683 50.098,4.715 50.138,4.764 50.168,4.825 50.156,4.878 50.14,4.896 49.95,4.8 49.917,4.858 49.783,4.85 49.758,5.067 49.692,5.175 49.667,5.3 49.617,5.317 49.608,5.4 49.5,5.483 49.55,5.917 49.45,6.0
LFFF|46.5,5.162 46.233,5.133 46.283,4.5 46.283,3.683 47.314,3.065 47.179,2.434 46.882,1.814 47.166,1.467 47.004,0.987 47.081,0.453 47.044,-0.25 47.167,-0.25 47.521,-0.694 47.933,-0.25 50.0,-0.25 50.401,0.77 49.922,1.403 50.229,1.952 50.602,1.538 50.712,1.735 50.905,1.465 51.0,1.467 51.117,2.0 51.083,2.55 50.8,2.617 50.8,2.717 50.717,2.783 50.7,2.9 50.783,3.117 50.683,3.233 50.517,3.283 50.483,3.383 50.483,3.617 50.292,3.683 50.333,3.792 50.317,3.9 50.35,4.017 50.257,4.157 50.15,4.117 50.1,4.2 50.017,4.125 49.95,4.183 49.933,4.483 50.0,4.683 50.098,4.715 50.138,4.764 50.168,4.825 50.156,4.878 50.14,4.896 49.95,4.8 49.917,4.858 49.783,4.85 49.758,5.067 49.692,5.175 49.667,5.3 49.617,5.317 49.608,5.4 49.5,5.483 49.55,5.917 49.45,6.0 49.467,6.417 49.417,6.517 49.15,6.733 49.15,6.85 49.217,6.85 49.2,6.9 49.233,7.0 49.117,7.05 49.15,7.117 49.117,7.217 49.167,7.467 49.117,7.517 49.05,7.683 49.067,7.817 48.967,8.217 48.817,8.083 48.767,7.967 48.667,7.9 48.6,7.8 48.506,7.798 48.367,7.733 48.328,7.746 48.083,7.57 47.974,7.619 47.633,7.499 47.583,7.567 47.483,7.5 47.5,7.433 47.372,7.343 47.364,7.043 47.343,7.061 47.282,6.941 47.243,6.955 47.067,6.683 47.067,6.3 46.983,5.958 46.7,5.583 46.7,5.183 46.5,5.162
LFFF-AENB|50.317,3.9 50.35,4.017 50.25,4.167 50.15,4.117 50.1,4.2 50.017,4.125 49.95,4.183 49.933,4.483 50.0,4.683 50.098,4.715 50.138,4.764 50.168,4.825 50.156,4.878 50.14,4.896 49.95,4.8 49.917,4.858 49.783,4.85 49.758,5.067 49.692,5.175 49.667,5.3 49.617,5.317 49.608,5.4 49.566,5.433 49.267,4.05 49.076,2.455 49.922,1.403 50.229,1.952 50.602,1.538 50.712,1.735 50.905,1.465 51.0,1.467 51.117,2.0 51.083,2.55 50.8,2.617 50.8,2.717 50.717,2.783 50.7,2.9 50.783,3.117 50.683,3.233 50.517,3.283 50.483,3.383 50.483,3.617 50.292,3.683 50.333,3.792 50.317,3.9
LFFF-AOML|47.349,4.489 47.267,4.077 47.528,3.529 47.999,3.235 48.395,2.793 48.583,3.017 49.076,2.455 49.267,4.05 49.566,5.433 49.5,5.483 49.55,5.917 49.45,6.0 48.95,4.8 48.25,5.733 48.167,5.167 47.97,4.945 47.777,5.269 47.349,4.489
LFFF-DGTJ|47.64,5.018 47.777,5.269 47.467,5.783 46.983,5.958 46.7,5.583 46.7,5.183 46.233,5.133 46.283,4.5 46.283,3.683 47.314,3.065 47.179,2.434 46.882,1.814 47.166,1.467 47.55,1.634 47.954,1.715 48.133,1.782 48.133,2.61 48.395,2.793 47.999,3.235 47.528,3.529 47.267,4.077 47.349,4.489 47.64,5.018
LFFF-LOW|49.783,4.85 49.758,5.067 49.692,5.175 49.667,5.3 49.617,5.317 49.608,5.4 49.5,5.483 49.55,5.917 49.45,6.0 48.95,4.8 48.25,5.733 48.167,5.167 47.97,4.945 47.467,5.783 46.983,5.958 46.7,5.583 46.7,5.183 46.233,5.133 46.283,4.5 46.283,3.683 47.314,3.065 47.179,2.434 46.882,1.814 47.166,1.467 47.004,0.987 47.081,0.453 47.044,-0.25 47.167,-0.25 47.521,-0.694 47.933,-0.25 50.0,-0.25 50.401,0.77 49.922,1.403 50.171,1.859 50.229,1.952 50.602,1.538 50.712,1.735 50.905,1.465 51.0,1.467 51.117,2.0 51.083,2.55 50.8,2.617 50.8,2.717 50.717,2.783 50.7,2.9 50.783,3.117 50.683,3.233 50.517,3.283 50.483,3.383 50.483,3.617 50.292,3.683 50.333,3.792 50.317,3.9 50.35,4.017 50.257,4.157 50.15,4.117 50.1,4.2 50.017,4.125 49.95,4.183 49.933,4.483 50.0,4.683 50.098,4.715 50.138,4.764 50.168,4.824 50.156,4.878 50.14,4.896 49.95,4.8 49.917,4.858 49.783,4.85
LFFF-OPKZ|47.55,1.634 47.166,1.467 47.004,0.987 47.081,0.453 47.044,-0.25 47.167,-0.25 47.521,-0.694 47.933,-0.25 50.0,-0.25 50.401,0.77 49.266,2.241 48.583,3.017 48.395,2.793 48.133,2.61 48.133,1.782 47.954,1.715 47.55,1.634
LFFF-RPAE|47.166,1.467 47.55,1.634 47.954,1.715 48.133,1.782 48.133,2.61 48.395,2.793 48.667,3.117 48.7,3.5 48.976,4.215 48.95,4.798 48.25,5.733 48.167,5.167 47.97,4.945 47.467,5.783 46.983,5.958 46.7,5.583 46.7,5.183 46.233,5.133 46.283,4.5 46.283,3.683 47.314,3.065 47.179,2.434 46.882,1.814 47.166,1.467
LFFF-RPAW|49.45,6.0 48.95,4.798 48.976,4.215 48.7,3.5 48.667,3.117 48.395,2.793 48.133,2.61 48.133,1.782 47.954,1.715 47.55,1.634 47.166,1.467 47.004,0.987 47.081,0.453 47.044,-0.25 47.167,-0.25 47.521,-0.694 47.933,-0.25 50.0,-0.25 50.401,0.77 49.922,1.403 50.171,1.859 50.229,1.952 50.602,1.538 50.712,1.735 50.905,1.465 51.0,1.467 51.117,2.0 51.083,2.55 50.8,2.617 50.8,2.717 50.717,2.783 50.7,2.9 50.783,3.117 50.683,3.233 50.517,3.283 50.483,3.383 50.483,3.617 50.292,3.683 50.333,3.792 50.317,3.9 50.35,4.017 50.257,4.157 50.15,4.117 50.1,4.2 50.017,4.125 49.95,4.183 49.933,4.483 50.0,4.683 50.098,4.715 50.138,4.764 50.168,4.825 50.156,4.878 50.14,4.896 49.95,4.8 49.917,4.858 49.783,4.85 49.758,5.067 49.692,5.175 49.667,5.3 49.617,5.317 49.608,5.4 49.5,5.483 49.55,5.917 49.45,6.0
LFMM|42.0,4.667 42.358,3.508 42.433,3.167 43.603,3.842 44.085,4.222 44.431,4.274 44.859,3.369 45.358,4.491 45.689,4.229 45.778,3.669 46.524,3.37 46.567,3.5 46.283,3.683 46.283,4.5 46.233,5.133 46.117,5.7 45.85,6.05 45.583,6.333 44.8,6.767 44.814,7.128 44.142,7.286 44.146,7.625 44.023,7.752 43.819,7.755 43.702,7.838 43.167,9.75 41.673,9.75 41.332,9.498 41.331,8.332 41.0,8.0 39.0,8.0 39.0,4.667 42.0,4.667
LFMM-MEU|44.142,7.286 44.146,7.625 44.023,7.752 44.0,7.667 43.475,6.742 43.367,5.876 43.602,5.861 43.613,5.711 43.791,5.428 43.95,5.278 43.95,5.175 44.65,5.042 44.988,5.496 45.196,5.311 45.207,4.859 45.358,4.491 45.689,4.229 45.778,3.669 46.524,3.37 46.567,3.5 46.283,3.683 46.283,4.5 46.233,5.133 46.117,5.7 45.85,6.05 45.583,6.333 44.8,6.767 44.814,7.128 44.142,7.286
LFMM-MME|43.405,8.915 43.167,9.75 41.673,9.75 41.332,9.498 41.331,8.332 41.514,8.333 42.285,6.359 42.917,6.724 43.004,6.639 42.939,6.278 43.033,6.186 43.418,6.192 43.475,6.742 44.0,7.667 44.023,7.752 43.819,7.755 43.702,7.838 43.405,8.915
LFMM-MMW|43.418,6.192 43.033,6.186 42.939,6.278 43.004,6.639 42.917,6.724 41.992,6.183 41.619,5.193 41.142,4.667 42.0,4.667 42.358,3.508 42.433,3.167 43.603,3.842 44.085,4.222 44.431,4.274 44.859,3.369 45.358,4.491 45.689,4.229 45.778,3.669 46.524,3.37 46.567,3.5 46.283,3.683 46.283,4.5 46.233,5.133 46.117,5.7 45.85,6.05 45.583,6.333 44.99,6.662 44.365,6.285 44.973,5.773 44.988,5.496 44.65,5.042 43.95,5.175 43.95,5.278 43.791,5.428 43.613,5.711 43.602,5.861 43.367,5.876 43.418,6.192
LFMM-MRAE|43.167,9.75 41.673,9.75 41.332,9.498 41.331,8.332 41.514,8.333 42.285,6.359 42.917,6.724 43.004,6.639 42.939,6.278 43.033,6.186 43.418,6.192 43.367,5.876 43.602,5.861 43.613,5.711 43.791,5.428 43.95,5.278 43.95,5.175 44.65,5.042 44.988,5.496 45.196,5.311 45.207,4.859 45.358,4.491 45.689,4.229 45.778,3.669 46.524,3.37 46.567,3.5 46.283,3.683 46.283,4.5 46.233,5.133 46.117,5.7 45.85,6.05 45.583,6.333 44.8,6.767 44.814,7.128 44.142,7.286 44.146,7.625 44.023,7.752 43.819,7.755 43.702,7.838 43.167,9.75
LFMM-MRAW|39.999,8.004 39.0,8.0 39.0,4.667 42.0,4.667 42.358,3.508 42.433,3.167 43.603,3.842 44.085,4.222 44.431,4.274 44.859,3.369 45.358,4.491 45.207,4.859 45.196,5.311 44.988,5.496 44.65,5.042 43.95,5.175 43.95,5.278 43.791,5.428 43.613,5.711 43.602,5.861 43.367,5.876 43.418,6.192 43.033,6.186 42.939,6.278 43.004,6.639 42.917,6.724 42.285,6.359 41.514,8.333 41.331,8.332 41.0,8.0 39.999,8.004
LFMM-MWU|39.999,8.004 39.0,8.0 39.0,4.667 42.0,4.667 42.358,3.508 42.433,3.167 43.603,3.842 44.085,4.222 44.431,4.274 44.859,3.369 45.358,4.491 45.207,4.859 45.196,5.311 44.988,5.496 44.65,5.042 43.95,5.175 43.95,5.278 43.791,5.428 43.613,5.711 43.602,5.861 43.367,5.876 43.418,6.192 43.033,6.186 42.939,6.278 43.004,6.639 42.917,6.724 42.285,6.359 41.514,8.333 41.331,8.332 41.0,8.0 39.999,8.004
LFRR|44.065,-1.759 45.981,-1.66 46.213,-0.942 46.5,-0.25 47.044,-0.25 47.081,0.453 47.004,0.987 47.166,1.467 47.55,1.634 47.954,1.715 48.133,1.782 48.133,2.61 48.395,2.793 48.583,3.017 49.266,2.241 50.401,0.77 50.0,-0.25 50.0,-2.0 49.478,-4.916 49.583,-8.0 45.0,-8.0 44.333,-4.0 43.681,-2.07 44.065,-1.759
LFRR-A|44.526,-5.154 45.775,-3.822 46.311,-3.018 46.623,-3.106 47.285,-2.964 47.245,-5.145 47.25,-8.0 45.0,-8.0 44.526,-5.154
LFRR-E|47.55,1.634 47.166,1.467 47.004,0.987 47.081,0.453 47.044,-0.25 47.167,-0.25 47.521,-0.694 47.933,-0.25 50.0,-0.25 50.401,0.77 49.266,2.241 48.583,3.017 48.395,2.793 48.133,2.61 48.133,1.782 47.954,1.715 47.55,1.634
LFRR-G|44.333,-4.0 43.681,-2.07 44.065,-1.759 45.981,-1.66 46.311,-3.018 45.775,-3.822 44.526,-5.154 44.333,-4.0
LFRR-J|48.462,-0.25 48.181,-0.749 48.047,-2.259 48.51,-2.559 48.808,-2.572 49.729,-1.974 50.0,-2.0 50.0,-0.25 48.462,-0.25
LFRR-K|48.796,-4.032 48.808,-2.572 48.51,-2.559 48.047,-2.259 47.285,-2.964 47.245,-5.145 48.625,-4.335 48.796,-4.032
LFRR-N|45.981,-1.66 46.311,-3.018 46.623,-3.106 47.285,-2.964 48.047,-2.259 48.181,-0.749 48.462,-0.25 47.933,-0.25 47.521,-0.694 47.167,-0.25 46.5,-0.25 46.213,-0.942 45.981,-1.66
LFRR-S|44.817,-1.72 45.981,-1.66 46.213,-0.942 46.5,-0.25 47.167,-0.25 47.521,-0.694 47.933,-0.25 48.462,-0.25 48.181,-0.749 48.047,-2.259 47.285,-2.964 47.245,-5.145 47.25,-8.0 45.0,-8.0 44.333,-4.0 43.681,-2.07 44.065,-1.759 44.817,-1.72
LFRR-V|48.808,-2.572 48.796,-4.032 49.567,-4.45 50.0,-2.0 49.729,-1.974 48.808,-2.572
LFRR-VK|47.285,-2.964 47.245,-5.145 48.625,-4.335 48.796,-4.032 49.567,-4.45 50.0,-2.0 49.729,-1.974 48.808,-2.572 48.51,-2.559 48.047,-2.259 47.285,-2.964
LFRR-W|47.25,-5.5 47.25,-8.0 49.583,-8.0 49.478,-4.916 50.0,-2.0 50.0,-0.25 48.462,-0.25 48.181,-0.749 48.047,-2.259 47.285,-2.964 47.25,-5.5
LGGG|41.708,26.363 41.567,26.55 41.367,26.583 41.267,26.3 40.958,26.283 40.617,25.875 40.383,25.9 40.25,25.667 40.1,25.6 39.95,25.7 39.5,25.7 39.383,26.0 39.467,26.417 39.017,26.783 38.667,26.317 38.483,26.35 38.3,26.183 38.247,26.169 38.0,26.5 38.0,26.933 37.833,27.15 37.717,27.1 37.667,26.983 37.567,26.983 37.55,27.05 37.267,27.183 37.15,27.1 36.967,27.25 36.9,27.433 36.817,27.433 36.733,27.233 36.567,27.45 36.717,27.85 36.7,27.933 36.517,27.967 36.567,28.3 36.217,28.883 36.1,29.25 36.183,29.383 36.183,29.583 36.067,29.733 36.083,30.0 33.5,30.0 34.0,27.167 34.0,24.167 34.333,23.583 36.5,19.0 40.417,19.0 39.983,19.65 39.983,19.767 39.85,19.967 39.688,20.0 39.703,20.034 39.652,20.19 39.733,20.308 39.809,20.284 39.796,20.372 39.821,20.408 39.985,20.308 40.0,20.397 40.07,20.433 40.065,20.578 40.098,20.684 40.174,20.68 40.216,20.727 40.276,20.716 40.361,20.794 40.434,20.805 40.477,20.846 40.47,20.955 40.562,21.046 40.677,21.057 40.774,20.968 40.858,20.992 40.853,21.149 40.885,21.215 40.861,21.278 40.921,21.433 40.872,21.603 40.937,21.687 40.931,21.791 40.984,21.813 41.051,21.916 41.088,21.917 41.157,22.068 41.122,22.127 41.164,22.23 41.118,22.595 41.184,22.657 41.146,22.725 41.321,22.769 41.322,23.21 41.376,23.235 41.403,23.302 41.364,23.341 41.404,23.437 41.377,23.649 41.479,23.921 41.435,23.972 41.463,24.066 41.518,24.06 41.547,24.099 41.517,24.182 41.57,24.267 41.511,24.309 41.527,24.461 41.567,24.535 41.419,24.616 41.421,24.719 41.349,24.808 41.395,24.824 41.406,24.914 41.343,25.119 41.247,25.236 41.277,25.524 41.316,25.569 41.289,25.707 41.344,25.82 41.307,25.899 41.359,26.122 41.442,26.192 41.485,26.153 41.534,26.182 41.613,26.14 41.649,26.069 41.699,26.058 41.745,26.156 41.708,26.363
LGGG-KAV|36.083,30.0 33.5,30.0 33.924,27.623 35.05,27.361 35.846,27.666 36.334,28.666 36.217,28.883 36.1,29.25 36.183,29.383 36.183,29.583 36.067,29.733 36.083,30.0
LGGG-KFN|39.933,19.0 37.467,22.962 36.24,23.329 36.118,23.027 37.75,19.0 39.933,19.0
LGGG-KRK|34.0,24.167 34.333,23.583 36.5,19.0 40.417,19.0 39.983,19.65 39.983,19.767 39.85,19.967 39.688,20.0 39.703,20.034 39.652,20.19 39.733,20.308 39.809,20.284 39.796,20.372 39.821,20.408 39.985,20.308 40.0,20.397 40.07,20.433 40.065,20.578 40.098,20.684 40.174,20.68 40.216,20.727 40.276,20.716 40.361,20.794 40.434,20.805 37.81,23.457 37.467,22.962 36.24,23.329 35.333,24.0 35.267,25.0 34.0,25.5 34.0,24.167
LGGG-MIL|37.933,24.655 36.795,25.347 36.383,26.0 36.297,26.79 35.846,27.666 35.05,27.361 33.924,27.623 34.0,27.167 34.0,25.5 35.267,25.0 35.333,24.0 36.24,23.329 37.467,22.962 37.81,23.457 37.849,24.302 37.933,24.655
LGGG-PLH|39.933,19.0 37.467,22.962 36.24,23.329 35.333,24.0 35.267,25.0 34.0,25.5 34.0,24.167 34.333,23.583 36.5,19.0 39.933,19.0
LGGG-RDS|37.849,24.302 38.247,26.169 38.0,26.5 38.0,26.933 37.833,27.15 37.717,27.1 37.667,26.983 37.567,26.983 37.55,27.05 37.267,27.183 37.15,27.1 36.967,27.25 36.9,27.433 36.817,27.433 36.733,27.233 36.567,27.45 36.717,27.85 36.7,27.933 36.517,27.967 36.567,28.3 36.217,28.883 36.1,29.25 36.183,29.383 36.183,29.583 36.067,29.733 36.083,30.0 33.5,30.0 34.0,27.167 34.0,25.5 35.267,25.0 35.333,24.0 36.24,23.329 37.467,22.962 37.81,23.457 37.849,24.302
LGGG-SIT|36.083,30.0 33.5,30.0 34.0,27.167 34.0,25.5 35.267,25.0 35.233,25.436 35.854,25.436 36.383,26.0 36.297,26.79 35.846,27.666 36.334,28.666 36.217,28.883 36.1,29.25 36.183,29.383 36.183,29.583 36.067,29.733 36.083,30.0
LGMD-KVL|38.247,26.169 37.849,24.302 38.971,24.538 40.005,23.497 40.042,23.684 41.118,22.595 41.184,22.657 41.146,22.725 41.321,22.769 41.322,23.21 41.376,23.235 41.403,23.302 41.364,23.341 41.404,23.437 41.377,23.649 41.479,23.921 41.435,23.972 41.463,24.066 41.518,24.06 41.547,24.099 41.517,24.182 41.57,24.267 41.511,24.309 41.527,24.461 41.567,24.535 41.419,24.616 41.421,24.719 41.349,24.808 41.395,24.824 41.406,24.914 41.343,25.119 41.247,25.236 41.241,25.333 41.29,25.479 41.277,25.524 41.316,25.569 41.289,25.707 41.344,25.82 41.307,25.899 41.359,26.122 41.442,26.192 41.485,26.153 41.534,26.182 41.613,26.14 41.649,26.069 41.699,26.058 41.745,26.156 41.708,26.363 41.567,26.55 41.367,26.583 41.267,26.3 40.958,26.283 40.617,25.875 40.383,25.9 40.25,25.667 40.1,25.6 39.95,25.7 39.5,25.7 39.383,26.0 39.467,26.417 39.017,26.783 38.667,26.317 38.483,26.35 38.3,26.183 38.247,26.169
LGMD-LMO|38.247,26.169 37.849,24.302 38.971,24.538 40.005,23.497 40.056,23.756 40.1,25.6 39.95,25.7 39.5,25.7 39.383,26.0 39.467,26.417 39.017,26.783 38.667,26.317 38.483,26.35 38.3,26.183 38.247,26.169
LGMD-W|37.933,24.655 37.849,24.302 37.81,23.457 40.434,20.805 40.477,20.846 40.47,20.955 40.562,21.046 40.677,21.057 40.774,20.968 40.858,20.992 40.853,21.149 40.885,21.215 40.861,21.278 40.921,21.433 40.872,21.603 40.937,21.687 40.931,21.791 40.984,21.813 41.051,21.916 41.088,21.917 41.157,22.068 41.122,22.127 41.164,22.23 41.118,22.595 41.184,22.657 41.146,22.725 41.321,22.769 41.322,23.21 41.376,23.235 41.403,23.302 41.364,23.341 41.404,23.437 41.377,23.649 41.479,23.921 41.435,23.972 41.463,24.066 41.518,24.06 41.547,24.099 41.517,24.182 41.57,24.267 41.511,24.309 41.527,24.461 41.567,24.535 41.419,24.616 41.421,24.719 41.349,24.808 41.395,24.824 41.406,24.914 41.343,25.119 41.247,25.236 41.241,25.333 41.29,25.479 41.277,25.524 41.316,25.569 41.289,25.707 41.344,25.82 41.307,25.899 41.359,26.122 41.442,26.192 41.485,26.153 41.534,26.182 41.613,26.14 41.649,26.069 41.699,26.058 41.745,26.156 41.708,26.363 41.567,26.55 41.367,26.583 41.267,26.3 40.958,26.283 40.617,25.875 40.383,25.9 40.25,25.667 40.1,25.6 39.95,25.7 39.5,25.7 39.383,26.0 39.467,26.417 39.017,26.783 38.667,26.317 38.483,26.35 38.3,26.183 38.247,26.169 37.933,24.655
LHCC|46.883,16.117 46.962,16.275 47.017,16.3 47.017,16.517 47.033,16.45 47.05,16.533 47.1,16.467 47.133,16.533 47.15,16.467 47.267,16.483 47.417,16.45 47.417,16.567 47.55,16.717 47.633,16.65 47.667,16.421 47.767,16.633 47.683,16.75 47.717,16.867 47.683,16.883 47.717,17.083 47.867,17.017 48.017,17.167 48.022,17.253 47.75,17.733 47.75,18.675 47.817,18.767 47.817,18.875 47.883,18.783 47.942,18.774 48.042,18.817 48.1,19.496 48.208,19.533 48.242,19.65 48.133,19.933 48.289,20.25 48.283,20.333 48.515,20.51 48.538,20.5 48.583,20.842 48.521,20.967 48.517,21.104 48.492,21.113 48.539,21.217 48.525,21.308 48.56,21.325 48.562,21.425 48.589,21.442 48.508,21.567 48.509,21.614 48.354,21.733 48.342,21.833 48.365,21.854 48.379,22.126 48.425,22.225 48.413,22.279 48.391,22.248 48.364,22.325 48.333,22.317 48.25,22.379 48.258,22.5 48.196,22.587 48.104,22.604 48.117,22.825 48.042,22.892 47.992,22.85 47.96,22.901 47.899,22.842 47.877,22.764 47.833,22.772 47.829,22.71 47.78,22.673 47.765,22.567 47.803,22.474 47.794,22.442 47.746,22.437 47.73,22.271 47.592,22.184 47.532,22.03 47.485,22.01 47.406,22.035 47.367,21.935 47.303,21.881 47.19,21.862 47.165,21.814 47.105,21.791 47.031,21.66 46.961,21.682 46.93,21.615 46.872,21.613 46.824,21.531 46.753,21.493 46.725,21.532 46.686,21.501 46.683,21.427 46.651,21.458 46.615,21.397 46.62,21.322 46.56,21.321 46.487,21.265 46.446,21.321 46.398,21.215 46.291,21.17 46.29,21.115 46.255,21.108 46.234,21.058 46.279,20.932 46.271,20.798 46.248,20.762 46.199,20.759 46.128,20.647 46.182,20.509 46.138,20.463 46.154,20.355 46.126,20.271 46.171,20.111 46.137,20.053 46.174,20.0 46.126,19.817 46.179,19.717 46.172,19.575 46.147,19.514 46.11,19.526 46.05,19.443 46.01,19.292 45.982,19.306 45.985,19.184 46.024,19.138 45.96,19.076 45.911,18.825 45.884,18.811 45.918,18.677 45.805,18.575 45.75,18.446 45.795,18.0 45.775,17.863 45.81,17.83 45.847,17.663 45.932,17.59 45.948,17.351 45.96,17.391 45.984,17.372 45.969,17.319 46.01,17.268 46.03,17.298 46.033,17.256 46.055,17.268 46.116,17.182 46.158,17.181 46.226,16.975 46.289,16.897 46.35,16.877 46.4,16.721 46.464,16.671 46.499,16.535 46.56,16.516 46.643,16.389 46.689,16.422 46.76,16.327 46.842,16.346 46.875,16.289 46.856,16.142 46.883,16.117
LIBB|41.53,16.636 41.414,16.523 41.232,14.789 40.691,15.417 39.233,16.25 37.73,17.528 37.497,17.753 36.954,18.729 36.5,19.0 40.75,19.0 41.133,18.867 42.06,16.961 41.53,16.636
LIMM|45.926,7.451 45.456,7.021 45.354,7.153 44.98,7.16 44.814,7.128 44.142,7.286 44.146,7.625 44.023,7.752 43.819,7.755 43.702,7.838 43.167,9.75 43.621,10.079 44.171,10.633 44.388,11.129 45.276,10.693 45.561,10.512 45.749,10.474 46.043,10.116 46.378,9.959 46.338,9.737 46.292,9.714 46.286,9.642 46.31,9.535 46.376,9.461 46.508,9.464 46.467,9.409 46.504,9.356 46.497,9.283 46.432,9.248 46.385,9.284 46.289,9.272 46.181,9.194 46.107,8.68 46.252,8.443 46.463,8.448 46.425,8.326 46.364,8.281 46.261,8.08 46.183,8.167 46.139,8.147 46.101,8.034 46.044,8.035 45.996,7.989 46.0,7.917 45.917,7.863 45.936,7.723 45.977,7.658 45.926,7.451
LIMM-EN|44.759,10.948 44.388,11.129 44.171,10.633 43.966,10.427 44.302,10.153 44.529,9.592 45.216,9.363 45.134,9.123 45.061,8.703 45.315,8.599 45.437,8.245 45.749,7.689 45.926,7.451 45.977,7.658 45.936,7.723 45.917,7.862 46.0,7.917 45.996,7.989 46.044,8.035 46.101,8.034 46.139,8.147 46.183,8.167 46.261,8.08 46.364,8.281 46.425,8.326 46.463,8.448 46.251,8.443 46.107,8.68 46.181,9.194 46.289,9.272 46.385,9.284 46.432,9.248 46.497,9.283 46.504,9.355 46.467,9.409 46.508,9.464 46.376,9.461 46.31,9.535 46.286,9.642 46.292,9.714 46.338,9.737 46.378,9.959 46.043,10.116 45.749,10.474 45.561,10.512 45.276,10.693 44.759,10.948
LIMM-ES|44.759,10.948 44.388,11.129 44.171,10.633 43.966,10.427 44.302,10.153 44.529,9.592 45.216,9.363 45.561,10.512 45.276,10.693 44.759,10.948
LIMM-ES5|44.759,10.948 44.388,11.129 44.171,10.633 43.966,10.427 44.302,10.153 44.529,9.592 45.216,9.363 45.134,9.123 45.061,8.703 45.315,8.599 45.437,8.245 45.749,7.689 45.926,7.451 45.977,7.658 45.936,7.723 45.917,7.862 46.0,7.917 45.996,7.989 46.044,8.035 46.101,8.034 46.139,8.147 46.183,8.167 46.261,8.08 46.364,8.281 46.425,8.326 46.463,8.448 46.251,8.443 46.107,8.68 46.181,9.194 46.289,9.272 46.385,9.284 46.432,9.248 46.497,9.283 46.504,9.355 46.467,9.409 46.508,9.464 46.376,9.461 46.31,9.535 46.286,9.642 46.292,9.714 46.338,9.737 46.378,9.959 46.043,10.116 45.749,10.474 45.561,10.512 45.276,10.693 44.759,10.948
LIMM-WN|44.023,7.752 44.369,8.685 44.922,8.64 45.061,8.703 45.315,8.599 45.437,8.245 45.749,7.689 45.926,7.451 45.456,7.021 45.354,7.153 44.98,7.16 44.814,7.128 44.142,7.286 44.146,7.625 44.023,7.752
LIPP|47.001,10.389 46.937,10.491 46.684,10.383 46.633,10.483 46.562,10.479 46.55,10.295 46.618,10.217 46.609,10.101 46.535,10.048 46.447,10.039 46.431,10.129 46.333,10.117 46.255,10.176 46.217,10.05 46.265,10.056 46.28,10.01 46.043,10.116 45.749,10.474 45.561,10.512 45.276,10.693 44.388,11.129 43.83,11.72 43.295,13.037 43.251,13.682 43.565,14.427 44.533,13.333 45.3,13.0 45.572,13.36 45.633,13.5 45.578,13.845 45.632,13.919 45.74,13.792 45.808,13.599 45.854,13.579 45.929,13.651 45.981,13.641 45.963,13.541 45.995,13.485 46.023,13.513 46.059,13.501 46.175,13.666 46.23,13.458 46.213,13.419 46.291,13.384 46.357,13.445 46.435,13.6 46.437,13.692 46.52,13.719 46.567,13.5 46.55,13.233 46.767,12.3 46.917,12.15 47.067,12.217 47.1,12.2 46.993,11.839 47.001,10.389
LIPP-CW|45.65,10.494 45.804,11.028 45.883,11.461 45.634,11.583 44.86,12.396 44.819,11.131 44.759,10.948 45.276,10.693 45.561,10.512 45.65,10.494
LIPP-NW|45.65,10.494 45.804,11.028 45.935,11.692 46.096,13.568 46.175,13.666 46.23,13.458 46.213,13.419 46.291,13.384 46.357,13.445 46.435,13.6 46.437,13.692 46.52,13.719 46.567,13.5 46.55,13.233 46.767,12.3 46.917,12.15 47.067,12.217 47.1,12.2 46.993,11.839 47.001,10.389 46.937,10.491 46.684,10.383 46.633,10.483 46.562,10.479 46.55,10.295 46.618,10.217 46.609,10.101 46.535,10.048 46.446,10.039 46.431,10.129 46.333,10.117 46.256,10.176 46.217,10.05 46.265,10.056 46.28,10.01 46.043,10.116 45.803,10.427 45.749,10.474 45.65,10.494
LIPP-SD|44.759,10.948 44.388,11.129 43.83,11.72 43.295,13.037 43.253,13.688 43.565,14.427 44.533,13.333 44.877,13.184 44.819,11.131 44.759,10.948
LIRR|39.615,16.039 39.233,16.25 37.73,17.528 37.497,17.753 36.954,18.729 36.5,19.0 36.5,14.711 36.805,14.784 36.863,14.393 37.123,13.653 37.346,13.188 37.346,13.025 37.172,12.55 36.811,11.961 36.62,11.5 37.5,11.5 39.0,8.0 41.0,8.0 41.331,8.332 41.332,9.498 41.673,9.75 43.167,9.75 43.621,10.079 44.171,10.633 44.388,11.129 43.83,11.72 43.295,13.037 43.251,13.682 43.565,14.427 42.435,16.164 42.06,16.961 41.53,16.636 41.414,16.523 41.232,14.789 40.691,15.417 39.615,16.039
LIRR-EE|40.775,11.061 40.416,9.735 39.999,8.004 39.0,8.0 37.756,10.902 40.369,11.265 40.775,11.061
LIRR-ES|40.158,13.223 39.267,13.644 36.93,14.201 36.863,14.393 36.805,14.784 36.5,14.711 36.5,19.0 36.954,18.729 37.497,17.753 39.233,16.25 39.337,16.192 39.807,14.751 40.158,13.223
LIRR-EW|40.775,11.061 40.369,11.265 37.756,10.902 39.0,8.0 41.0,8.0 41.331,8.332 41.332,9.498 41.673,9.75 41.791,9.75 41.791,10.543 40.775,11.061
LIRR-ND|43.251,13.682 43.295,13.037 42.349,13.596 41.232,14.789 41.414,16.523 41.53,16.636 42.06,16.961 42.435,16.164 43.565,14.427 43.251,13.682
LIRR-NE|44.388,11.129 44.171,10.633 43.621,10.079 43.167,9.75 41.791,9.75 41.791,10.543 40.369,11.265 40.369,12.417 39.807,14.751 39.337,16.192 40.691,15.417 41.232,14.789 41.414,16.523 41.53,16.636 42.06,16.961 42.435,16.164 43.565,14.427 43.251,13.682 43.295,13.037 43.83,11.72 44.388,11.129
LIRR-NN|44.098,10.573 42.247,11.532 42.241,12.254 42.603,12.048 43.922,11.625 44.388,11.129 44.171,10.633 44.098,10.573
LIRR-NW|42.237,12.069 41.486,12.385 41.222,12.533 40.369,12.417 40.369,11.265 41.791,10.543 41.791,9.75 43.167,9.75 43.621,10.079 44.098,10.573 42.247,11.532 42.237,12.069
LIRR-OV|42.237,12.069 42.236,11.401 41.861,10.85 41.791,10.543 40.369,11.265 40.369,12.417 41.222,12.533 41.486,12.385 42.237,12.069
LIRR-SU|36.954,18.729 37.497,17.753 39.233,16.25 39.337,16.192 39.807,14.751 40.369,12.417 40.369,11.265 41.791,10.543 41.791,9.75 41.673,9.75 41.332,9.498 41.331,8.332 41.0,8.0 39.0,8.0 37.5,11.5 36.62,11.5 36.811,11.961 37.172,12.55 37.346,13.025 37.346,13.188 37.123,13.653 36.863,14.393 36.805,14.784 36.5,14.711 36.5,19.0 36.954,18.729
LIRR-TS|40.691,15.417 39.337,16.192 39.807,14.751 40.369,12.417 41.222,12.533 41.486,12.385 42.237,12.069 42.249,12.599 42.35,12.914 42.637,13.425 42.349,13.596 41.275,14.743 42.349,13.596 43.295,13.037 43.251,13.682 43.565,14.427 42.435,16.164 42.06,16.961 41.53,16.636 41.414,16.523 41.232,14.789 40.691,15.417
LIRR-US|42.237,12.069 41.486,12.385 41.333,13.08 40.928,14.383 40.691,15.417 41.232,14.789 42.349,13.596 42.637,13.425 42.35,12.914 42.249,12.599 42.237,12.069
LJLA|45.48,13.582 45.572,13.36 45.633,13.5 45.578,13.845 45.632,13.919 45.74,13.792 45.808,13.599 45.854,13.579 45.929,13.651 45.981,13.641 45.963,13.541 45.995,13.485 46.023,13.513 46.059,13.501 46.175,13.666 46.23,13.458 46.213,13.419 46.291,13.384 46.357,13.445 46.435,13.6 46.437,13.692 46.52,13.719 46.486,14.092 46.437,14.166 46.447,14.434 46.379,14.573 46.441,14.611 46.45,14.675 46.5,14.727 46.509,14.82 46.605,14.872 46.627,14.962 46.605,14.983 46.653,15.063 46.655,15.403 46.612,15.512 46.676,15.56 46.721,15.87 46.662,16.035 46.828,15.989 46.872,16.116 46.875,16.289 46.842,16.346 46.76,16.327 46.689,16.422 46.643,16.389 46.56,16.516 46.499,16.535 46.479,16.614 46.527,16.39 46.441,16.298 46.373,16.271 46.401,16.147 46.376,16.052 46.303,15.995 46.261,15.791 46.225,15.781 46.218,15.617 46.107,15.613 46.043,15.731 45.846,15.679 45.837,15.482 45.787,15.464 45.726,15.247 45.684,15.3 45.712,15.349 45.658,15.404 45.605,15.278 45.524,15.314 45.486,15.386 45.453,15.334 45.465,15.272 45.423,15.164 45.529,14.932 45.475,14.904 45.459,14.82 45.503,14.797 45.534,14.687 45.58,14.691 45.596,14.648 45.657,14.623 45.664,14.579 45.591,14.499 45.526,14.489 45.511,14.439 45.471,14.177 45.498,14.033 45.46,14.012 45.436,13.905 45.473,13.753 45.445,13.674 45.48,13.582
LKAA|51.017,15.0 51.0,15.25 50.767,15.4 50.817,15.45 50.733,15.75 50.75,15.817 50.667,15.867 50.683,16.0 50.6,16.033 50.65,16.1 50.617,16.2 50.667,16.233 50.65,16.333 50.567,16.433 50.433,16.2 50.367,16.35 50.217,16.55 50.122,16.593 50.1,16.7 50.2,16.833 50.233,16.95 50.217,17.017 50.283,17.017 50.4,16.867 50.433,16.917 50.367,17.2 50.267,17.367 50.3,17.433 50.25,17.617 50.317,17.683 50.3,17.75 50.267,17.717 50.2,17.75 50.167,17.6 50.021,17.788 49.967,17.867 50.017,18.0 50.0,18.05 50.033,18.05 50.033,18.0 50.067,18.033 49.983,18.167 50.0,18.2 49.967,18.217 49.9,18.517 49.717,18.633 49.683,18.817 49.517,18.85 49.533,18.8 49.483,18.75 49.517,18.583 49.4,18.417 49.367,18.433 49.3,18.2 49.05,18.067 49.017,17.933 48.933,17.883 48.817,17.533 48.85,17.467 48.829,17.405 48.867,17.183 48.776,17.058 48.617,16.95 48.717,16.883 48.733,16.683 48.8,16.467 48.733,16.367 48.747,16.1 48.983,15.283 48.95,15.167 49.017,15.0 48.767,14.967 48.783,14.8 48.583,14.667 48.65,14.45 48.55,14.317 48.8,13.76 49.7,12.52 49.78,12.45 50.18,12.33 50.3,12.36 51.01,14.77 51.017,15.0
LLLL|29.542,34.978 29.467,34.934 29.467,34.9 29.759,34.849 30.371,34.611 30.413,34.543 30.495,34.558 30.532,34.519 30.707,34.483 31.825,34.002 32.01,33.973 32.183,34.004 32.487,34.175 32.632,34.364 32.725,34.562 33.098,34.583 33.106,35.333 33.065,35.366 33.093,35.507 33.288,35.571 33.236,35.66 33.16,35.663 33.017,35.59 32.78,35.667 32.645,35.563 31.997,35.522 31.765,35.555 31.395,35.466 31.252,35.397 31.12,35.495 30.882,35.336 30.82,35.333 30.583,35.203 30.414,35.156 30.352,35.182 30.238,35.14 30.132,35.165 29.953,35.073 29.876,35.076 29.542,34.978
LLPT|33.288,35.571 33.236,35.66 33.16,35.663 33.017,35.59 32.78,35.667 32.645,35.563 31.997,35.522 31.765,35.555 31.701,35.523 31.768,35.132 31.92,34.885 31.936,33.983 32.183,34.004 32.487,34.175 32.632,34.364 32.725,34.562 33.098,34.583 33.106,35.333 33.065,35.366 33.093,35.507 33.288,35.571
LLSC|31.701,35.523 31.395,35.466 31.252,35.397 31.12,35.495 30.882,35.336 30.82,35.333 30.583,35.203 30.414,35.156 30.352,35.182 30.238,35.14 30.132,35.165 29.953,35.073 29.876,35.076 29.542,34.978 29.467,34.934 29.467,34.9 29.759,34.849 30.371,34.611 30.413,34.543 30.495,34.558 30.532,34.519 30.707,34.483 31.825,34.002 31.936,33.983 31.92,34.885 31.768,35.132 31.701,35.523
LMMM|36.62,11.5 36.811,11.961 37.172,12.55 37.346,13.025 37.346,13.188 37.123,13.653 36.863,14.393 36.805,14.784 36.5,14.711 36.5,19.0 34.333,23.583 34.333,11.5 36.62,11.5
LOVV|46.993,11.839 47.1,12.2 47.067,12.217 46.917,12.15 46.767,12.3 46.55,13.233 46.567,13.5 46.52,13.719 46.517,13.924 46.486,14.092 46.437,14.166 46.447,14.434 46.379,14.573 46.441,14.611 46.45,14.675 46.5,14.727 46.509,14.82 46.605,14.872 46.627,14.962 46.605,14.983 46.653,15.063 46.655,15.403 46.612,15.512 46.676,15.56 46.721,15.87 46.662,16.035 46.828,15.989 46.962,16.275 47.017,16.3 47.017,16.517 47.033,16.45 47.05,16.533 47.1,16.467 47.133,16.533 47.15,16.467 47.267,16.483 47.417,16.45 47.417,16.567 47.55,16.717 47.633,16.65 47.667,16.421 47.767,16.633 47.683,16.75 47.717,16.867 47.683,16.883 47.717,17.083 47.867,17.017 48.017,17.167 48.033,17.083 48.133,17.067 48.167,16.983 48.326,16.909 48.383,16.833 48.517,16.933 48.617,16.95 48.717,16.883 48.733,16.683 48.8,16.467 48.733,16.367 48.747,16.1 48.983,15.283 48.95,15.167 49.017,15.0 48.767,14.967 48.783,14.8 48.583,14.667 48.65,14.45 48.55,14.317 48.8,13.76 48.29,13.18 48.24,12.68 48.15,12.71 48.03,12.54 47.94,12.66 47.7,12.81 47.571,11.476 47.392,11.138 47.55,10.553 47.323,10.287 47.534,9.733 47.11,10.141 47.001,10.389 46.993,11.839
LOVV-B|48.26,13.08 48.24,12.68 48.15,12.71 48.03,12.54 47.94,12.66 47.7,12.81 47.571,11.476 47.392,11.138 47.55,10.553 47.323,10.287 47.534,9.733 47.11,10.141 47.001,10.389 46.993,11.839 47.1,12.2 47.067,12.217 46.917,12.15 46.767,12.3 46.55,13.233 46.567,13.5 46.52,13.719 46.517,13.924 46.486,14.092 46.437,14.166 46.447,14.434 46.379,14.573 46.441,14.611 46.45,14.675 46.5,14.727 46.509,14.82 46.605,14.872 46.627,14.962 46.605,14.983 46.653,15.063 46.655,15.403 46.612,15.512 46.676,15.56 46.721,15.87 46.662,16.035 46.828,15.989 46.962,16.275 47.017,16.3 47.017,16.517 47.033,16.45 47.05,16.533 47.1,16.467 47.133,16.533 47.699,14.991 47.704,14.301 48.002,13.871 48.26,13.08
LOVV-C|46.993,11.839 47.1,12.2 47.067,12.217 46.917,12.15 46.767,12.3 46.55,13.233 46.567,13.5 46.52,13.719 46.517,13.924 46.486,14.092 46.437,14.166 46.447,14.434 46.379,14.573 46.441,14.611 46.45,14.675 46.5,14.727 46.509,14.82 46.605,14.872 46.627,14.962 46.605,14.983 46.653,15.063 46.655,15.403 46.612,15.512 46.676,15.56 46.721,15.87 46.662,16.035 46.828,15.989 46.962,16.275 47.017,16.3 47.017,16.517 47.033,16.45 47.05,16.533 47.1,16.467 47.133,16.533 47.15,16.467 47.267,16.483 47.417,16.45 47.417,16.567 47.55,16.717 47.633,16.65 47.667,16.421 47.767,16.633 47.683,16.75 47.717,16.867 47.683,16.883 47.717,17.083 47.867,17.017 48.017,17.167 48.033,17.083 48.133,17.067 48.167,16.983 48.326,16.909 48.383,16.833 48.517,16.933 48.617,16.95 48.717,16.883 48.733,16.683 48.8,16.467 48.733,16.367 48.747,16.1 48.983,15.283 48.95,15.167 49.017,15.0 48.767,14.967 48.783,14.8 48.583,14.667 48.65,14.45 48.55,14.317 48.8,13.76 48.29,13.18 48.24,12.68 48.15,12.71 48.03,12.54 47.94,12.66 47.7,12.81 47.62,12.05 46.993,11.839
LOVV-E|47.15,16.467 47.267,16.483 47.417,16.45 47.417,16.567 47.55,16.717 47.633,16.65 47.667,16.421 47.767,16.633 47.683,16.75 47.717,16.867 47.683,16.883 47.717,17.083 47.867,17.017 48.017,17.167 48.033,17.083 48.133,17.067 48.167,16.983 48.326,16.909 48.383,16.833 48.517,16.933 48.617,16.95 48.717,16.883 48.733,16.683 48.8,16.467 48.733,16.367 48.747,16.1 48.983,15.283 48.95,15.167 49.017,15.0 48.767,14.967 48.783,14.8 48.583,14.667 48.65,14.45 48.55,14.317 48.8,13.76 48.29,13.18 48.26,13.08 48.002,13.871 47.704,14.301 47.608,14.277 47.395,13.845 46.653,15.063 46.655,15.403 46.612,15.512 46.676,15.56 46.721,15.87 46.662,16.035 46.828,15.989 46.962,16.275 47.017,16.3 47.017,16.517 47.033,16.45 47.05,16.533 47.1,16.467 47.133,16.533 47.15,16.467
LOVV-N|48.767,14.967 48.783,14.8 48.583,14.667 48.65,14.45 48.55,14.317 48.8,13.76 48.29,13.18 48.24,12.68 48.15,12.71 48.03,12.54 47.94,12.66 47.7,12.81 47.45,13.333 47.395,13.845 47.608,14.277 47.704,14.301 47.699,14.991 47.15,16.467 47.267,16.483 47.417,16.45 47.417,16.567 47.55,16.717 47.633,16.65 47.667,16.421 47.767,16.633 47.683,16.75 47.717,16.867 47.683,16.883 47.717,17.083 47.867,17.017 48.017,17.167 48.033,17.083 48.133,17.067 48.167,16.983 48.326,16.909 48.383,16.833 48.517,16.933 48.617,16.95 48.717,16.883 48.733,16.683 48.8,16.467 48.733,16.367 48.747,16.1 48.983,15.283 48.95,15.167 49.017,15.0 48.767,14.967
LOVV-W|46.993,11.839 47.1,12.2 47.067,12.217 46.917,12.15 46.767,12.3 46.55,13.233 46.567,13.5 46.52,13.719 46.517,13.924 46.486,14.092 46.437,14.166 46.447,14.434 46.379,14.573 46.441,14.611 46.45,14.675 46.5,14.727 46.509,14.82 46.605,14.872 46.627,14.962 46.605,14.983 46.653,15.063 47.395,13.845 47.608,14.277 47.704,14.301 48.002,13.871 48.26,13.08 48.24,12.68 48.15,12.71 48.03,12.54 47.94,12.66 47.7,12.81 47.571,11.476 47.392,11.138 47.55,10.553 47.323,10.287 47.534,9.733 47.11,10.141 47.001,10.389 46.993,11.839
LPPC|41.867,-8.933 41.933,-8.717 42.05,-8.622 42.092,-8.333 42.147,-8.186 42.067,-8.183 42.061,-8.083 42.017,-8.083 41.906,-8.208 41.883,-8.167 41.817,-8.15 41.803,-8.067 41.883,-7.911 41.925,-7.906 41.925,-7.875 41.854,-7.885 41.906,-7.692 41.881,-7.575 41.843,-7.607 41.831,-7.567 41.864,-7.45 41.812,-7.421 41.9,-7.183 41.986,-7.167 41.953,-7.064 41.974,-6.96 41.944,-6.931 41.95,-6.808 41.987,-6.8 41.942,-6.733 41.969,-6.579 41.933,-6.542 41.886,-6.561 41.872,-6.517 41.75,-6.567 41.692,-6.544 41.661,-6.489 41.689,-6.433 41.661,-6.283 41.583,-6.2 41.386,-6.342 41.383,-6.392 41.361,-6.381 41.239,-6.567 41.244,-6.633 41.128,-6.767 41.11,-6.75 41.05,-6.8 41.033,-6.933 40.85,-6.797 40.833,-6.833 40.65,-6.792 40.569,-6.836 40.533,-6.787 40.45,-6.839 40.367,-6.775 40.297,-6.858 40.267,-6.856 40.231,-7.0 40.133,-7.006 40.1,-6.925 40.014,-6.864 39.867,-6.903 39.8,-6.983 39.686,-7.0 39.661,-7.083 39.661,-7.526 39.489,-7.375 39.458,-7.292 39.389,-7.328 39.278,-7.228 39.2,-7.225 39.169,-7.133 39.117,-7.167 39.117,-7.017 39.031,-6.952 38.914,-7.047 38.875,-7.031 38.728,-7.25 38.629,-7.242 38.5,-7.333 38.485,-7.296 38.439,-7.329 38.425,-7.283 38.176,-7.072 38.214,-6.933 38.083,-7.0 38.033,-6.99 38.041,-7.095 38.001,-7.133 37.989,-7.247 37.886,-7.276 37.766,-7.404 37.558,-7.519 37.417,-7.44 37.251,-7.428 37.183,-7.383 35.967,-7.383 35.967,-12.0 32.25,-14.617 31.883,-14.971 31.716,-15.208 31.485,-15.744 31.424,-16.047 31.403,-16.358 31.424,-16.669 31.485,-16.972 31.585,-17.261 31.65,-17.417 31.891,-17.764 32.09,-17.966 32.312,-18.129 32.554,-18.249 32.808,-18.321 33.069,-18.346 33.329,-18.324 33.583,-18.254 33.825,-18.137 34.048,-17.975 34.251,-17.768 36.5,-15.0 42.0,-15.0 43.0,-13.0 42.0,-10.0 41.867,-8.933
LPPC-C|40.231,-7.0 40.133,-7.006 40.1,-6.925 40.014,-6.864 39.867,-6.903 39.8,-6.983 39.686,-7.0 39.661,-7.083 39.661,-7.526 39.489,-7.375 39.458,-7.292 39.389,-7.328 39.278,-7.228 39.2,-7.225 39.169,-7.133 39.117,-7.167 39.117,-7.017 39.031,-6.952 38.914,-7.047 38.875,-7.031 38.728,-7.25 38.629,-7.242 38.5,-7.333 38.485,-7.296 38.439,-7.329 38.425,-7.283 38.176,-7.072 38.214,-6.933 38.083,-7.0 38.033,-6.99 38.041,-7.095 38.001,-7.133 38.0,-10.0 38.9,-10.0 39.383,-8.017 40.231,-7.0
LPPC-E|38.9,-10.0 38.0,-10.0 38.0,-9.467 35.967,-10.733 35.967,-7.383 37.183,-7.383 37.251,-7.428 37.417,-7.44 37.558,-7.519 37.766,-7.404 37.886,-7.276 37.989,-7.247 38.001,-7.133 38.041,-7.095 38.033,-6.99 38.083,-7.0 38.214,-6.933 38.176,-7.072 38.425,-7.283 38.439,-7.329 38.485,-7.296 38.5,-7.333 38.629,-7.242 38.728,-7.25 38.875,-7.031 38.914,-7.047 39.031,-6.952 39.117,-7.017 39.117,-7.167 39.169,-7.133 39.2,-7.225 39.278,-7.228 39.389,-7.328 39.458,-7.292 39.489,-7.375 39.661,-7.526 39.661,-7.083 39.686,-7.0 39.8,-6.983 39.867,-6.903 40.014,-6.864 40.1,-6.925 40.133,-7.006 40.231,-7.0 40.267,-6.856 40.297,-6.858 40.367,-6.775 40.45,-6.839 40.533,-6.787 40.569,-6.836 40.65,-6.792 40.833,-6.833 40.85,-6.797 41.033,-6.933 41.05,-6.8 41.11,-6.75 41.128,-6.767 41.244,-6.633 41.239,-6.567 41.361,-6.381 41.383,-6.392 41.386,-6.342 41.583,-6.2 41.661,-6.283 41.689,-6.433 41.661,-6.489 41.692,-6.544 41.75,-6.567 41.872,-6.517 41.886,-6.561 41.933,-6.542 41.969,-6.579 41.942,-6.733 41.987,-6.8 41.95,-6.808 41.944,-6.931 41.974,-6.96 41.953,-7.064 41.986,-7.167 41.9,-7.183 41.812,-7.421 41.864,-7.45 41.831,-7.567 41.843,-7.607 41.881,-7.575 41.906,-7.692 41.854,-7.885 41.925,-7.875 41.925,-7.906 41.883,-7.911 41.803,-8.067 41.817,-8.15 41.883,-8.167 41.906,-8.208 42.017,-8.083 42.061,-8.083 42.067,-8.183 42.147,-8.186 42.092,-8.333 42.05,-8.622 41.933,-8.717 41.867,-8.933 38.9,-10.0
LPPC-I|36.5,-15.0 36.773,-13.675 36.056,-12.558 35.967,-12.0 32.25,-14.617 31.883,-14.971 31.716,-15.208 31.581,-15.471 31.485,-15.744 31.424,-16.047 31.403,-16.358 31.424,-16.669 31.485,-16.972 31.65,-17.417 31.891,-17.764 32.09,-17.966 32.312,-18.129 32.554,-18.249 32.808,-18.321 33.069,-18.346 33.329,-18.324 33.583,-18.254 33.825,-18.137 34.048,-17.975 34.251,-17.768 36.5,-15.0
LPPC-N|39.383,-8.017 38.9,-10.0 41.867,-8.933 41.933,-8.717 42.05,-8.622 42.092,-8.333 42.147,-8.186 42.067,-8.183 42.061,-8.083 42.017,-8.083 41.906,-8.208 41.883,-8.167 41.817,-8.15 41.803,-8.067 41.883,-7.911 41.925,-7.906 41.925,-7.875 41.854,-7.885 41.906,-7.692 41.881,-7.575 41.843,-7.607 41.831,-7.567 41.864,-7.45 41.812,-7.421 41.9,-7.183 41.986,-7.167 41.953,-7.064 41.974,-6.96 41.944,-6.931 41.95,-6.808 41.987,-6.8 41.942,-6.733 41.969,-6.579 41.933,-6.542 41.886,-6.561 41.872,-6.517 41.75,-6.567 41.692,-6.544 41.661,-6.489 41.689,-6.433 41.661,-6.283 41.583,-6.2 41.386,-6.342 41.383,-6.392 41.361,-6.381 41.239,-6.567 41.244,-6.633 41.128,-6.767 41.11,-6.75 41.05,-6.8 41.033,-6.933 40.85,-6.797 40.833,-6.833 40.65,-6.792 40.569,-6.836 40.533,-6.787 40.45,-6.839 40.367,-6.775 40.333,-6.789 40.297,-6.858 40.267,-6.856 40.231,-7.0 39.383,-8.017
LPPC-O|42.0,-15.0 36.5,-15.0 34.251,-17.768 34.048,-17.975 33.825,-18.137 33.583,-18.254 33.329,-18.324 33.069,-18.346 32.808,-18.321 32.554,-18.249 32.312,-18.129 32.09,-17.966 31.891,-17.764 31.65,-17.417 31.485,-16.972 31.424,-16.669 31.403,-16.358 31.424,-16.047 31.485,-15.744 31.716,-15.208 31.883,-14.971 32.25,-14.617 35.967,-12.0 35.967,-10.733 38.0,-9.467 38.0,-10.0 38.9,-10.0 41.867,-8.933 42.0,-10.0 43.0,-13.0 42.0,-15.0
LPPC-S|35.967,-7.383 35.967,-10.733 38.0,-9.467 38.008,-7.194 37.989,-7.247 37.886,-7.276 37.766,-7.404 37.558,-7.519 37.417,-7.44 37.251,-7.428 37.183,-7.383 35.967,-7.383
LPPC-W|42.0,-15.0 36.5,-15.0 36.773,-13.675 36.056,-12.558 35.967,-12.0 35.967,-10.733 38.0,-9.467 38.0,-10.0 38.9,-10.0 41.867,-8.933 42.0,-10.0 43.0,-13.0 42.0,-15.0
LPPO|45.0,-40.0 45.0,-13.0 43.0,-13.0 42.0,-15.0 36.5,-15.0 34.251,-17.768 34.048,-17.975 33.825,-18.137 33.583,-18.254 33.329,-18.324 33.069,-18.346 32.808,-18.321 32.554,-18.249 32.312,-18.129 32.09,-17.966 31.891,-17.764 31.65,-17.417 30.0,-20.0 30.0,-25.0 24.0,-25.0 16.999,-37.5 22.3,-40.0 45.0,-40.0
LPPO-TMA|37.034,-15.0 37.194,-15.545 37.248,-16.325 37.194,-17.104 37.034,-17.865 36.772,-18.586 36.416,-19.252 35.976,-19.845 35.464,-20.35 36.219,-19.94 36.866,-19.876 37.518,-19.94 38.16,-20.13 38.776,-20.442 39.348,-20.868 39.863,-21.398 40.306,-22.02 40.664,-22.718 42.802,-27.321 43.322,-29.572 43.481,-30.381 43.534,-31.21 43.481,-32.04 43.322,-32.849 43.063,-33.616 42.71,-34.324 42.275,-34.955 41.77,-35.493 41.207,-35.925 40.604,-36.241 39.974,-36.433 39.334,-36.498 38.7,-36.433 38.087,-36.241 37.51,-35.925 36.981,-35.493 36.512,-34.955 36.114,-34.324 35.795,-33.616 33.248,-27.464 33.009,-26.706 32.864,-25.909 32.816,-25.091 32.864,-24.273 33.009,-23.475 33.248,-22.718 33.574,-22.02 33.982,-21.398 34.28,-21.054 33.638,-21.235 32.986,-21.296 32.338,-21.235 31.711,-21.054 31.119,-20.757 30.575,-20.35 30.098,-19.849 31.65,-17.417 31.891,-17.764 32.09,-17.966 32.312,-18.129 32.554,-18.249 32.808,-18.321 33.069,-18.346 33.329,-18.324 33.583,-18.254 33.825,-18.137 34.048,-17.975 34.251,-17.768 36.5,-15.0 37.034,-15.0
LQSB|42.938,17.579 42.964,17.718 43.009,17.704 43.082,17.648 43.173,17.453 43.23,17.429 43.249,17.35 43.377,17.285 43.457,17.307 43.482,17.183 43.543,17.085 43.682,16.929 43.774,16.748 43.995,16.529 44.105,16.323 44.218,16.225 44.313,16.199 44.365,16.223 44.395,16.144 44.432,16.168 44.545,16.108 44.61,16.001 44.72,15.923 44.706,15.842 44.753,15.771 44.806,15.746 44.84,15.798 44.946,15.737 44.979,15.777 45.066,15.743 45.113,15.78 45.18,15.763 45.236,15.93 45.206,15.935 45.231,15.974 45.216,16.025 45.084,16.114 45.016,16.241 45.002,16.34 45.114,16.396 45.144,16.465 45.229,16.528 45.187,16.827 45.234,16.845 45.28,16.933 45.231,16.94 45.239,17.021 45.219,17.014 45.151,17.178 45.15,17.252 45.19,17.278 45.141,17.36 45.162,17.452 45.112,17.493 45.136,17.674 45.046,17.851 45.154,18.01 45.128,18.035 45.143,18.069 45.084,18.115 45.084,18.204 45.126,18.21 45.142,18.265 45.105,18.319 45.109,18.427 45.048,18.53 45.095,18.535 45.069,18.574 45.095,18.569 45.097,18.628 45.067,18.607 45.057,18.656 45.096,18.673 45.063,18.668 44.997,18.729 45.002,18.792 44.943,18.804 44.947,18.755 44.91,18.763 44.86,18.84 44.866,19.066 44.925,19.177 44.886,19.368 44.741,19.338 44.528,19.169 44.524,19.124 44.419,19.145 44.374,19.101 44.285,19.167 44.274,19.322 44.183,19.361 44.137,19.435 44.147,19.481 44.124,19.468 44.046,19.578 44.07,19.599 44.022,19.622 43.957,19.526 43.964,19.384 44.014,19.234 43.952,19.252 43.716,19.512 43.587,19.507 43.578,19.427 43.545,19.402 43.615,19.365 43.613,19.332 43.589,19.244 43.534,19.212 43.518,19.037 43.553,18.996 43.514,18.916 43.455,18.958 43.445,19.013 43.311,19.092 43.256,19.018 43.29,18.955 43.329,18.96 43.361,18.913 43.349,18.841 43.324,18.849 43.251,18.686 43.221,18.712 43.138,18.649 43.033,18.668 43.031,18.537 42.96,18.479 42.809,18.456 42.757,18.472 42.717,18.548 42.663,18.553 42.623,18.516 42.584,18.559 42.551,18.439 42.608,18.372 42.601,18.254 42.75,18.048 42.814,17.895 42.913,17.829 42.889,17.648 42.938,17.579
LRBB|46.126,20.271 45.977,20.379 45.904,20.586 45.75,20.703 45.767,20.818 45.649,20.81 45.596,20.775 45.521,20.833 45.478,20.792 45.465,20.863 45.419,20.884 45.311,21.062 45.29,21.12 45.319,21.178 45.248,21.22 45.219,21.421 45.151,21.53 45.029,21.446 45.0,21.377 44.951,21.437 44.924,21.549 44.884,21.561 44.857,21.379 44.827,21.361 44.776,21.41 44.757,21.58 44.663,21.641 44.623,22.0 44.492,22.087 44.47,22.146 44.489,22.19 44.662,22.313 44.706,22.436 44.55,22.767 44.514,22.695 44.546,22.601 44.471,22.532 44.465,22.462 44.315,22.543 44.273,22.688 44.212,22.673 44.103,23.029 44.061,23.044 44.0,22.907 43.896,22.849 43.845,22.884 43.821,22.994 43.85,23.38 43.7,24.2 43.767,24.5 43.7,24.85 43.633,25.55 43.683,25.7 43.967,26.133 44.133,27.0 44.117,27.283 44.033,27.4 43.983,27.95 43.833,28.0 43.667,29.0 43.733,29.033 43.683,30.533 44.25,30.4 45.15,29.967 45.217,29.667 45.333,29.649 45.399,29.566 45.433,29.416 45.416,29.216 45.283,28.933 45.333,28.799 45.283,28.766 45.233,28.799 45.233,28.666 45.333,28.333 45.449,28.283 45.473,28.205 45.546,28.305 45.487,28.427 45.502,28.512 45.581,28.544 45.685,28.478 45.738,28.522 45.773,28.581 45.781,28.709 45.835,28.786 45.929,28.757 45.973,28.775 46.004,28.978 46.048,29.004 46.092,28.949 46.195,29.066 46.256,28.953 46.33,28.992 46.458,28.932 46.557,29.236 46.488,29.254 46.414,29.324 46.439,29.482 46.412,29.567 46.362,29.583 46.366,29.671 46.436,29.652 46.468,29.748 46.385,29.811 46.358,29.891 46.398,29.943 46.381,30.092 46.426,30.16 46.44,30.05 46.561,29.943 46.759,29.971 46.886,29.886 46.858,29.748 47.044,29.625 47.137,29.581 47.37,29.57 47.309,29.482 47.447,29.309 47.462,29.24 47.848,29.218 47.889,29.279 47.885,29.204 47.994,29.174 47.994,29.119 47.944,29.056 47.964,28.922 48.133,28.834 48.177,28.57 48.153,28.51 48.172,28.375 48.247,28.342 48.21,28.196 48.256,28.185 48.325,28.051 48.327,27.959 48.422,27.828 48.457,27.739 48.442,27.654 48.495,27.589 48.412,27.381 48.445,27.372 48.447,27.327 48.374,27.286 48.378,27.131 48.435,27.08 48.423,27.02 48.378,27.041 48.365,26.923 48.418,26.873 48.406,26.706 48.241,26.624 48.183,26.316 48.091,26.283 47.999,26.199 47.983,25.933 47.941,25.783 47.933,25.383 47.899,25.233 47.766,25.116 47.733,24.999 47.733,24.883 47.824,24.833 47.866,24.683 47.949,24.633 47.973,24.574 47.983,24.449 47.924,24.366 47.903,24.233 47.971,23.999 47.941,23.866 47.999,23.766 47.983,23.499 48.027,23.343 48.102,23.271 48.12,23.183 48.087,23.133 48.008,23.099 47.991,23.033 48.024,22.933 47.966,22.946 47.877,22.764 47.833,22.772 47.829,22.71 47.78,22.673 47.765,22.567 47.803,22.474 47.794,22.442 47.746,22.437 47.73,22.271 47.592,22.184 47.532,22.03 47.485,22.01 47.406,22.035 47.367,21.935 47.303,21.881 47.19,21.862 47.165,21.814 47.105,21.791 47.031,21.66 46.961,21.682 46.93,21.615 46.872,21.613 46.824,21.531 46.753,21.493 46.725,21.532 46.686,21.501 46.683,21.427 46.651,21.458 46.615,21.397 46.62,21.322 46.56,21.321 46.487,21.265 46.446,21.321 46.398,21.215 46.291,21.17 46.29,21.115 46.255,21.108 46.234,21.058 46.279,20.932 46.271,20.798 46.248,20.762 46.199,20.759 46.128,20.647 46.182,20.509 46.138,20.463 46.154,20.355 46.126,20.271
LRBB-E|46.666,25.624 47.733,24.883 47.766,25.116 47.899,25.233 47.933,25.383 47.941,25.783 47.983,25.933 47.999,26.199 48.091,26.283 48.183,26.316 48.22,26.574 48.262,26.635 48.253,26.808 48.183,26.9 48.2,26.95 48.15,26.983 48.133,26.95 48.117,27.033 48.017,27.083 47.983,27.167 47.917,27.15 47.9,27.2 47.733,27.283 47.717,27.25 47.5,27.483 47.467,27.567 47.383,27.567 47.317,27.633 47.3,27.717 47.167,27.817 47.15,27.8 47.133,27.85 47.117,27.833 46.983,28.1 46.8,28.133 46.633,28.25 46.5,28.217 46.433,28.25 46.317,28.2 46.25,28.1 46.183,28.133 46.017,28.092 45.925,28.125 45.808,28.117 45.78,28.152 45.638,28.175 45.592,28.079 45.55,28.163 45.473,28.188 45.449,28.283 45.333,28.333 45.233,28.666 45.233,28.799 45.283,28.766 45.333,28.799 45.283,28.933 45.416,29.216 45.433,29.416 45.399,29.566 45.333,29.649 45.217,29.667 45.15,29.967 44.25,30.4 43.683,30.533 43.733,29.033 43.667,29.0 43.833,28.0 44.756,27.708 46.666,25.624
LRBB-W|46.126,20.271 46.154,20.355 46.138,20.463 46.182,20.509 46.128,20.647 46.199,20.759 46.248,20.762 46.271,20.798 46.279,20.932 46.234,21.058 46.255,21.108 46.29,21.115 46.291,21.17 46.398,21.215 46.446,21.321 46.487,21.265 46.56,21.321 46.62,21.322 46.615,21.397 46.651,21.458 46.683,21.427 46.686,21.501 46.725,21.532 46.753,21.493 46.824,21.531 46.872,21.613 46.93,21.615 46.961,21.682 47.031,21.66 47.105,21.791 47.165,21.814 47.19,21.862 47.303,21.881 47.367,21.935 47.406,22.035 47.485,22.01 47.532,22.03 47.592,22.184 47.73,22.271 47.746,22.437 47.794,22.442 47.803,22.474 47.765,22.567 47.78,22.673 47.829,22.71 47.833,22.772 47.877,22.764 47.966,22.946 48.024,22.933 47.991,23.033 48.008,23.099 48.087,23.133 48.12,23.183 48.102,23.271 48.027,23.343 47.983,23.499 47.999,23.766 47.941,23.866 47.971,23.999 47.903,24.233 47.924,24.366 47.983,24.449 47.949,24.633 47.866,24.683 47.824,24.833 46.666,25.624 46.221,23.786 44.617,22.605 44.706,22.436 44.662,22.313 44.489,22.19 44.47,22.146 44.492,22.087 44.623,22.0 44.663,21.641 44.757,21.58 44.776,21.41 44.827,21.361 44.857,21.379 44.884,21.561 44.924,21.549 44.951,21.437 45.0,21.377 45.029,21.446 45.151,21.53 45.219,21.421 45.248,21.22 45.319,21.178 45.29,21.12 45.311,21.062 45.419,20.884 45.465,20.863 45.478,20.792 45.521,20.833 45.596,20.775 45.649,20.81 45.767,20.818 45.75,20.703 45.904,20.586 45.977,20.379 46.126,20.271
LSAG|47.243,6.955 47.067,6.683 47.067,6.3 46.983,5.958 46.7,5.583 46.7,5.183 46.233,5.133 46.117,5.7 45.85,6.05 45.583,6.333 44.8,6.767 44.814,7.128 44.98,7.16 45.354,7.153 45.456,7.021 45.926,7.451 45.977,7.658 45.936,7.723 45.917,7.863 46.0,7.917 45.996,7.989 46.044,8.035 46.101,8.034 46.139,8.147 46.183,8.167 46.261,8.08 46.331,8.223 46.514,7.992 46.51,7.803 47.243,6.955
LSAS|47.243,6.955 47.067,6.683 47.067,6.3 46.983,5.958 46.7,5.583 46.7,5.183 46.233,5.133 46.117,5.7 45.85,6.05 45.583,6.333 44.8,6.767 44.814,7.128 44.98,7.16 45.354,7.153 45.456,7.021 45.926,7.451 45.977,7.658 45.936,7.723 45.917,7.863 46.0,7.917 45.996,7.989 46.044,8.035 46.101,8.034 46.139,8.147 46.183,8.167 46.261,8.08 46.364,8.281 46.425,8.326 46.463,8.448 46.252,8.443 46.107,8.68 46.181,9.194 46.289,9.272 46.385,9.284 46.432,9.248 46.497,9.283 46.504,9.356 46.467,9.409 46.508,9.464 46.376,9.461 46.31,9.535 46.292,9.714 46.338,9.737 46.378,9.959 46.284,9.998 46.265,10.056 46.217,10.05 46.225,10.13 46.255,10.176 46.333,10.117 46.431,10.129 46.447,10.039 46.535,10.048 46.609,10.101 46.618,10.217 46.55,10.295 46.562,10.479 46.633,10.483 46.684,10.383 46.937,10.491 47.11,10.141 47.534,9.733 47.8,9.55 48.167,9.55 48.17,8.321 48.1,7.967 48.083,7.57 47.974,7.619 47.633,7.5 47.583,7.567 47.483,7.5 47.5,7.433 47.372,7.343 47.364,7.043 47.343,7.062 47.282,6.941 47.243,6.955
LSAZ|47.243,6.955 46.51,7.803 46.514,7.992 46.331,8.223 46.425,8.326 46.463,8.448 46.252,8.443 46.107,8.68 46.181,9.194 46.289,9.272 46.385,9.284 46.432,9.248 46.497,9.283 46.504,9.356 46.467,9.409 46.508,9.464 46.376,9.461 46.31,9.535 46.292,9.714 46.338,9.737 46.378,9.959 46.284,9.998 46.265,10.056 46.217,10.05 46.225,10.13 46.255,10.176 46.333,10.117 46.431,10.129 46.447,10.039 46.535,10.048 46.609,10.101 46.618,10.217 46.55,10.295 46.562,10.479 46.633,10.483 46.684,10.383 46.937,10.491 47.11,10.141 47.534,9.733 47.8,9.55 48.167,9.55 48.17,8.321 48.1,7.967 48.083,7.57 47.974,7.619 47.633,7.5 47.583,7.567 47.483,7.5 47.5,7.433 47.372,7.343 47.364,7.043 47.343,7.062 47.282,6.941 47.243,6.955
LTAA|42.275,29.398 42.158,30.208 42.02,30.669 41.544,31.361 41.034,31.551 40.238,31.43 39.432,31.016 39.079,29.429 38.538,29.559 38.112,30.055 37.497,30.074 37.146,29.885 36.801,29.755 36.071,29.809 35.917,33.55 35.917,35.667 35.9,35.933 35.775,36.183 35.933,36.242 35.983,36.425 36.217,36.417 36.167,36.6 36.263,36.717 36.467,36.6 36.825,36.658 36.604,37.067 36.625,37.5 36.883,38.25 36.817,38.5 36.692,38.7 36.642,39.233 36.733,39.833 37.087,40.817 37.042,41.25 37.058,41.6 37.171,42.083 37.258,42.217 37.083,42.342 37.133,42.6 37.35,42.792 37.292,42.925 37.35,43.133 37.2,43.583 37.183,43.883 37.3,44.033 37.242,44.233 37.108,44.167 36.933,44.271 37.158,44.631 37.166,44.757 37.299,44.8 37.449,44.583 37.749,44.567 37.766,44.45 37.899,44.217 38.349,44.467 38.366,44.3 38.632,44.3 38.649,44.25 38.816,44.283 38.899,44.2 39.116,44.133 39.132,44.2 39.199,44.1 39.416,44.017 39.416,44.383 39.682,44.45 39.783,44.7 40.0,44.4 40.05,44.267 40.017,43.95 40.117,43.65 40.333,43.683 40.483,43.55 40.7,43.75 40.95,43.667 41.033,43.483 41.133,43.467 41.2,43.35 41.25,43.133 41.3,43.2 41.5,42.883 41.475,42.85 41.583,42.833 41.567,42.6 41.45,42.533 41.517,42.0 41.433,41.833 42.683,37.717 42.777,34.393 42.8,30.75 42.275,29.398
LTAA-10|41.034,31.551 40.238,31.43 39.432,31.016 39.24,31.279 39.65,32.468 40.447,32.792 41.142,33.129 41.034,31.551
LTAA-11|41.142,33.129 40.447,32.792 39.65,32.468 39.24,31.279 38.879,31.708 38.801,32.557 38.76,35.164 40.661,35.766 41.175,33.712 41.142,33.129
LTAA-12|42.274,29.404 42.158,30.208 42.02,30.669 41.544,31.361 41.034,31.551 41.175,33.712 41.47,33.31 42.784,33.894 42.8,30.75 42.274,29.404
LTAA-13|42.784,33.894 41.47,33.31 41.175,33.712 40.661,35.766 40.515,37.461 42.109,37.613 42.683,37.717 42.784,33.894
LTAA-14|40.661,35.766 38.76,35.164 38.713,37.059 38.321,38.075 39.504,38.005 40.515,37.461 40.661,35.766
LTAA-15|35.917,34.655 35.9,35.933 35.775,36.183 35.933,36.242 35.983,36.425 36.217,36.417 36.167,36.6 36.263,36.717 36.467,36.6 36.825,36.658 36.604,37.067 36.625,37.5 36.797,37.999 37.246,37.982 38.321,38.075 38.713,37.059 38.778,33.697 37.643,33.686 36.892,34.249 36.879,33.72 36.626,34.521 35.917,34.655
LTAA-16|36.797,37.999 36.883,38.25 36.817,38.5 36.692,38.7 36.642,39.233 36.733,39.833 37.087,40.817 37.056,41.115 38.717,41.644 39.058,41.206 39.189,39.969 39.504,38.005 38.321,38.075 37.246,37.982 36.797,37.999
LTAA-17|37.056,41.115 37.058,41.6 37.171,42.083 37.258,42.217 37.083,42.342 37.133,42.6 37.35,42.792 37.292,42.925 37.35,43.133 37.2,43.583 37.183,43.883 37.3,44.033 37.242,44.233 37.108,44.167 36.933,44.271 37.158,44.631 37.166,44.757 37.299,44.8 37.449,44.583 37.749,44.567 37.766,44.45 37.899,44.217 38.135,44.34 38.96,42.216 39.058,41.206 38.717,41.644 37.056,41.115
LTAA-18|42.683,37.717 42.109,37.613 40.515,37.461 39.504,38.005 39.189,39.969 39.058,41.206 40.371,41.178 41.081,41.387 41.517,41.55 42.683,37.717
LTAA-19|38.135,44.34 38.349,44.467 38.366,44.3 38.632,44.3 38.649,44.25 38.816,44.283 38.899,44.2 39.116,44.133 39.132,44.2 39.199,44.1 39.416,44.017 39.416,44.383 39.682,44.45 39.783,44.7 40.0,44.4 40.05,44.267 40.017,43.95 40.117,43.65 40.333,43.683 40.483,43.55 40.7,43.75 40.95,43.667 41.033,43.483 41.133,43.467 41.2,43.35 41.25,43.133 41.3,43.2 41.5,42.883 41.475,42.85 41.583,42.833 41.567,42.6 41.45,42.533 41.517,42.0 41.433,41.833 41.517,41.55 41.081,41.387 40.371,41.178 39.058,41.206 38.96,42.216 38.135,44.34
LTAA-7|36.071,29.809 36.014,31.574 36.885,31.544 37.476,31.465 38.324,31.271 38.161,30.639 38.112,30.055 37.497,30.074 37.146,29.885 36.801,29.755 36.071,29.809
LTAA-8|39.079,29.429 38.538,29.559 38.112,30.055 38.161,30.639 38.324,31.271 38.879,31.708 39.432,31.016 39.079,29.429
LTAA-9|36.014,31.574 35.917,33.55 35.917,34.655 36.626,34.521 36.879,33.72 36.892,34.249 37.643,33.686 38.778,33.697 38.801,32.557 38.879,31.708 38.324,31.271 37.476,31.465 36.885,31.544 36.014,31.574
LTAA-C|42.275,29.398 42.158,30.208 42.02,30.669 41.544,31.361 41.034,31.551 40.238,31.43 39.432,31.016 39.079,29.429 38.538,29.559 38.112,30.055 37.497,30.074 37.146,29.885 36.801,29.755 36.071,29.809 35.917,33.55 35.917,35.667 35.9,35.933 35.775,36.183 35.933,36.242 35.983,36.425 36.217,36.417 36.167,36.6 36.263,36.717 36.467,36.6 36.825,36.658 36.604,37.067 36.625,37.5 36.797,37.999 37.246,37.982 38.321,38.075 39.504,38.005 40.515,37.461 42.109,37.613 42.683,37.717 42.777,34.393 42.8,30.75 42.275,29.398
LTAA-E|42.683,37.717 42.109,37.613 40.515,37.461 39.504,38.005 38.321,38.075 37.246,37.982 36.797,37.999 36.883,38.25 36.817,38.5 36.692,38.7 36.642,39.233 36.733,39.833 37.087,40.817 37.042,41.25 37.058,41.6 37.171,42.083 37.258,42.217 37.083,42.342 37.133,42.6 37.35,42.792 37.292,42.925 37.35,43.133 37.2,43.583 37.183,43.883 37.3,44.033 37.242,44.233 37.108,44.167 36.933,44.271 37.158,44.631 37.166,44.757 37.299,44.8 37.449,44.583 37.749,44.567 37.766,44.45 37.899,44.217 38.349,44.467 38.366,44.3 38.632,44.3 38.649,44.25 38.816,44.283 38.899,44.2 39.116,44.133 39.132,44.2 39.199,44.1 39.416,44.017 39.416,44.383 39.682,44.45 39.783,44.7 40.0,44.4 40.05,44.267 40.017,43.95 40.117,43.65 40.333,43.683 40.483,43.55 40.7,43.75 40.95,43.667 41.033,43.483 41.133,43.467 41.2,43.35 41.25,43.133 41.3,43.2 41.5,42.883 41.475,42.85 41.583,42.833 41.567,42.6 41.45,42.533 41.517,42.0 41.433,41.833 42.683,37.717
LTAA-EN|42.683,37.717 42.109,37.613 40.515,37.461 39.504,38.005 39.189,39.969 38.96,42.216 38.135,44.34 38.349,44.467 38.366,44.3 38.632,44.3 38.649,44.25 38.816,44.283 38.899,44.2 39.116,44.133 39.132,44.2 39.199,44.1 39.416,44.017 39.416,44.383 39.682,44.45 39.783,44.7 40.0,44.4 40.05,44.267 40.017,43.95 40.117,43.65 40.333,43.683 40.483,43.55 40.7,43.75 40.95,43.667 41.033,43.483 41.133,43.467 41.2,43.35 41.25,43.133 41.3,43.2 41.5,42.883 41.475,42.85 41.583,42.833 41.567,42.6 41.45,42.533 41.517,42.0 41.433,41.833 42.683,37.717
LTAA-ES|39.504,38.005 38.321,38.075 37.246,37.982 36.797,37.999 36.883,38.25 36.817,38.5 36.692,38.7 36.642,39.233 36.733,39.833 37.087,40.817 37.042,41.25 37.058,41.6 37.171,42.083 37.258,42.217 37.083,42.342 37.133,42.6 37.35,42.792 37.292,42.925 37.35,43.133 37.2,43.583 37.183,43.883 37.3,44.033 37.242,44.233 37.108,44.167 36.933,44.271 37.158,44.631 37.166,44.757 37.299,44.8 37.449,44.583 37.749,44.567 37.766,44.45 37.899,44.217 38.135,44.34 38.96,42.216 39.189,39.969 39.504,38.005
LTAA-N|42.274,29.404 42.158,30.208 42.02,30.669 41.544,31.361 41.034,31.551 41.175,33.712 40.661,35.766 40.515,37.461 42.109,37.613 42.683,37.717 42.777,34.393 42.8,30.75 42.274,29.404
LTAA-S|36.071,29.809 35.917,33.55 35.917,35.667 35.9,35.933 35.775,36.183 35.933,36.242 35.983,36.425 36.217,36.417 36.167,36.6 36.263,36.717 36.467,36.6 36.825,36.658 36.604,37.067 36.625,37.5 36.797,37.999 37.246,37.982 38.321,38.075 38.713,37.059 38.801,32.557 38.879,31.708 39.432,31.016 39.079,29.429 38.538,29.559 38.112,30.055 37.497,30.074 37.146,29.885 36.801,29.755 36.071,29.809
LTBB|42.117,29.0 41.985,28.314 41.999,27.848 41.953,27.816 41.97,27.685 41.919,27.545 42.1,27.286 42.063,27.18 42.08,27.03 42.0,26.969 41.951,26.747 41.981,26.616 41.912,26.56 41.836,26.548 41.816,26.37 41.732,26.329 41.567,26.55 41.367,26.583 41.267,26.3 40.958,26.283 40.617,25.875 40.383,25.9 40.25,25.667 40.1,25.6 39.95,25.7 39.5,25.7 39.383,26.0 39.467,26.417 39.017,26.783 38.667,26.317 38.483,26.35 38.3,26.183 38.247,26.169 38.0,26.5 38.0,26.933 37.833,27.15 37.717,27.1 37.667,26.983 37.567,26.983 37.55,27.05 37.267,27.183 37.15,27.1 36.967,27.25 36.9,27.433 36.817,27.433 36.733,27.233 36.567,27.45 36.717,27.85 36.7,27.933 36.517,27.967 36.567,28.3 36.217,28.883 36.1,29.25 36.183,29.383 36.183,29.583 36.067,29.733 36.071,29.809 36.801,29.755 37.146,29.885 37.497,30.074 38.112,30.055 38.538,29.559 39.079,29.429 39.432,31.016 40.238,31.43 41.034,31.551 41.544,31.361 42.02,30.669 42.158,30.208 42.275,29.398 42.117,29.0
LTBB-1|40.835,26.136 40.703,27.046 40.751,28.302 42.009,28.446 41.985,28.314 41.999,27.848 41.953,27.816 41.97,27.685 41.919,27.545 42.1,27.286 42.063,27.18 42.08,27.03 42.0,26.969 41.951,26.747 41.981,26.616 41.912,26.56 41.836,26.548 41.816,26.37 41.732,26.329 41.567,26.55 41.367,26.583 41.267,26.3 40.958,26.283 40.835,26.136
LTBB-2|40.835,26.136 40.617,25.875 40.383,25.9 40.25,25.667 40.1,25.6 39.95,25.7 39.5,25.7 39.383,26.0 39.467,26.417 39.017,26.783 39.041,27.631 39.843,27.97 39.94,28.184 39.952,28.909 40.751,28.302 40.703,27.046 40.835,26.136
LTBB-3|42.009,28.446 40.751,28.302 40.743,29.05 40.453,30.233 40.29,31.439 41.034,31.551 41.544,31.361 42.02,30.669 42.158,30.208 42.275,29.398 42.117,29.0 42.009,28.446
LTBB-4|40.751,28.302 39.348,29.38 39.079,29.429 39.432,31.016 40.29,31.439 40.453,30.233 40.743,29.05 40.751,28.302
LTBB-5|39.017,26.783 38.667,26.317 38.483,26.35 38.3,26.183 38.247,26.169 38.0,26.5 38.0,26.933 37.833,27.15 37.717,27.1 37.667,26.983 37.567,26.983 37.878,28.046 38.538,29.559 39.348,29.38 39.952,28.909 39.94,28.184 39.843,27.97 39.041,27.631 39.017,26.783
LTBB-6|37.567,26.983 37.55,27.05 37.267,27.183 37.15,27.1 36.967,27.25 36.9,27.433 36.817,27.433 36.733,27.233 36.567,27.45 36.717,27.85 36.7,27.933 36.517,27.967 36.567,28.3 36.217,28.883 36.1,29.25 36.183,29.383 36.183,29.583 36.067,29.733 36.071,29.809 36.801,29.755 37.146,29.885 37.497,30.074 38.112,30.055 38.538,29.559 37.878,28.046 37.567,26.983
LTBB-W78|42.275,29.398 42.158,30.208 42.02,30.669 41.544,31.361 41.034,31.551 40.238,31.43 39.432,31.016 38.879,31.708 38.324,31.271 37.476,31.465 36.885,31.544 36.014,31.574 36.083,30.0 36.067,29.733 36.183,29.583 36.183,29.383 36.1,29.25 36.217,28.883 36.567,28.3 36.517,27.967 36.7,27.933 36.717,27.85 36.567,27.45 36.733,27.233 36.817,27.433 36.9,27.433 36.967,27.25 37.15,27.1 37.267,27.183 37.55,27.05 37.567,26.983 37.667,26.983 37.717,27.1 37.833,27.15 38.0,26.933 38.0,26.5 38.247,26.169 38.3,26.183 38.483,26.35 38.667,26.317 39.017,26.783 39.467,26.417 39.383,26.0 39.5,25.7 39.95,25.7 40.1,25.6 40.25,25.667 40.383,25.9 40.617,25.875 40.958,26.283 41.267,26.3 41.367,26.583 41.567,26.55 41.732,26.329 41.816,26.37 41.836,26.548 41.912,26.56 41.981,26.616 41.951,26.747 42.0,26.969 42.08,27.03 42.063,27.18 42.1,27.286 41.919,27.545 41.97,27.685 41.953,27.816 41.999,27.848 41.985,28.314 42.009,28.446 42.117,29.0 42.275,29.398
LTBB-WN|41.708,26.363 41.567,26.55 41.367,26.583 41.267,26.3 40.958,26.283 40.617,25.875 40.383,25.9 40.25,25.667 40.1,25.6 39.95,25.7 39.5,25.7 39.383,26.0 39.467,26.417 39.017,26.783 39.041,27.631 39.843,27.97 39.94,28.184 39.952,28.909 39.348,29.38 39.079,29.429 39.432,31.016 40.238,31.43 41.034,31.551 41.544,31.361 42.02,30.669 42.158,30.208 42.275,29.398 42.117,29.0 42.009,28.446 41.985,28.314 41.999,27.848 41.953,27.816 41.97,27.685 41.919,27.545 42.1,27.286 42.063,27.18 42.08,27.03 42.0,26.969 41.951,26.747 41.981,26.616 41.912,26.56 41.836,26.548 41.816,26.37 41.732,26.329 41.708,26.363
LTBB-WS|39.017,26.783 38.667,26.317 38.483,26.35 38.3,26.183 38.247,26.169 38.0,26.5 38.0,26.933 37.833,27.15 37.717,27.1 37.667,26.983 37.567,26.983 37.55,27.05 37.267,27.183 37.15,27.1 36.967,27.25 36.9,27.433 36.817,27.433 36.733,27.233 36.567,27.45 36.717,27.85 36.7,27.933 36.517,27.967 36.567,28.3 36.217,28.883 36.1,29.25 36.183,29.383 36.183,29.583 36.067,29.733 36.071,29.809 36.801,29.755 37.146,29.885 37.497,30.074 38.112,30.055 38.538,29.559 39.348,29.38 39.952,28.909 39.94,28.184 39.843,27.97 39.041,27.631 39.017,26.783
LTXX|42.117,29.0 42.8,30.75 42.777,34.393 42.683,37.717 41.433,41.833 41.517,42.0 41.45,42.533 41.567,42.6 41.583,42.833 41.475,42.85 41.5,42.883 41.3,43.2 41.25,43.133 41.2,43.35 41.133,43.467 41.033,43.483 40.95,43.667 40.7,43.75 40.483,43.55 40.333,43.683 40.117,43.65 40.017,43.95 40.05,44.267 40.0,44.4 39.783,44.7 39.682,44.45 39.416,44.383 39.416,44.017 39.199,44.1 39.132,44.2 39.116,44.133 38.899,44.2 38.816,44.283 38.649,44.25 38.632,44.3 38.366,44.3 38.349,44.467 37.899,44.217 37.766,44.45 37.749,44.567 37.449,44.583 37.299,44.8 37.166,44.757 37.158,44.631 36.933,44.271 37.108,44.167 37.242,44.233 37.3,44.033 37.183,43.883 37.2,43.583 37.35,43.133 37.292,42.925 37.35,42.792 37.133,42.6 37.083,42.342 37.258,42.217 37.171,42.083 37.058,41.6 37.042,41.25 37.087,40.817 36.733,39.833 36.642,39.233 36.692,38.7 36.817,38.5 36.883,38.25 36.625,37.5 36.604,37.067 36.825,36.658 36.467,36.6 36.263,36.717 36.167,36.6 36.217,36.417 35.983,36.425 35.933,36.242 35.775,36.183 35.9,35.933 35.917,35.667 35.917,33.55 36.083,30.0 36.067,29.733 36.183,29.583 36.183,29.383 36.1,29.25 36.217,28.883 36.567,28.3 36.517,27.967 36.7,27.933 36.717,27.85 36.567,27.45 36.733,27.233 36.817,27.433 36.9,27.433 36.967,27.25 37.15,27.1 37.267,27.183 37.55,27.05 37.567,26.983 37.667,26.983 37.717,27.1 37.833,27.15 38.0,26.933 38.0,26.5 38.247,26.169 38.3,26.183 38.483,26.35 38.667,26.317 39.017,26.783 39.467,26.417 39.383,26.0 39.5,25.7 39.95,25.7 40.1,25.6 40.25,25.667 40.383,25.9 40.617,25.875 40.958,26.283 41.267,26.3 41.367,26.583 41.567,26.55 41.732,26.329 41.816,26.37 41.836,26.548 41.912,26.56 41.981,26.616 41.951,26.747 42.0,26.969 42.08,27.03 42.063,27.18 42.1,27.286 41.919,27.545 41.97,27.685 41.953,27.816 41.999,27.848 41.985,28.314 42.117,29.0
LUUU|48.422,27.828 48.327,27.959 48.325,28.051 48.256,28.185 48.21,28.196 48.247,28.342 48.172,28.375 48.153,28.51 48.177,28.57 48.133,28.834 47.964,28.922 47.944,29.056 47.994,29.119 47.994,29.174 47.885,29.204 47.889,29.279 47.848,29.218 47.462,29.24 47.447,29.309 47.309,29.482 47.37,29.57 47.137,29.581 47.044,29.625 46.858,29.748 46.886,29.886 46.759,29.971 46.561,29.943 46.44,30.05 46.426,30.16 46.381,30.092 46.398,29.943 46.358,29.891 46.385,29.811 46.468,29.748 46.436,29.652 46.366,29.671 46.362,29.583 46.412,29.567 46.439,29.482 46.414,29.324 46.488,29.254 46.557,29.236 46.458,28.932 46.33,28.992 46.256,28.953 46.195,29.066 46.092,28.949 46.048,29.004 46.004,28.978 45.973,28.775 45.929,28.757 45.835,28.786 45.781,28.709 45.773,28.581 45.738,28.522 45.685,28.478 45.581,28.544 45.502,28.512 45.487,28.427 45.546,28.305 45.473,28.188 45.55,28.163 45.608,28.067 45.638,28.175 45.78,28.152 45.808,28.117 45.925,28.125 46.017,28.092 46.183,28.133 46.25,28.1 46.317,28.2 46.433,28.25 46.5,28.217 46.633,28.25 46.8,28.133 46.983,28.1 47.117,27.833 47.133,27.85 47.15,27.8 47.167,27.817 47.3,27.717 47.317,27.633 47.383,27.567 47.467,27.567 47.5,27.483 47.717,27.25 47.733,27.283 47.9,27.2 47.917,27.15 47.983,27.167 48.017,27.083 48.117,27.033 48.133,26.95 48.15,26.983 48.2,26.95 48.183,26.9 48.253,26.808 48.262,26.635 48.406,26.706 48.418,26.873 48.365,26.923 48.378,27.041 48.423,27.02 48.435,27.08 48.378,27.131 48.374,27.286 48.447,27.327 48.445,27.372 48.412,27.381 48.495,27.589 48.442,27.654 48.457,27.739 48.422,27.828
LWSS|41.336,22.944 41.321,22.769 41.146,22.725 41.184,22.657 41.118,22.595 41.164,22.23 41.122,22.127 41.157,22.068 41.088,21.917 41.051,21.916 40.984,21.813 40.931,21.791 40.937,21.687 40.872,21.603 40.921,21.433 40.861,21.278 40.885,21.215 40.853,21.149 40.858,20.992 40.921,20.949 40.907,20.751 41.071,20.679 41.102,20.594 41.338,20.496 41.331,20.53 41.404,20.567 41.523,20.461 41.586,20.565 41.735,20.52 41.792,20.577 41.833,20.562 41.886,20.593 42.098,20.894 42.139,21.311 42.283,21.783 42.303,22.38 42.142,22.529 42.039,22.739 42.014,22.871 41.877,22.902 41.729,23.026 41.618,22.952 41.435,22.976 41.353,22.972 41.336,22.944
LYBA|42.303,22.38 42.283,21.783 42.139,21.311 42.098,20.894 41.886,20.593 41.975,20.629 42.213,20.525 42.321,20.344 42.325,20.249 42.495,20.18 42.553,20.082 42.467,19.809 42.536,19.755 42.588,19.781 42.655,19.739 42.591,19.63 42.543,19.628 42.371,19.433 42.318,19.419 42.175,19.287 42.099,19.403 41.96,19.384 41.949,19.354 41.848,19.382 41.133,18.867 41.417,18.317 42.391,18.531 42.438,18.52 42.494,18.422 42.551,18.439 42.584,18.559 42.623,18.516 42.663,18.553 42.717,18.548 42.757,18.472 42.809,18.456 42.96,18.479 43.031,18.537 43.033,18.668 43.138,18.649 43.221,18.712 43.251,18.686 43.324,18.849 43.349,18.841 43.361,18.913 43.329,18.96 43.29,18.955 43.256,19.018 43.311,19.092 43.445,19.013 43.455,18.958 43.514,18.916 43.553,18.996 43.518,19.037 43.534,19.212 43.589,19.244 43.613,19.332 43.615,19.365 43.545,19.402 43.578,19.427 43.587,19.507 43.716,19.512 43.952,19.252 44.014,19.234 43.964,19.384 43.957,19.526 44.022,19.622 44.07,19.599 44.046,19.578 44.124,19.468 44.147,19.481 44.137,19.435 44.183,19.361 44.274,19.322 44.285,19.167 44.374,19.101 44.419,19.145 44.524,19.124 44.528,19.169 44.741,19.338 44.886,19.368 44.925,19.177 44.854,18.979 44.904,18.991 44.906,19.076 44.954,19.154 44.985,19.141 44.98,19.084 45.087,19.109 45.142,19.081 45.129,19.143 45.178,19.189 45.2,19.173 45.178,19.277 45.202,19.317 45.167,19.374 45.183,19.443 45.235,19.413 45.243,19.267 45.279,19.264 45.274,19.162 45.372,18.978 45.412,19.028 45.493,19.0 45.512,19.101 45.553,19.014 45.539,18.938 45.572,18.9 45.658,18.971 45.706,18.914 45.715,18.977 45.72,18.901 45.748,18.981 45.77,18.854 45.804,18.927 45.813,18.848 45.864,18.859 45.87,18.9 45.895,18.874 45.924,18.898 45.96,19.076 46.024,19.138 45.985,19.184 45.982,19.306 46.01,19.292 46.05,19.443 46.11,19.526 46.147,19.514 46.172,19.575 46.179,19.717 46.126,19.817 46.174,20.0 46.137,20.053 46.171,20.111 46.126,20.271 45.977,20.379 45.904,20.586 45.75,20.703 45.767,20.818 45.649,20.81 45.596,20.775 45.521,20.833 45.478,20.792 45.465,20.863 45.419,20.884 45.311,21.062 45.29,21.12 45.319,21.178 45.248,21.22 45.219,21.421 45.151,21.53 45.029,21.446 45.0,21.377 44.951,21.437 44.924,21.549 44.884,21.561 44.857,21.379 44.827,21.361 44.776,21.41 44.757,21.58 44.663,21.641 44.623,22.0 44.492,22.087 44.47,22.146 44.489,22.19 44.662,22.313 44.706,22.436 44.55,22.767 44.514,22.695 44.546,22.601 44.471,22.532 44.465,22.462 44.315,22.543 44.273,22.688 44.16,22.618 44.069,22.617 44.0,22.419 43.809,22.367 43.697,22.411 43.636,22.494 43.472,22.538 43.328,22.83 43.235,22.893 43.202,22.992 43.137,22.994 43.028,22.904 42.978,22.797 42.89,22.755 42.869,22.671 42.892,22.596 42.826,22.44 42.738,22.501 42.692,22.463 42.571,22.445 42.474,22.559 42.327,22.449 42.303,22.38
LZBB|48.617,16.95 48.776,17.058 48.867,17.183 48.829,17.405 48.85,17.467 48.817,17.533 48.933,17.883 49.017,17.933 49.05,18.067 49.3,18.2 49.367,18.433 49.4,18.417 49.517,18.583 49.483,18.75 49.533,18.8 49.5,18.983 49.4,18.983 49.417,19.2 49.533,19.267 49.533,19.367 49.6,19.45 49.433,19.617 49.417,19.667 49.4,19.65 49.4,19.783 49.283,19.817 49.216,19.759 49.183,19.833 49.233,19.917 49.183,20.067 49.3,20.133 49.35,20.217 49.35,20.317 49.4,20.317 49.383,20.4 49.417,20.467 49.383,20.6 49.417,20.733 49.333,20.833 49.3,20.933 49.367,21.1 49.425,21.067 49.433,21.133 49.4,21.2 49.45,21.283 49.417,21.483 49.45,21.633 49.35,21.783 49.383,21.833 49.35,21.967 49.217,22.033 49.15,22.383 49.1,22.433 49.1,22.583 49.008,22.542 48.992,22.483 48.867,22.383 48.7,22.358 48.579,22.167 48.41,22.158 48.379,22.126 48.354,21.733 48.509,21.614 48.508,21.567 48.589,21.442 48.562,21.425 48.56,21.325 48.525,21.308 48.539,21.217 48.492,21.113 48.517,21.104 48.521,20.967 48.583,20.842 48.538,20.5 48.515,20.51 48.283,20.333 48.289,20.25 48.133,19.933 48.242,19.65 48.208,19.533 48.1,19.496 48.042,18.817 47.942,18.774 47.883,18.783 47.817,18.875 47.817,18.767 47.75,18.675 47.75,17.733 48.022,17.253 48.033,17.083 48.133,17.067 48.167,16.983 48.326,16.909 48.383,16.833 48.517,16.933 48.617,16.95
MDCS|16.0,-71.667 17.0,-71.667 18.183,-71.783 18.358,-71.736 18.467,-71.933 18.517,-71.9 18.633,-71.999 18.667,-71.983 18.642,-71.825 18.7,-71.817 18.75,-71.75 18.867,-71.75 18.967,-71.867 19.15,-71.65 19.2,-71.633 19.317,-71.808 19.392,-71.7 19.7,-71.767 20.417,-71.667 20.417,-70.5 19.0,-68.0 16.0,-68.0 16.0,-71.667
MHCC|13.0,-95.0 14.55,-92.233 14.667,-92.183 14.85,-92.2 15.084,-92.083 15.251,-92.233 16.084,-91.75 16.083,-90.467 16.233,-90.467 16.384,-90.417 16.467,-90.667 16.651,-90.7 16.917,-91.1 17.151,-91.317 17.184,-91.417 17.25,-91.467 17.25,-91.017 17.811,-90.978 17.817,-89.15 17.951,-89.15 18.001,-89.033 17.851,-88.833 18.484,-88.483 18.484,-88.317 18.417,-88.033 18.15,-88.033 18.15,-87.75 20.001,-86.0 20.183,-85.283 20.733,-85.35 20.0,-82.0 19.0,-82.083 15.0,-82.25 12.9,-82.817 9.55,-82.567 9.558,-82.6 9.483,-82.62 9.625,-82.85 9.59,-82.887 9.5,-82.85 9.467,-82.942 9.1,-82.933 8.942,-82.717 8.748,-82.925 8.633,-82.821 8.47,-82.845 8.333,-83.05 8.245,-82.925 8.033,-82.9 1.417,-82.917 1.417,-92.0 10.0,-104.5 11.5,-100.0 13.0,-95.0
MKJK|20.0,-82.0 20.0,-78.333 19.5,-77.5 18.5,-75.0 17.0,-73.0 16.0,-74.0 15.0,-74.0 15.0,-82.25 19.0,-82.083 20.0,-82.0
MMEX|23.667,-102.833 23.438,-100.014 23.0,-96.0 22.41,-95.0 19.491,-95.0 13.878,-96.712 13.037,-99.494 15.336,-105.282 18.224,-107.763 22.691,-104.851 24.152,-103.436 23.667,-102.833
MMFR|30.75,-120.833 32.534,-117.124 32.719,-114.719 32.492,-114.811 31.333,-111.1 31.333,-108.217 31.783,-108.217 31.783,-106.533 31.75,-106.5 31.733,-106.383 31.467,-106.2 31.383,-106.0 30.833,-105.317 30.683,-104.983 30.367,-104.833 30.15,-104.683 30.0,-104.7 29.65,-104.517 29.533,-104.35 29.483,-104.217 29.4,-104.15 29.317,-104.0 29.267,-103.783 29.183,-103.683 29.15,-103.55 28.917,-103.183 29.183,-102.983 29.208,-102.883 29.358,-102.883 29.4,-102.825 29.742,-102.758 29.767,-102.4 29.875,-102.317 29.792,-102.05 29.758,-101.517 29.167,-100.75 28.9,-100.633 28.183,-100.192 27.983,-99.95 27.775,-99.833 27.492,-99.525 27.308,-99.517 27.067,-99.45 26.667,-99.183 26.4,-99.067 26.067,-98.217 26.033,-97.75 25.842,-97.4 26.0,-97.0 26.0,-95.917 24.5,-93.0 24.5,-88.0 24.0,-86.0 22.0,-86.0 20.733,-85.35 20.183,-85.283 20.0,-86.0 18.15,-87.75 18.15,-88.033 18.417,-88.033 18.483,-88.317 18.483,-88.483 17.85,-88.833 18.0,-89.033 17.95,-89.15 17.817,-89.15 17.811,-90.978 17.25,-91.017 17.25,-91.467 17.184,-91.417 17.151,-91.317 16.917,-91.1 16.651,-90.7 16.467,-90.667 16.384,-90.417 16.233,-90.467 16.083,-90.467 16.083,-91.75 15.251,-92.233 15.084,-92.083 14.85,-92.2 14.667,-92.183 14.55,-92.233 13.0,-95.0 11.5,-100.0 15.0,-105.0 18.224,-107.763 21.408,-110.63 23.893,-113.004 27.925,-117.49 30.0,-120.0 30.75,-120.833
MMID|17.811,-90.978 17.25,-91.017 17.25,-91.467 17.184,-91.417 17.151,-91.317 16.917,-91.1 16.651,-90.7 16.467,-90.667 16.384,-90.417 16.233,-90.467 16.083,-90.467 16.083,-91.75 15.251,-92.233 15.084,-92.083 14.85,-92.2 14.667,-92.183 14.55,-92.233 13.0,-95.0 11.5,-100.0 15.0,-105.0 15.336,-105.282 13.037,-99.494 13.878,-96.712 19.491,-95.0 23.0,-95.0 24.5,-93.0 24.5,-88.0 24.0,-86.0 22.0,-86.0 20.733,-85.35 20.183,-85.283 20.0,-86.0 18.15,-87.75 18.15,-88.033 18.417,-88.033 18.483,-88.317 18.483,-88.483 17.85,-88.833 18.0,-89.033 17.95,-89.15 17.817,-89.15 17.811,-90.978
MMTY|31.333,-108.217 31.783,-108.217 31.783,-106.533 31.75,-106.5 31.733,-106.383 31.467,-106.2 31.383,-106.0 30.833,-105.317 30.683,-104.983 30.367,-104.833 30.15,-104.683 30.0,-104.7 29.65,-104.517 29.533,-104.35 29.483,-104.217 29.4,-104.15 29.317,-104.0 29.267,-103.783 29.183,-103.683 29.15,-103.55 28.917,-103.183 29.183,-102.983 29.208,-102.883 29.358,-102.883 29.4,-102.825 29.742,-102.758 29.767,-102.4 29.875,-102.317 29.792,-102.05 29.758,-101.517 29.167,-100.75 28.9,-100.633 28.183,-100.192 27.983,-99.95 27.775,-99.833 27.492,-99.525 27.308,-99.517 27.067,-99.45 26.667,-99.183 26.4,-99.067 26.067,-98.217 26.033,-97.75 25.842,-97.4 26.0,-97.0 26.0,-95.917 24.5,-93.0 23.0,-95.0 22.41,-95.0 23.0,-96.0 23.438,-100.014 23.667,-102.833 25.749,-105.469 28.0,-108.5 31.333,-108.5 31.333,-108.217
MMZT|30.75,-120.833 32.534,-117.124 32.719,-114.719 32.492,-114.811 31.333,-111.1 31.333,-108.5 28.0,-108.5 25.749,-105.469 24.152,-103.436 22.691,-104.851 18.224,-107.763 21.408,-110.63 23.893,-113.004 27.925,-117.49 30.0,-120.0 30.75,-120.833
MPZL|15.0,-82.25 15.0,-77.417 8.583,-77.417 8.516,-77.442 8.375,-77.333 8.325,-77.342 8.225,-77.301 8.208,-77.258 8.041,-77.234 7.975,-77.176 7.925,-77.176 7.916,-77.317 7.866,-77.351 7.75,-77.308 7.716,-77.417 7.516,-77.576 7.733,-77.726 7.633,-77.767 7.508,-77.717 7.466,-77.801 7.25,-77.883 6.733,-78.301 6.467,-78.783 6.266,-79.051 4.5,-80.0 4.533,-82.917 8.033,-82.9 8.245,-82.925 8.333,-83.05 8.47,-82.845 8.633,-82.821 8.748,-82.925 8.942,-82.717 9.1,-82.933 9.467,-82.942 9.5,-82.85 9.59,-82.887 9.625,-82.85 9.483,-82.62 9.558,-82.6 9.55,-82.567 12.9,-82.817 15.0,-82.25
MTEG|18.5,-75.0 20.0,-73.333 20.417,-73.0 20.417,-71.667 19.7,-71.767 19.392,-71.7 19.317,-71.808 19.2,-71.633 19.15,-71.65 18.967,-71.867 18.867,-71.75 18.75,-71.75 18.7,-71.817 18.642,-71.825 18.667,-71.983 18.633,-71.999 18.517,-71.9 18.467,-71.933 18.358,-71.736 18.183,-71.783 17.0,-71.667 17.0,-73.0 18.5,-75.0
MUFH|24.0,-86.0 24.0,-78.0 22.0,-75.167 20.0,-73.333 18.5,-75.0 19.5,-77.5 20.0,-78.333 20.0,-82.0 20.733,-85.35 22.0,-86.0 24.0,-86.0
NAT|45.0,-30.0 45.0,-40.0 44.5,-40.0 44.5,-50.0 51.0,-50.0 53.0,-54.0 57.0,-59.0 58.471,-60.351 61.0,-63.0 64.0,-63.0 65.0,-60.0 65.0,-57.75 63.5,-55.667 63.5,-39.0 61.0,-30.0 61.0,-10.0 57.0,-10.0 57.0,-15.0 49.0,-15.0 48.494,-8.0 45.0,-8.0 45.0,-30.0
NCRG|-20.0,-157.0 -17.985,-158.256 -17.749,-158.433 -17.545,-158.65 -17.313,-159.036 -17.214,-159.322 -17.164,-159.621 -17.183,-160.076 -17.313,-160.511 -17.545,-160.897 -17.863,-161.208 -18.248,-161.423 -18.527,-161.505 -21.167,-161.606 -21.482,-161.578 -21.763,-161.501 -22.028,-161.371 -22.375,-161.089 -22.564,-160.85 -22.71,-160.578 -22.811,-160.282 -22.862,-159.972 -22.843,-159.5 -22.767,-159.196 -21.683,-157.0 -20.0,-157.0
NFFF|-5.0,180.0 3.5,180.0 3.5,170.0 -10.0,170.0 -14.0,163.0 -14.0,161.25 -17.667,163.0 -30.0,163.0 -28.0,168.0 -25.0,171.417 -25.0,180.0 -20.328,180.0 -20.256,177.444 -20.218,176.981 -20.103,176.533 -19.917,176.114 -19.664,175.737 -19.353,175.414 -18.993,175.154 -18.596,174.965 -18.173,174.852 -17.739,174.819 -17.306,174.865 -16.886,174.989 -16.494,175.186 -16.14,175.45 -15.834,175.774 -15.587,176.146 -15.405,176.557 -15.294,176.994 -15.256,177.444 -15.276,180.0 -5.0,180.0|-5.0,-180.0 -15.276,-180.0 -15.295,-178.268 -19.167,-178.268 -20.331,-179.887 -20.328,-180.0 -25.0,-180.0 -5.0,-171.167 -5.0,-180.0
NFFJ|-15.255,177.929 -15.294,176.994 -15.405,176.557 -15.587,176.146 -15.834,175.774 -16.14,175.45 -16.494,175.186 -16.886,174.989 -17.306,174.865 -17.739,174.819 -18.173,174.852 -18.596,174.965 -18.993,175.154 -19.353,175.414 -19.664,175.737 -19.917,176.114 -20.103,176.533 -20.218,176.981 -20.256,177.444 -20.328,180.0 -15.276,180.0 -15.255,177.929|-15.276,-180.0 -20.328,-180.0 -20.331,-179.887 -19.167,-178.268 -15.295,-178.268 -15.276,-180.0
NSFA|-11.248,-173.926 -12.776,-170.077 -13.053,-169.609 -13.373,-169.305 -13.623,-169.154 -14.037,-169.016 -14.326,-168.988 -14.758,-169.043 -15.032,-169.144 -15.4,-169.384 -15.696,-169.715 -15.861,-170.003 -18.583,-169.0 -15.862,-172.743 -14.032,-175.156 -11.248,-173.926
NTTC|-14.214,-149.601 -14.264,-150.198 -14.411,-150.778 -14.653,-151.323 -14.982,-151.819 -15.387,-152.249 -15.858,-152.602 -16.381,-152.866 -16.939,-153.033 -17.516,-153.097 -18.096,-153.055 -18.659,-152.908 -19.19,-152.658 -19.671,-152.313 -20.087,-151.882 -20.426,-151.379 -20.676,-150.819 -20.829,-150.22 -20.88,-149.601 -20.829,-148.983 -20.676,-148.384 -20.426,-147.824 -20.087,-147.321 -19.671,-146.89 -19.19,-146.545 -18.659,-146.295 -18.096,-146.148 -17.516,-146.106 -16.939,-146.17 -16.381,-146.337 -15.858,-146.601 -15.387,-146.954 -14.982,-147.384 -14.653,-147.88 -14.411,-148.425 -14.264,-149.005 -14.214,-149.601
NTTT|3.5,-145.0 -5.0,-155.0 -5.0,-157.0 -30.0,-157.0 -30.0,-120.0 3.5,-120.0 3.5,-145.0
NZAA|-39.127,171.556 -39.007,174.184 -39.23,174.915 -38.922,175.314 -39.099,176.328 -38.877,176.628 -39.152,177.755 -40.005,178.535 -39.663,178.924 -38.45,179.733 -37.542,178.936 -37.222,178.985 -36.932,178.985 -36.356,178.891 -36.075,178.798 -35.538,178.527 -35.045,178.149 -34.821,177.924 -34.422,177.411 -34.251,177.126 -33.971,176.512 -33.78,175.851 -33.72,175.509 -33.683,175.163 -33.683,174.465 -33.78,173.776 -33.864,173.441 -34.101,172.802 -34.422,172.217 -34.613,171.95 -35.045,171.479 -35.285,171.277 -35.801,170.951 -36.356,170.736 -36.642,170.674 -36.932,170.642 -37.512,170.674 -38.079,170.834 -38.351,170.961 -38.865,171.307 -39.127,171.556
NZAR|-37.513,175.39 -37.573,174.981 -37.744,174.976 -37.755,174.814 -37.684,174.413 -37.521,174.132 -39.042,173.544 -39.007,174.184 -39.23,174.915 -38.922,175.314 -38.955,175.577 -37.936,175.761 -37.513,175.39
NZCB|-36.992,175.753 -37.257,175.696 -37.513,175.39 -37.936,175.761 -38.955,175.577 -39.099,176.328 -38.877,176.628 -39.152,177.755 -40.005,178.535 -39.663,178.924 -38.45,179.733 -37.542,178.936 -36.992,175.753
NZCK|-42.205,175.887 -41.803,175.279 -41.853,174.683 -41.704,174.167 -41.711,173.521 -41.62,172.632 -41.726,172.533 -41.966,172.167 -42.183,171.965 -42.884,172.181 -43.504,172.515 -44.049,173.672 -42.205,175.887
NZCM|-90.0,163.0 -90.0,180.0 -60.0,180.0 -60.0,163.0 -90.0,163.0|-60.0,-180.0 -90.0,-180.0 -90.0,-131.0 -60.0,-131.0 -60.0,-180.0
NZCS|-44.049,173.672 -43.504,172.515 -42.884,172.181 -42.183,171.965 -42.112,172.031 -41.567,170.243 -42.821,168.913 -42.849,168.27 -43.014,167.531 -43.196,167.078 -43.568,166.492 -44.036,166.051 -44.208,165.942 -44.569,165.787 -44.943,165.721 -45.132,165.722 -45.504,165.812 -45.917,165.3 -48.149,168.267 -44.049,173.672
NZCT|-39.127,171.556 -39.609,171.07 -40.124,170.72 -40.677,170.487 -40.963,170.418 -41.424,170.39 -41.567,170.243 -42.112,172.031 -41.966,172.167 -41.726,172.533 -41.62,172.632 -41.711,173.521 -41.704,174.167 -41.853,174.683 -41.803,175.279 -42.205,175.887 -40.005,178.535 -39.152,177.755 -38.877,176.628 -39.099,176.328 -38.922,175.314 -39.23,174.915 -39.007,174.184 -39.127,171.556
NZOH|-39.23,174.915 -40.632,174.923 -40.711,175.273 -40.768,175.275 -40.818,175.548 -41.188,175.314 -41.281,175.805 -41.803,175.279 -42.205,175.887 -40.005,178.535 -39.152,177.755 -38.929,176.795 -38.906,176.795 -38.877,176.628 -39.099,176.328 -38.922,175.314 -39.23,174.915
NZOH|-39.23,174.915 -40.632,174.923 -40.711,175.273 -40.768,175.275 -40.818,175.548 -41.188,175.314 -41.281,175.805 -41.803,175.279 -42.205,175.887 -40.005,178.535 -39.152,177.755 -38.929,176.795 -38.906,176.795 -38.877,176.628 -39.099,176.328 -38.922,175.314 -39.23,174.915
NZZO|-30.0,-131.0 -30.0,-157.0 -5.0,-157.0 -5.0,-171.167 -25.0,-180.0 -60.0,-180.0 -60.0,-131.0 -30.0,-131.0|-28.0,168.0 -30.0,163.0 -60.0,163.0 -60.0,180.0 -25.0,180.0 -25.0,171.417 -28.0,168.0
NZZT|-45.917,165.3 -45.504,165.812 -45.132,165.722 -44.943,165.721 -44.569,165.787 -44.208,165.942 -44.036,166.051 -43.568,166.492 -43.196,167.078 -43.014,167.531 -42.849,168.27 -42.821,168.913 -41.424,170.39 -40.963,170.418 -40.677,170.487 -40.124,170.72 -39.609,171.07 -39.127,171.556 -38.614,171.119 -38.351,170.961 -37.798,170.738 -37.222,170.642 -36.932,170.642 -36.356,170.736 -35.801,170.951 -35.285,171.277 -35.045,171.479 -34.613,171.95 -34.252,172.5 -30.0,163.0 -45.0,163.0 -45.917,165.3
OAKX|29.863,60.864 30.834,61.8 30.918,61.766 30.984,61.816 31.368,61.716 31.484,60.833 32.034,60.8 32.201,60.85 33.151,60.566 33.518,60.883 33.518,60.666 33.734,60.533 34.101,60.466 34.318,60.683 34.318,60.9 34.534,60.716 34.651,60.966 34.994,61.083 35.284,61.083 35.301,61.15 35.616,61.276 35.45,62.0 35.133,62.3 35.3,62.467 35.25,62.617 35.417,63.083 35.617,63.067 35.7,63.25 35.833,63.1 35.867,63.133 36.0,64.05 36.083,64.05 36.167,64.283 36.433,64.617 36.608,64.633 36.933,64.75 37.117,64.75 37.217,65.0 37.25,65.533 37.55,65.717 37.55,65.8 37.383,66.15 37.333,66.533 37.383,67.0 37.183,67.283 37.283,67.5 37.2,67.783 37.083,67.783 37.067,67.875 36.925,68.025 37.025,68.217 37.0,68.267 37.092,68.308 37.217,68.65 37.271,68.683 37.283,68.767 37.242,68.808 37.254,68.833 37.308,68.808 37.317,68.846 37.275,68.925 37.333,68.883 37.317,68.983 37.092,69.25 37.217,69.45 37.333,69.383 37.45,69.383 37.592,69.55 37.6,69.9 37.517,70.133 37.617,70.267 37.7,70.3 37.817,70.275 37.85,70.183 37.95,70.175 37.925,70.217 37.942,70.275 37.967,70.267 38.05,70.367 38.117,70.5 38.267,70.558 38.283,70.6 38.337,70.608 38.367,70.692 38.408,70.683 38.467,70.875 38.425,70.917 38.433,70.958 38.467,70.95 38.483,71.0 38.392,71.05 38.417,71.083 38.4,71.133 38.317,71.217 38.3,71.317 38.217,71.375 37.933,71.25 37.883,71.333 37.95,71.517 37.917,71.583 37.067,71.433 36.75,71.567 36.683,71.65 36.683,71.817 36.983,72.317 37.025,72.675 37.208,72.783 37.333,73.083 37.417,73.15 37.4,73.2 37.467,73.333 37.433,73.367 37.467,73.433 37.433,73.767 37.333,73.767 37.283,73.617 37.25,73.617 37.233,73.8 37.4,74.3 37.383,74.717 37.333,74.833 37.233,74.883 37.217,74.817 37.283,74.75 37.217,74.467 37.183,74.483 37.117,74.433 37.033,74.533 37.05,74.617 36.95,74.583 36.967,74.45 36.839,74.004 36.927,73.708 36.834,72.551 36.766,72.463 36.731,72.202 36.662,72.142 36.497,71.865 36.483,71.788 36.43,71.768 36.453,71.62 36.215,71.397 36.103,71.188 36.03,71.186 35.821,71.472 35.619,71.495 35.506,71.606 35.299,71.525 35.154,71.629 34.484,70.965 34.328,71.122 34.025,71.071 33.949,70.564 34.049,69.951 33.89,69.869 33.696,70.113 33.323,70.34 33.085,69.869 33.037,69.504 32.875,69.501 32.401,69.262 31.875,69.324 31.596,68.857 31.846,68.549 31.768,68.331 31.785,68.132 31.435,67.597 31.37,67.771 31.213,67.355 31.286,66.882 30.856,66.369 30.043,66.259 30.003,66.313 29.838,66.24 29.8,66.0 29.526,65.006 29.594,64.537 29.403,64.011 29.495,63.573 29.409,62.481 29.863,60.864
OBBB|28.236,48.866 27.824,49.131 26.583,50.471 26.529,50.387 26.084,50.28 25.782,50.39 25.564,50.565 25.589,50.59 25.546,50.818 25.592,50.782 25.643,50.842 25.754,50.872 25.892,50.818 26.013,50.849 26.083,50.908 26.231,50.92 26.27,50.998 26.362,51.072 26.399,51.208 26.367,51.386 25.643,52.969 25.817,53.1 26.067,53.95 26.917,51.167 27.083,50.917 28.712,49.669 28.236,48.866
OBBB-C|26.237,51.645 26.744,51.733 26.917,51.167 27.083,50.917 27.265,50.785 27.13,50.617 27.146,49.868 26.583,50.471 26.529,50.387 26.084,50.28 25.782,50.39 25.564,50.565 25.589,50.59 25.546,50.818 25.592,50.782 25.643,50.842 25.754,50.872 25.892,50.818 26.013,50.849 26.083,50.908 26.231,50.92 26.27,50.998 26.362,51.072 26.399,51.208 26.367,51.386 26.237,51.645
OBBB-E|26.744,51.733 26.201,53.513 26.091,53.09 26.05,53.086 25.913,53.428 25.817,53.1 25.643,52.969 26.237,51.645 26.744,51.733
OBBB-N|28.236,48.866 28.712,49.669 27.265,50.785 27.13,50.617 27.146,49.868 27.824,49.131 28.236,48.866
OBBB-S|24.705,51.574 24.12,51.591 23.965,51.727 24.844,52.373 24.815,52.001 24.705,51.574
OEJD|28.545,48.684 27.824,49.131 26.583,50.471 26.529,50.387 26.084,50.28 25.782,50.39 25.523,50.597 25.045,50.71 24.756,50.814 24.53,50.938 24.471,51.203 24.53,51.371 24.705,51.574 24.12,51.591 23.965,51.727 24.05,51.783 22.933,52.583 22.643,55.132 22.708,55.195 22.0,55.667 20.0,55.017 19.0,52.0 18.789,50.783 18.617,49.117 18.167,48.183 17.45,47.6 17.117,47.467 16.95,47.183 16.95,47.0 17.283,46.75 17.233,46.367 17.25,46.1 17.333,45.4 17.433,45.217 17.433,44.65 17.4,44.567 17.433,44.366 17.414,44.207 17.305,43.91 17.374,43.698 17.588,43.336 17.439,43.235 17.3,43.334 17.255,43.205 16.932,43.149 16.743,43.267 16.653,43.227 16.648,43.152 16.544,43.099 16.489,42.959 16.404,42.947 16.364,42.819 16.409,42.777 16.404,42.15 16.29,41.783 16.0,42.0 15.783,41.875 15.665,41.663 16.0,41.0 20.0,38.5 22.0,38.0 22.293,37.886 23.291,37.164 26.677,34.972 27.911,34.456 28.035,34.469 28.518,34.651 29.058,34.763 29.357,34.962 29.192,36.067 29.5,36.5 29.867,36.75 30.0,37.5 30.333,37.667 30.5,38.0 31.5,37.0 32.0,39.0 32.154,39.202 31.95,40.417 31.367,41.45 31.117,42.083 29.2,44.717 29.067,46.433 29.101,46.555 29.0,47.467 28.783,47.6 28.683,47.6 28.525,47.708 28.545,48.684
OEJD-2|28.714,34.693 28.518,34.651 28.035,34.469 27.911,34.456 26.677,34.972 23.291,37.164 22.293,37.886 22.0,38.0 20.0,38.5 16.0,41.0 15.665,41.663 15.783,41.875 16.0,42.0 16.29,41.783 16.404,42.15 16.409,42.777 16.364,42.819 16.404,42.947 16.489,42.959 16.544,43.099 16.648,43.152 16.653,43.227 16.743,43.267 16.932,43.149 17.255,43.205 17.3,43.334 17.439,43.235 17.588,43.336 17.374,43.698 17.305,43.91 17.414,44.207 17.433,44.366 17.4,44.567 17.433,44.65 17.433,45.217 17.333,45.4 17.25,46.1 17.233,46.367 17.283,46.75 16.95,47.0 16.95,47.183 17.117,47.467 17.45,47.6 18.167,48.183 18.617,49.117 18.789,50.783 19.0,52.0 20.0,55.017 22.0,55.667 22.708,55.195 22.643,55.132 22.933,52.583 24.05,51.783 23.965,51.727 24.12,51.591 24.705,51.574 24.53,51.371 24.471,51.203 24.53,50.938 24.581,50.909 24.436,50.527 24.358,50.157 24.332,49.779 24.358,49.4 24.444,48.995 24.227,48.942 23.927,48.805 23.651,48.617 23.405,48.383 23.196,48.109 23.028,47.802 22.905,47.469 22.827,47.146 22.804,46.759 22.829,46.4 22.905,46.05 23.028,45.717 23.196,45.41 23.405,45.136 23.651,44.902 23.927,44.714 24.227,44.577 24.543,44.493 24.869,44.464 25.096,40.941 25.402,40.718 26.953,41.152 27.243,39.539 27.972,37.223 28.714,34.693
OEJD-3|31.5,37.0 30.5,38.0 30.333,37.667 30.0,37.5 29.867,36.75 29.5,36.5 29.192,36.067 29.357,34.962 29.058,34.763 28.714,34.693 27.972,37.223 27.243,39.539 26.953,41.152 25.402,40.718 25.096,40.941 24.869,44.464 24.543,44.493 24.227,44.577 23.927,44.714 23.651,44.902 23.405,45.136 23.196,45.41 23.028,45.717 22.905,46.05 22.829,46.4 22.804,46.759 22.827,47.146 22.905,47.469 23.028,47.802 23.196,48.109 23.405,48.383 23.651,48.617 23.927,48.805 24.227,48.942 24.444,48.995 24.358,49.4 24.332,49.779 24.358,50.157 24.436,50.527 24.581,50.909 25.045,50.71 25.523,50.597 25.782,50.39 26.084,50.28 26.529,50.387 26.583,50.471 27.824,49.131 28.545,48.684 28.525,47.708 28.683,47.6 28.783,47.6 29.0,47.467 29.101,46.555 29.067,46.433 29.2,44.717 31.117,42.083 31.367,41.45 31.95,40.417 32.154,39.202 32.0,39.0 31.5,37.0
OEJD-C|25.096,40.941 24.869,44.464 24.543,44.493 24.227,44.577 23.927,44.714 23.796,44.81 22.65,44.138 22.498,41.203 22.023,41.336 21.697,41.364 21.372,41.336 21.055,41.254 20.755,41.12 20.479,40.936 20.233,40.708 20.023,40.441 19.736,39.99 19.195,39.006 20.0,38.5 22.0,38.0 22.293,37.886 23.015,37.365 23.391,37.805 23.564,38.105 23.757,38.645 23.453,40.372 23.535,40.513 23.809,40.816 24.156,41.011 24.541,41.079 24.737,41.062 25.096,40.941
OEJD-E|29.2,44.717 29.067,46.433 29.101,46.555 29.0,47.467 28.85,47.567 28.683,47.6 28.525,47.708 26.233,46.517 26.137,44.914 25.817,44.714 25.513,44.577 25.252,44.5 24.869,44.464 25.096,40.941 25.402,40.718 26.953,41.152 29.2,44.717
OEJD-N|29.357,34.962 29.192,36.067 29.5,36.5 29.867,36.75 30.0,37.5 30.333,37.667 30.5,38.0 31.5,37.0 32.0,39.0 32.154,39.202 31.95,40.417 31.367,41.45 31.117,42.083 29.2,44.717 26.953,41.152 27.243,39.539 27.972,37.223 28.714,34.693 29.058,34.763 29.357,34.962
OEJD-NE|28.525,47.708 26.233,46.517 26.137,44.914 25.817,44.714 25.513,44.577 25.252,44.5 24.869,44.464 24.543,44.493 24.227,44.577 23.927,44.714 23.651,44.902 23.405,45.136 23.196,45.41 23.028,45.717 22.905,46.05 22.829,46.4 22.804,46.759 22.827,47.146 22.905,47.469 23.028,47.802 23.196,48.109 23.405,48.383 23.651,48.617 23.927,48.805 24.227,48.942 24.444,48.995 24.358,49.4 24.332,49.779 24.358,50.157 24.436,50.527 24.581,50.909 25.045,50.71 25.523,50.597 25.782,50.39 26.084,50.28 26.529,50.387 26.583,50.471 27.824,49.131 28.545,48.684 28.525,47.708
OEJD-S|23.796,44.81 23.651,44.902 23.405,45.136 23.196,45.41 23.028,45.717 22.905,46.05 22.829,46.4 22.804,46.759 22.829,47.119 18.617,49.117 18.167,48.183 17.45,47.6 17.117,47.467 16.95,47.183 16.95,47.0 17.283,46.75 17.233,46.367 17.25,46.1 17.333,45.4 17.433,45.217 17.433,44.65 17.4,44.567 17.433,44.366 17.414,44.207 17.305,43.91 17.374,43.698 17.588,43.336 17.439,43.235 17.3,43.334 17.255,43.205 16.932,43.149 16.743,43.267 16.653,43.227 16.648,43.152 16.544,43.099 16.489,42.959 16.404,42.947 16.364,42.819 16.409,42.777 16.404,42.15 16.29,41.783 16.0,42.0 15.783,41.875 15.665,41.663 16.0,41.0 19.195,39.006 19.736,39.99 20.023,40.441 20.233,40.708 20.479,40.936 20.755,41.12 21.055,41.254 21.372,41.336 21.697,41.364 22.023,41.336 22.498,41.203 22.65,44.138 23.796,44.81
OEJD-SE|20.0,55.017 19.0,52.0 18.789,50.783 18.617,49.117 22.829,47.119 22.905,47.469 23.028,47.802 23.196,48.109 23.405,48.383 23.651,48.617 23.927,48.805 24.227,48.942 24.444,48.995 24.358,49.4 24.332,49.779 24.358,50.157 24.436,50.527 24.581,50.909 24.53,50.938 24.471,51.203 24.53,51.371 24.705,51.574 24.12,51.591 23.965,51.727 24.05,51.783 22.933,52.583 22.643,55.132 22.708,55.195 22.0,55.667 20.0,55.017
OEJD-W|25.096,40.941 24.737,41.062 24.541,41.079 24.156,41.011 23.809,40.816 23.535,40.513 23.453,40.372 23.757,38.645 23.564,38.105 23.391,37.805 23.015,37.365 26.677,34.972 27.911,34.456 28.035,34.469 28.518,34.651 28.714,34.693 27.972,37.223 27.243,39.539 26.953,41.152 25.402,40.718 25.096,40.941
OEJN|23.177,37.538 23.391,37.805 23.564,38.105 23.757,38.645 23.453,40.372 23.177,40.708 22.926,40.936 22.498,41.203 22.023,41.336 21.697,41.364 21.372,41.336 21.055,41.254 20.755,41.12 20.479,40.936 20.233,40.708 20.023,40.441 19.736,39.99 19.195,39.006 20.0,38.5 22.0,38.0 22.293,37.886 23.015,37.365 23.177,37.538
OERD|29.357,34.962 29.192,36.067 29.5,36.5 29.867,36.75 30.0,37.5 30.333,37.667 30.5,38.0 31.5,37.0 32.0,39.0 32.154,39.202 31.95,40.417 31.367,41.45 31.117,42.083 29.2,44.717 29.067,46.433 29.101,46.555 29.0,47.467 28.783,47.6 28.683,47.6 28.525,47.708 28.545,48.684 27.824,49.131 26.583,50.471 26.529,50.387 26.084,50.28 25.782,50.39 25.523,50.597 25.045,50.71 24.581,50.909 24.436,50.527 24.358,50.157 24.332,49.779 24.358,49.4 24.444,48.995 24.227,48.942 23.927,48.805 23.651,48.617 23.405,48.383 23.196,48.109 23.028,47.802 22.905,47.469 22.827,47.146 22.804,46.759 22.829,46.4 22.905,46.05 23.028,45.717 23.196,45.41 23.405,45.136 23.651,44.902 23.927,44.714 24.227,44.577 24.543,44.493 24.869,44.464 25.096,40.941 25.402,40.718 26.953,41.152 27.243,39.539 27.972,37.223 28.714,34.693 29.058,34.763 29.357,34.962
OERD-E|28.525,47.708 26.233,46.517 26.137,44.914 25.817,44.714 25.513,44.577 25.252,44.5 24.869,44.464 25.096,40.941 25.402,40.718 26.953,41.152 29.2,44.717 29.067,46.433 29.101,46.555 29.0,47.467 28.783,47.6 28.683,47.6 28.525,47.708
OERD-N|29.2,44.717 26.953,41.152 27.243,39.539 27.972,37.223 28.714,34.693 29.058,34.763 29.357,34.962 29.192,36.067 29.5,36.5 29.867,36.75 30.0,37.5 30.333,37.667 30.5,38.0 31.5,37.0 32.0,39.0 32.154,39.202 31.95,40.417 31.367,41.45 31.117,42.083 29.2,44.717
OERD-NE|28.525,47.708 26.233,46.517 26.137,44.914 25.817,44.714 25.513,44.577 25.252,44.5 24.869,44.464 24.543,44.493 24.227,44.577 23.927,44.714 23.651,44.902 23.405,45.136 23.196,45.41 23.028,45.717 22.905,46.05 22.829,46.4 22.804,46.759 22.827,47.146 22.905,47.469 23.028,47.802 23.196,48.109 23.405,48.383 23.651,48.617 23.927,48.805 24.227,48.942 24.444,48.995 24.358,49.4 24.332,49.779 24.358,50.157 24.436,50.527 24.581,50.909 25.045,50.71 25.523,50.597 25.782,50.39 26.084,50.28 26.529,50.387 26.583,50.471 27.824,49.131 28.545,48.684 28.525,47.708
OERK|24.444,48.995 24.227,48.942 23.927,48.805 23.651,48.617 23.405,48.383 23.196,48.109 23.028,47.802 22.905,47.469 22.827,47.146 22.804,46.759 22.829,46.4 22.905,46.05 23.028,45.717 23.196,45.41 23.405,45.136 23.651,44.902 23.927,44.714 24.227,44.577 24.543,44.493 24.869,44.464 25.252,44.5 25.513,44.577 25.817,44.714 26.137,44.914 26.233,46.517 25.686,48.388 24.444,48.995
OIIX|34.318,60.683 34.101,60.466 33.734,60.533 33.518,60.666 33.518,60.883 33.151,60.566 32.201,60.85 32.034,60.8 31.484,60.833 31.368,61.716 30.984,61.816 30.918,61.766 30.834,61.8 29.863,60.864 29.262,61.403 28.556,61.848 28.243,62.746 27.212,62.838 27.221,63.305 26.628,63.206 26.586,62.422 26.279,62.088 26.158,61.79 25.181,61.613 24.661,61.435 25.0,57.5 25.583,56.75 26.167,56.75 26.683,56.45 25.633,55.333 26.917,51.167 27.083,50.917 29.003,49.451 29.22,49.667 29.853,48.75 29.95,48.567 29.95,48.467 30.2,48.333 30.467,48.017 30.982,48.017 30.982,47.683 31.382,47.683 31.782,47.85 32.149,47.5 32.216,47.55 32.349,47.417 32.382,47.433 32.482,47.3 32.432,47.167 32.899,46.45 32.966,46.083 33.066,46.117 33.082,46.033 33.132,46.033 33.166,46.167 33.466,45.967 33.499,45.833 33.549,45.933 33.616,45.883 33.582,45.767 33.966,45.383 34.199,45.55 34.316,45.55 34.316,45.483 34.449,45.433 34.616,45.517 34.566,45.717 34.749,45.65 34.916,45.767 34.916,45.85 34.999,45.85 35.099,45.917 35.099,46.15 35.516,45.967 35.682,45.967 35.799,46.333 35.782,46.15 35.832,46.117 35.799,45.75 35.982,45.567 35.966,45.35 36.416,45.217 36.399,45.117 36.532,44.983 36.716,45.033 36.782,44.833 36.832,44.833 36.882,44.883 36.999,44.883 37.049,44.783 37.199,44.75 37.299,44.8 37.449,44.583 37.749,44.567 37.766,44.45 37.899,44.217 38.349,44.467 38.366,44.3 38.632,44.3 38.649,44.25 38.816,44.283 38.899,44.2 39.116,44.133 39.132,44.2 39.199,44.1 39.416,44.017 39.416,44.383 39.682,44.45 39.783,44.7 39.217,45.167 39.167,45.333 38.983,45.467 38.9,45.867 38.9,46.05 38.85,46.15 38.917,46.333 38.883,46.55 39.483,47.383 39.717,48.0 39.367,48.4 39.283,48.167 39.0,48.4 38.883,48.033 38.733,48.25 38.617,48.317 38.633,48.45 38.417,48.633 38.442,48.875 37.901,51.5 37.35,53.917 37.333,54.233 37.533,54.75 37.733,54.8 37.933,55.083 38.083,55.5 38.104,55.686 38.061,56.337 38.181,56.338 38.235,56.411 38.256,56.751 38.168,57.051 38.283,57.217 38.067,57.383 37.979,57.358 37.917,57.483 37.917,57.7 37.767,58.2 37.675,58.247 37.617,58.433 37.7,58.575 37.633,58.683 37.65,58.783 37.7,58.817 37.514,59.203 37.506,59.332 37.127,59.532 37.123,59.711 37.003,60.055 36.632,60.35 36.661,61.144 36.566,61.192 36.377,61.162 36.131,61.242 35.967,61.132 35.887,61.254 35.717,61.25 35.688,61.211 35.6,61.267 35.301,61.15 35.284,61.083 34.994,61.083 34.651,60.966 34.534,60.716 34.318,60.9 34.318,60.683
OJAC|32.382,35.566 32.645,35.563 32.75,35.792 32.667,36.017 32.537,36.081 32.529,36.192 32.387,36.392 32.3,36.833 32.367,36.908 33.375,38.794 32.502,39.086 32.478,38.986 32.304,39.044 32.356,39.26 32.229,39.301 32.0,39.0 31.5,37.0 30.5,38.0 30.333,37.667 30.0,37.5 29.867,36.75 29.5,36.5 29.192,36.067 29.357,34.962 29.467,34.933 29.64,35.007 30.05,35.104 30.132,35.165 30.238,35.14 30.352,35.182 30.414,35.156 30.583,35.203 30.82,35.333 30.882,35.336 31.12,35.495 31.252,35.397 31.395,35.466 31.765,35.555 31.997,35.522 32.382,35.566
OKAC|28.541,48.433 28.525,47.708 28.683,47.6 28.783,47.6 29.0,47.467 29.101,46.555 29.251,46.703 30.0,47.156 30.104,47.371 30.104,47.708 29.99,48.012 30.029,48.076 30.022,48.164 29.853,48.414 29.853,48.75 29.22,49.667 29.003,49.451 28.712,49.669 28.236,48.866 28.545,48.684 28.541,48.433
OLBB|34.584,36.434 34.518,36.334 34.284,36.584 33.918,36.284 33.839,36.384 33.851,36.167 33.818,36.067 33.651,35.934 33.584,36.067 33.534,35.95 33.248,35.616 33.288,35.571 33.093,35.507 33.065,35.366 33.106,35.333 33.098,34.858 33.222,34.876 33.451,34.657 33.734,34.543 34.04,34.567 34.192,34.629 34.33,34.746 34.526,35.032 34.596,35.218 34.639,35.708 34.584,36.434
OMAE|25.913,53.428 26.05,53.086 26.091,53.09 26.201,53.513 25.633,55.333 26.35,56.1 25.6,56.217 25.456,56.305 25.451,56.556 25.126,56.557 25.12,56.51 25.0,56.583 24.916,56.499 24.698,56.862 24.359,56.536 24.624,56.207 24.0,55.583 22.708,55.195 22.643,55.132 22.933,52.583 24.05,51.783 25.257,52.681 25.431,52.336 25.641,52.482 25.487,52.777 25.541,52.894 25.817,53.1 25.913,53.428
OOMM|26.35,56.1 25.6,56.217 24.916,56.499 24.0,55.583 22.708,55.195 22.0,55.667 20.0,55.017 19.0,52.0 15.667,53.5 17.667,57.0 19.8,60.0 23.496,64.495 23.497,61.435 24.661,61.435 25.0,57.5 25.583,56.75 26.167,56.75 26.683,56.45 26.35,56.1
OPKR|30.003,66.313 29.838,66.24 29.8,66.0 29.526,65.006 29.594,64.537 29.403,64.011 29.495,63.573 29.409,62.481 29.863,60.864 29.262,61.403 28.556,61.848 28.243,62.746 27.212,62.838 27.221,63.305 26.628,63.206 26.586,62.422 26.279,62.088 26.158,61.79 25.181,61.613 24.661,61.435 23.497,61.435 23.497,68.267 23.926,68.347 23.963,68.748 24.351,68.788 24.265,69.127 24.277,69.642 24.133,69.86 24.355,70.241 24.399,70.577 24.225,70.617 24.395,71.095 24.558,70.958 24.722,71.092 25.413,70.679 25.721,70.654 25.693,70.264 26.061,70.088 26.582,70.185 26.607,69.843 26.822,69.445 27.117,69.567 27.65,68.667 29.5,67.817 30.0,67.033 30.003,66.313
OPLR|36.967,74.45 36.839,74.004 36.927,73.708 36.834,72.551 36.766,72.463 36.731,72.202 36.662,72.142 36.497,71.865 36.483,71.788 36.43,71.768 36.453,71.62 36.215,71.397 36.103,71.188 36.03,71.186 35.821,71.472 35.619,71.495 35.506,71.606 35.299,71.525 35.154,71.629 34.484,70.965 34.328,71.122 34.025,71.071 33.949,70.564 34.049,69.951 33.89,69.869 33.696,70.113 33.323,70.34 33.085,69.869 33.037,69.504 32.875,69.501 32.401,69.262 31.875,69.324 31.596,68.857 31.846,68.549 31.768,68.331 31.785,68.132 31.435,67.597 31.37,67.771 31.213,67.355 31.286,66.882 30.856,66.369 30.043,66.259 30.002,66.317 30.0,67.033 29.5,67.817 27.65,68.667 27.117,69.567 27.347,69.741 27.634,70.047 28.053,70.353 27.932,70.662 27.697,70.737 27.949,71.871 28.531,72.235 28.885,72.525 29.017,72.971 29.895,73.392 30.0,73.648 30.196,73.971 30.382,73.873 31.075,74.618 31.262,74.516 31.576,74.628 31.768,74.497 32.114,75.069 32.214,75.377 32.421,75.19 32.52,74.66 32.839,74.696 32.744,74.41 33.034,74.276 33.234,73.966 33.499,74.206 33.75,73.96 33.978,74.321 34.063,73.892 34.272,74.002 34.428,73.778 34.71,74.07 34.763,74.526 34.489,75.816 34.647,76.038 34.589,76.236 34.791,76.433 34.66,76.919 34.912,76.95 35.033,77.082 35.517,77.85 35.467,77.383 35.533,77.317 35.542,77.15 35.667,76.833 35.667,76.767 35.817,76.583 35.917,76.583 35.833,76.35 35.833,76.167 35.933,76.167 36.017,76.083 36.017,76.0 36.133,75.933 36.167,76.017 36.233,76.0 36.233,76.05 36.333,75.983 36.417,76.017 36.617,75.933 36.767,75.65 36.767,75.533 36.717,75.533 36.717,75.467 36.95,75.4 37.0,75.167 37.0,75.0 36.933,74.933 37.067,74.817 37.017,74.75 37.092,74.683 37.092,74.617 36.95,74.583 36.967,74.45
ORBB|32.154,39.202 32.229,39.301 32.355,39.26 32.303,39.043 32.478,38.986 32.502,39.086 33.375,38.794 34.417,41.0 34.783,41.233 35.633,41.383 36.35,41.3 36.517,41.4 36.583,41.817 37.083,42.342 37.133,42.6 37.35,42.792 37.292,42.925 37.35,43.133 37.2,43.583 37.183,43.883 37.3,44.033 37.242,44.233 37.108,44.167 36.933,44.271 37.158,44.631 37.166,44.757 37.049,44.783 36.999,44.883 36.882,44.883 36.832,44.833 36.782,44.833 36.716,45.033 36.532,44.983 36.399,45.117 36.416,45.217 35.966,45.35 35.982,45.567 35.799,45.75 35.832,46.117 35.782,46.15 35.799,46.333 35.682,45.967 35.516,45.967 35.099,46.15 35.099,45.917 34.999,45.85 34.916,45.85 34.916,45.767 34.749,45.65 34.566,45.717 34.616,45.517 34.449,45.433 34.316,45.483 34.316,45.55 34.199,45.55 33.966,45.383 33.582,45.767 33.616,45.883 33.549,45.933 33.499,45.833 33.466,45.967 33.166,46.167 33.132,46.033 33.082,46.033 33.066,46.117 32.966,46.083 32.899,46.45 32.432,47.167 32.482,47.3 32.382,47.433 32.349,47.417 32.216,47.55 32.149,47.5 31.782,47.85 31.382,47.683 30.982,47.683 30.982,48.017 30.467,48.017 30.2,48.333 29.95,48.467 29.95,48.567 29.853,48.75 29.853,48.414 30.022,48.164 30.029,48.076 29.99,48.012 30.104,47.708 30.104,47.371 30.0,47.156 29.251,46.703 29.101,46.555 29.067,46.433 29.2,44.717 31.117,42.083 31.367,41.45 31.95,40.417 32.154,39.202
ORBB-N|31.367,41.45 31.95,40.417 32.154,39.202 32.229,39.301 32.355,39.26 32.303,39.043 32.478,38.986 32.502,39.086 33.375,38.794 34.417,41 34.783,41.233 35.633,41.383 36.35,41.3 36.517,41.4 36.583,41.817 37.083,42.342 37.133,42.6 37.35,42.792 37.292,42.925 37.35,43.133 37.2,43.583 37.183,43.883 37.3,44.033 37.242,44.233 37.108,44.167 36.933,44.271 37.158,44.631 37.166,44.757 37.049,44.783 36.999,44.883 36.882,44.883 36.832,44.833 36.782,44.833 36.716,45.033 36.532,44.983 36.399,45.117 36.416,45.217 35.966,45.35 35.982,45.567 35.799,45.75 35.832,46.117 35.782,46.15 35.799,46.333 35.682,45.967 35.516,45.967 35.099,46.15 35.099,45.917 34.999,45.85 34.916,45.85 34.916,45.767 34.749,45.65 34.566,45.717 34.616,45.517 34.449,45.433 34.316,45.483 34.316,45.55 34.199,45.55 33.966,45.383 33.582,45.767 33.616,45.883 33.549,45.933 33.152,45.255 33.042,43.473 31.367,41.45
ORBB-S|33.499,45.833 33.466,45.967 33.166,46.167 33.132,46.033 33.082,46.033 33.066,46.117 32.966,46.083 32.899,46.45 32.432,47.167 32.482,47.3 32.382,47.433 32.349,47.417 32.216,47.55 32.149,47.5 31.782,47.85 31.382,47.683 30.982,47.683 30.982,48.017 30.467,48.017 30.2,48.333 29.95,48.467 29.95,48.567 29.853,48.75 29.853,48.414 30.022,48.164 30.029,48.076 29.99,48.012 30.104,47.708 30.104,47.371 30.0,47.156 29.251,46.703 29.101,46.555 29.067,46.433 29.2,44.717 31.117,42.083 31.367,41.45 33.042,43.473 33.152,45.255 33.499,45.833
OSTT|34.639,35.708 34.917,35.633 35.067,35.667 35.567,35.483 35.75,35.533 35.883,35.6 35.917,35.667 35.9,35.933 35.775,36.183 35.933,36.242 35.983,36.425 36.217,36.417 36.167,36.6 36.263,36.717 36.467,36.6 36.825,36.658 36.604,37.067 36.625,37.5 36.883,38.25 36.817,38.5 36.692,38.7 36.642,39.233 36.733,39.833 37.087,40.817 37.042,41.25 37.058,41.6 37.171,42.083 37.258,42.217 37.083,42.342 36.583,41.817 36.517,41.4 36.35,41.3 35.633,41.383 34.783,41.233 34.417,41.0 33.375,38.794 32.367,36.908 32.3,36.833 32.387,36.392 32.529,36.192 32.537,36.081 32.667,36.017 32.721,35.908 32.75,35.792 32.645,35.563 32.78,35.667 33.017,35.59 33.16,35.663 33.236,35.66 33.248,35.616 33.534,35.95 33.584,36.067 33.651,35.934 33.818,36.067 33.851,36.167 33.839,36.384 33.918,36.284 34.284,36.584 34.518,36.334 34.584,36.434 34.639,35.708
OTDF|25.564,50.565 25.589,50.59 25.546,50.818 25.592,50.782 25.643,50.842 25.754,50.872 25.892,50.818 26.013,50.849 26.083,50.908 26.231,50.92 26.27,50.998 26.362,51.072 26.399,51.208 26.367,51.386 26.237,51.645 26.744,51.733 26.067,53.95 25.817,53.1 24.844,52.373 24.815,52.001 24.705,51.574 24.53,51.371 24.471,51.203 24.53,50.938 24.756,50.814 25.564,50.565
OTDF-N|26.314,51.034 25.459,52.832 25.817,53.1 26.067,53.95 26.744,51.733 26.237,51.645 26.367,51.386 26.399,51.208 26.362,51.072 26.314,51.034
OTDF-S|26.314,51.034 25.459,52.832 24.844,52.373 24.815,52.001 24.705,51.574 24.53,51.371 24.471,51.203 24.53,50.938 24.756,50.814 25.564,50.565 25.589,50.59 25.546,50.818 25.592,50.782 25.643,50.842 25.754,50.872 25.892,50.818 26.013,50.849 26.083,50.908 26.231,50.92 26.314,51.034
OYSC|19.0,52.0 15.667,53.5 17.667,57.0 19.8,60.0 12.001,60.0 12.001,51.583 12.184,50.766 11.762,44.241 12.167,44.051 12.601,43.334 12.75,43.2 14.5,42.5 15.367,42.25 15.665,41.663 15.783,41.875 16.0,42.0 16.29,41.783 16.404,42.15 16.409,42.777 16.364,42.819 16.404,42.947 16.489,42.959 16.544,43.099 16.648,43.152 16.653,43.227 16.743,43.267 16.932,43.149 17.255,43.205 17.3,43.334 17.439,43.235 17.588,43.336 17.374,43.698 17.305,43.91 17.414,44.207 17.433,44.366 17.4,44.567 17.433,44.65 17.433,45.217 17.333,45.4 17.25,46.1 17.233,46.367 17.283,46.75 16.95,47.0 16.95,47.183 17.117,47.467 17.45,47.6 18.167,48.183 18.617,49.117 18.789,50.783 19.0,52.0
PAZA|90.0,-168.973 90.0,-141.0 62.0,-141.0 60.35,-139.183 59.567,-135.033 57.0,-132.083 54.492,-131.8 54.583,-132.833 54.108,-134.0 54.108,-135.45 54.0,-136.0 53.367,-137.0 56.762,-151.75 56.0,-153.0 53.5,-160.0 52.6,-163.679 51.4,-167.817 50.133,-176.567 49.679,-180.0 60.0,-180.0 61.367,-177.752 62.583,-175.0 65.0,-168.973 90.0,-168.973|54.0,169.0 54.817,170.2 60.0,180.0 49.679,180.0 45.7,162.917 50.083,159.0 54.0,169.0
PAZA-A|73.0,-141.0 73.0,-168.973 90.0,-168.973 90.0,-141.0 73.0,-141.0
PAZA-D|73.0,-168.973 73.0,-141.0 62.0,-141.0 60.35,-139.183 59.567,-135.033 57.0,-132.083 54.492,-131.8 54.583,-132.833 54.108,-134.0 54.108,-135.45 54.0,-136.0 53.367,-137.0 56.762,-151.75 56.0,-153.0 53.5,-160.0 52.6,-163.679 53.465,-167.337 54.217,-167.744 55.0,-167.0 56.967,-165.0 58.739,-167.713 60.587,-168.364 62.67,-170.752 62.583,-175.0 65.0,-168.973 73.0,-168.973
PAZA-P|52.6,-163.679 53.5,-160.0 56.0,-153.0 56.762,-151.75 58.247,-166.925 58.739,-167.713 60.587,-168.364 62.67,-170.752 62.583,-175.0 61.367,-177.752 60.0,-180.0 49.679,-180.0 50.133,-176.567 51.4,-167.817 52.6,-163.679|54.0,169.0 54.817,170.2 60.0,180.0 49.679,180.0 45.7,162.917 50.083,159.0 54.0,169.0
PGZU|13.545,149.128 14.268,149.062 14.623,148.981 15.306,148.726 15.935,148.352 16.491,147.872 16.958,147.3 17.153,146.985 17.46,146.308 17.648,145.586 17.711,144.842 17.648,144.097 17.46,143.376 17.321,143.03 16.958,142.383 16.491,141.811 15.935,141.331 15.306,140.957 14.97,140.814 14.268,140.621 13.545,140.556 12.821,140.621 12.12,140.803 11.461,141.13 11.155,141.331 10.598,141.811 10.132,142.383 9.768,143.03 9.629,143.376 9.441,144.097 9.378,144.842 9.441,145.586 9.629,146.31 9.936,146.985 10.353,147.597 10.598,147.872 11.155,148.352 11.784,148.726 12.466,148.981 12.821,149.062 13.545,149.128
PHZH|20.0,-150.0 18.75,-152.333 19.167,-153.85 17.0,-156.0 17.0,-160.0 20.0,-164.0 24.0,-164.0 26.2,-161.333 26.032,-155.589 24.543,-153.848 22.502,-151.565 20.0,-150.0
RCAA|21.0,117.5 23.0,117.5 25.0,120.0 27.133,122.09 29.0,124.0 23.3,124.0 21.0,121.3 21.0,117.5
RJBG|36.747,133.253 35.705,132.72 35.419,132.778 35.115,129.772 34.667,129.167 33.367,128.167 33.133,128.986 33.104,128.835 32.796,128.574 32.671,128.535 32.546,128.574 32.455,128.683 32.42,128.998 30.004,128.998 27.731,125.759 26.488,127.789 26.459,129.724 27.871,130.514 29.461,131.656 29.531,131.648 30.004,131.35 30.004,131.498 30.664,132.146 32.004,133.998 32.847,134.998 33.584,134.997 34.307,134.901 34.507,135.102 34.654,136.09 34.981,136.846 35.167,137.71 35.686,137.798 36.154,138.311 36.874,138.507 37.064,138.633 37.188,138.076 37.81,137.532 38.417,137.154 36.683,134.832 36.747,133.253
RJBG-E|38.417,137.154 36.683,134.832 36.747,133.253 35.705,132.72 35.279,132.806 34.332,133.482 34.2,133.509 34.244,133.863 34.507,135.102 34.654,136.09 34.981,136.846 35.167,137.71 35.686,137.798 36.154,138.311 36.874,138.507 37.064,138.633 37.188,138.076 37.81,137.532 38.417,137.154
RJBG-N|36.747,133.253 35.705,132.72 35.419,132.778 35.115,129.772 34.667,129.167 33.367,128.167 33.133,128.986 33.104,128.835 32.796,128.574 32.671,128.535 32.546,128.574 32.455,128.683 32.42,128.998 30.004,128.998 30.004,131.498 30.664,132.146 32.004,133.998 32.847,134.998 33.584,134.997 34.307,134.901 34.507,135.102 34.654,136.09 34.981,136.846 35.167,137.71 35.686,137.798 36.154,138.311 36.874,138.507 37.064,138.633 37.188,138.076 37.81,137.532 38.417,137.154 36.683,134.832 36.747,133.253
RJBG-N43|38.417,137.154 37.573,136.015 36.234,136.052 35.52,136.499 35.686,137.798 36.154,138.311 36.874,138.507 37.064,138.633 37.188,138.076 37.81,137.532 38.417,137.154
RJBG-N44|35.686,137.798 35.52,136.499 35.327,136.426 35.005,136.07 34.795,135.002 34.507,135.102 34.654,136.09 34.981,136.846 35.167,137.71 35.686,137.798
RJBG-N47|35.649,136.419 35.608,136.148 35.555,135.099 34.99,134.275 34.705,134.536 35.005,136.07 35.327,136.426 35.52,136.499 35.649,136.419
RJBG-N48|37.573,136.015 36.683,134.832 36.747,133.253 35.705,132.72 35.279,132.806 34.652,133.256 34.803,133.346 34.99,134.275 35.555,135.099 35.608,136.148 35.649,136.419 36.234,136.052 37.573,136.015
RJBG-N49|34.99,134.275 34.766,133.175 34.332,133.482 34.2,133.509 34.244,133.863 34.507,135.102 34.795,135.002 34.705,134.536 34.99,134.275
RJBG-N50|34.507,135.102 34.244,133.863 34.129,133.893 33.831,133.743 32.997,132.297 32.751,132.492 32.955,133.494 32.004,133.998 32.847,134.998 33.584,134.997 34.307,134.901 34.507,135.102
RJBG-N51|35.419,132.778 35.115,129.772 35.008,129.628 33.894,130.729 34.074,131.161 33.643,131.29 33.854,132.233 34.178,133.339 34.2,133.509 34.332,133.482 35.279,132.806 35.419,132.778
RJBG-N52|34.244,133.863 34.178,133.339 33.854,132.233 33.489,130.622 33.084,130.876 33.097,131.113 32.961,131.124 32.814,131.403 32.522,131.459 32.557,131.649 32.997,132.297 33.831,133.743 34.129,133.893 34.244,133.863
RJBG-N53|35.008,129.628 34.667,129.167 33.367,128.167 33.133,128.986 33.104,128.835 32.796,128.574 32.671,128.535 32.546,128.574 32.455,128.683 32.42,128.998 31.516,128.998 31.516,129.983 32.451,131.472 32.814,131.403 32.961,131.124 33.097,131.113 33.084,130.876 33.489,130.622 33.643,131.29 34.074,131.161 33.894,130.729 35.008,129.628
RJBG-N54|32.997,132.297 32.557,131.649 32.522,131.459 32.451,131.472 31.516,129.983 31.516,128.998 30.004,128.998 30.004,131.498 30.664,132.146 32.004,133.998 32.955,133.494 32.908,133.311 33.231,133.279 32.997,132.297
RJBG-N55|30.35,129.517 29.62,128.434 27.731,125.759 26.488,127.789 26.459,129.724 27.871,130.514 29.461,131.656 29.531,131.648 30.004,131.35 30.35,131.05 30.35,129.517
RJBG-S|26.474,128.713 26.459,129.724 27.871,130.514 29.461,131.656 29.531,131.648 30.004,131.35 30.004,128.998 27.731,125.759 26.488,127.789 26.474,128.713
RJBG-W|34.667,129.167 33.367,128.167 33.133,128.986 33.104,128.835 32.796,128.574 32.671,128.535 32.546,128.574 32.455,128.683 32.42,128.998 30.004,128.998 30.004,131.498 30.664,132.146 32.004,133.998 32.847,134.998 33.584,134.997 34.307,134.901 34.507,135.102 34.244,133.863 34.2,133.509 34.332,133.482 35.279,132.806 35.419,132.778 35.115,129.772 34.667,129.167
RJDG|45.752,141.996 45.752,139.996 43.283,138.0 40.502,135.93 38.636,133.647 38.003,132.997 37.503,132.997 34.667,129.167 32.5,127.5 32.5,126.833 30.0,125.417 30.0,124.0 23.3,124.0 21.0,121.3 21.0,126.853 23.246,128.713 24.585,129.738 24.86,130.368 25.093,130.579 25.874,131.157 26.756,131.951 27.389,132.075 28.831,133.43 29.528,132.294 31.383,134.997 31.162,135.736 30.504,136.014 30.504,140.33 31.504,141.097 32.618,141.097 32.618,141.872 33.616,141.753 33.279,142.467 33.287,144.282 35.847,145.668 38.454,145.664 39.289,143.247 39.946,143.883 40.536,143.896 40.553,143.929 41.003,144.013 43.078,146.594 43.333,145.867 43.433,145.8 43.4,145.583 43.5,145.367 43.617,145.45 43.683,145.333 43.783,145.25 44.05,145.317 44.45,145.733 44.5,145.667 45.752,141.996
RJDG-C|35.115,129.772 34.667,129.167 32.5,127.5 32.5,126.833 30.0,125.417 30.004,126.7 31.014,127.545 31.014,128.998 30.004,128.998 30.004,131.498 30.664,132.146 30.8,132.324 30.101,133.11 31.383,134.997 31.162,135.736 30.504,136.014 30.504,140.33 31.504,141.097 32.618,141.097 32.618,141.872 33.616,141.753 33.279,142.467 33.287,144.282 35.847,145.668 38.454,145.664 39.289,143.247 39.946,143.883 40.536,143.896 40.003,142.58 39.003,140.413 39.003,139.997 39.29,139.294 39.886,138.462 42.144,137.152 40.502,135.93 38.636,133.647 38.003,132.997 37.503,132.997 35.115,129.772
RJDG-E|42.144,137.152 40.502,135.93 38.636,133.647 38.003,132.997 37.503,132.997 35.115,129.772 35.378,132.324 35.215,132.989 34.572,133.691 34.284,133.958 34.595,135.689 34.147,135.689 33.832,134.965 33.508,134.5 32.847,134.998 33.004,135.61 33.046,136.017 32.88,137.041 33.032,137.416 31.939,137.449 31.965,138.396 30.522,138.327 30.504,140.33 31.504,141.097 32.618,141.097 32.618,141.872 33.616,141.753 33.279,142.467 33.287,144.282 35.847,145.668 38.454,145.664 39.289,143.247 39.946,143.883 40.536,143.896 40.003,142.58 39.003,140.413 39.003,139.997 39.29,139.294 39.886,138.462 42.144,137.152
RJDG-F01|45.752,141.996 45.752,139.996 43.283,138 42.144,137.152 39.886,138.462 39.29,139.294 39.003,139.997 39.003,140.413 40.003,142.58 40.553,143.929 41.003,144.013 43.078,146.594 43.333,145.867 43.433,145.8 43.4,145.583 43.5,145.367 43.617,145.45 43.683,145.333 43.783,145.25 44.05,145.317 44.45,145.733 44.5,145.667 45.752,141.996
RJDG-F02|40.536,143.896 40.003,142.58 39.003,140.413 39.003,140.137 38.877,140.167 38.529,139.763 37.682,139.76 37.064,138.633 36.874,138.507 36.319,138.356 36.101,140.349 36.083,141.346 36.752,141.337 37.555,141.792 37.955,141.817 39.289,143.247 39.946,143.883 40.536,143.896
RJDG-F03|39.289,143.247 37.955,141.817 37.555,141.792 36.752,141.337 36.083,141.346 36.106,140.312 35.69,140.266 34.935,140.261 34.308,141.67 33.616,141.753 33.279,142.467 33.287,144.282 35.847,145.668 38.454,145.664 39.289,143.247
RJDG-F04|42.144,137.152 40.502,135.93 38.636,133.647 39.136,136.697 37.81,137.532 37.188,138.076 37.064,138.633 37.682,139.76 38.529,139.763 38.877,140.167 39.003,140.137 39.003,139.997 39.29,139.294 39.886,138.462 42.144,137.152
RJDG-F05|36.437,138.031 35.635,137.337 34.981,136.846 34.654,136.09 34.595,135.689 34.147,135.689 34.269,136.161 33.931,137.439 34.103,138.4 34.454,139.309 34.453,139.436 34.935,140.261 35.69,140.266 36.106,140.312 36.319,138.356 36.437,138.031
RJDG-F06|34.935,140.261 34.453,139.436 34.454,139.309 34.103,138.4 34.036,138.021 33.34,137.926 33.032,137.416 31.939,137.449 31.965,138.396 30.522,138.327 30.504,140.33 31.504,141.097 32.618,141.097 32.618,141.872 34.308,141.67 34.935,140.261
RJDG-F07|39.136,136.697 38.636,133.647 38.003,132.997 37.503,132.997 37.581,134.119 35.828,134.349 35.749,134.935 35.555,135.099 35.498,135.02 34.762,135.35 34.545,135.348 34.654,136.09 34.981,136.846 35.635,137.337 36.437,138.031 36.319,138.356 36.874,138.507 37.064,138.633 37.188,138.076 37.81,137.532 39.136,136.697
RJDG-F08|37.581,134.119 37.503,132.997 35.115,129.772 35.378,132.324 35.215,132.989 34.572,133.691 34.284,133.958 34.545,135.348 34.762,135.35 35.498,135.02 35.555,135.099 35.749,134.935 35.828,134.349 37.581,134.119
RJDG-F11|33.046,136.017 33.004,135.61 32.847,134.998 32.004,133.998 30.8,132.324 30.101,133.11 31.383,134.997 31.162,135.736 30.504,136.014 30.522,138.327 31.965,138.396 31.939,137.449 33.032,137.416 32.88,137.041 33.046,136.017
RJDG-F12|35.378,132.324 35.115,129.772 35.008,129.628 33.894,130.729 33.36,131.148 32.523,130.758 32.87,131.874 33.203,132.343 33.374,132.653 33.511,132.988 33.585,133.311 33.831,133.743 34.284,133.958 34.376,133.881 35.215,132.989 35.378,132.324
RJDG-F13|33.367,128.167 32.5,127.5 32.5,126.833 30,125.417 30.004,126.7 31.014,127.545 31.014,128.998 32.096,128.998 32.419,129.376 32.523,130.758 33.36,131.148 33.894,130.729 35.008,129.628 34.667,129.167 33.367,128.167
RJDG-F14|32.87,131.874 32.523,130.758 32.419,129.376 32.096,128.998 30.004,128.998 30.004,131.498 30.664,132.146 31.47,133.247 32.082,132.787 32.166,132.493 32.579,131.809 32.87,131.874
RJDG-F15|30,124 26.419,124 27.731,125.759 30.004,128.998 31.014,128.998 31.014,127.545 30.004,126.7 30,124
RJDG-F16|30.004,128.998 27.731,125.759 26.488,127.789 26.404,131.643 26.756,131.951 27.389,132.075 28.831,133.43 29.528,132.294 30.101,133.11 30.8,132.324 30.664,132.146 30.004,131.498 30.004,128.998
RJDG-F17|27.731,125.759 26.419,124 23.3,124 21,121.3 21.0,126.853 23.246,128.713 24.585,129.738 24.86,130.368 25.093,130.579 25.874,131.157 26.404,131.643 26.488,127.789 27.731,125.759
RJDG-F19|34.269,136.161 34.147,135.689 33.832,134.965 33.508,134.5 32.847,134.998 33.004,135.61 33.046,136.017 32.88,137.041 33.032,137.416 33.34,137.926 34.036,138.021 33.931,137.439 34.269,136.161
RJDG-F20|34.595,135.689 34.284,133.958 33.831,133.743 33.585,133.311 33.511,132.988 33.374,132.653 33.203,132.343 32.87,131.874 32.579,131.809 32.166,132.493 32.082,132.787 31.47,133.247 32.004,133.998 32.847,134.998 33.508,134.5 33.832,134.965 34.147,135.689 34.595,135.689
RJDG-N|45.752,141.996 45.752,139.996 43.283,138.0 42.144,137.152 39.886,138.462 39.29,139.294 39.003,139.997 39.003,140.413 40.003,142.58 40.553,143.929 41.003,144.013 43.078,146.594 43.333,145.867 43.433,145.8 43.4,145.583 43.5,145.367 43.617,145.45 43.683,145.333 43.783,145.25 44.05,145.317 44.45,145.733 44.5,145.667 45.752,141.996
RJDG-S|30,124 23.3,124 21,121.3 21.0,126.853 23.246,128.713 24.585,129.738 24.86,130.368 25.093,130.579 25.874,131.157 26.756,131.951 27.389,132.075 28.831,133.43 29.528,132.294 30.101,133.11 30.8,132.324 30.664,132.146 30.004,131.498 30.004,128.998 31.014,128.998 31.014,127.545 30.004,126.7 30,124
RJDG-W|35.115,129.772 34.667,129.167 32.5,127.5 32.5,126.833 30.0,125.417 30.004,126.7 31.014,127.545 31.014,128.998 30.004,128.998 30.004,131.498 30.664,132.146 30.8,132.324 30.101,133.11 31.383,134.997 31.162,135.736 30.504,136.014 30.522,138.327 31.965,138.396 31.939,137.449 33.032,137.416 32.88,137.041 33.046,136.017 33.004,135.61 32.847,134.998 33.508,134.5 33.832,134.965 34.147,135.689 34.595,135.689 34.284,133.958 34.572,133.691 35.215,132.989 35.378,132.324 35.115,129.772
RJJJ|43.078,146.594 43.0,146.833 45.0,150.0 50.097,158.989 45.7,162.917 43.0,165.0 29.0,165.0 21.0,151.0 21.0,126.853 23.246,128.713 24.585,129.738 24.86,130.368 25.093,130.579 25.874,131.157 26.756,131.951 27.389,132.075 28.831,133.43 29.528,132.294 31.383,134.997 31.162,135.736 30.504,136.014 30.504,140.33 31.504,141.097 32.618,141.097 32.618,141.872 33.616,141.753 33.279,142.467 33.287,144.282 35.847,145.668 38.454,145.664 39.289,143.247 39.946,143.883 40.536,143.896 40.553,143.929 41.003,144.013 43.078,146.594
RJTG|45.586,140.132 44.298,139.063 39.886,138.462 39.504,138.19 39.503,137.247 39.136,136.697 37.81,137.532 37.188,138.076 37.064,138.633 36.874,138.507 36.154,138.311 35.558,137.649 35.414,137.711 35.449,137.758 35.167,137.71 34.981,136.846 34.654,136.09 34.507,135.102 34.307,134.901 33.584,134.997 32.847,134.998 33.004,135.61 33.046,136.017 32.88,137.041 33.032,137.416 31.939,137.449 32.001,141.097 32.618,141.097 32.618,141.872 34.308,141.67 34.066,142.308 34.055,142.923 35.444,143.288 37.003,143.996 37.493,143.725 36.946,141.451 37.555,141.792 37.955,141.817 39.003,142.933 39.003,141.83 39.803,142.18 40.003,142.58 40.553,143.929 41.003,144.013 43.017,146.515 43.267,145.759 43.468,145.34 44.098,145.129 45.586,141.943 45.586,140.132
RJTG-E|39.886,138.462 39.504,138.19 39.503,137.247 39.136,136.697 37.81,137.532 37.188,138.076 37.064,138.633 36.874,138.507 36.319,138.356 36.216,139.235 36.04,139.312 35.856,140.284 35.579,140.817 35.293,141.109 34.308,141.67 34.066,142.308 34.055,142.923 35.444,143.288 37.003,143.996 37.493,143.725 36.946,141.451 37.555,141.792 37.955,141.817 39.003,142.933 39.003,139.997 39.29,139.294 39.886,138.462
RJTG-N|45.586,140.132 44.298,139.063 39.886,138.462 39.29,139.294 39.003,139.997 39.003,141.83 39.803,142.18 40.003,142.58 40.553,143.929 41.003,144.013 43.017,146.515 43.267,145.759 43.468,145.34 44.098,145.129 45.586,141.943 45.586,140.132
RJTG-S|39.886,138.462 39.504,138.19 39.503,137.247 39.136,136.697 37.81,137.532 37.188,138.076 37.064,138.633 36.874,138.507 36.154,138.311 35.558,137.649 35.414,137.711 35.449,137.758 35.167,137.71 34.981,136.846 34.654,136.09 34.507,135.102 34.307,134.901 33.584,134.997 32.847,134.998 33.004,135.61 33.046,136.017 32.88,137.041 33.032,137.416 31.939,137.449 32.001,141.097 32.618,141.097 32.618,141.872 34.308,141.67 34.066,142.308 34.055,142.923 35.444,143.288 37.003,143.996 37.493,143.725 36.946,141.451 37.555,141.792 37.955,141.817 39.003,142.933 39.003,139.997 39.29,139.294 39.886,138.462
RJTG-T25|35.167,137.71 34.981,136.846 34.654,136.09 34.595,135.689 34.147,135.689 34.269,136.161 33.931,137.439 33.959,137.589 34.842,137.841 35,137.682 35.167,137.71
RJTG-T30|45.586,140.132 44.298,139.063 42.716,138.844 42.216,139.996 42.461,140.966 42.324,141.674 42.216,141.641 41.954,141.656 41.647,141.334 41.417,141.269 41.417,142.122 41.003,143.279 41.003,144.013 43.017,146.515 43.267,145.759 43.468,145.34 44.098,145.129 45.586,141.943 45.586,140.132
RJTG-T31|42.716,138.844 40.37,138.525 40.37,140.738 40.479,141.194 41.068,141.172 41.647,141.334 41.954,141.656 42.216,141.641 42.324,141.674 42.461,140.966 42.216,139.996 42.716,138.844
RJTG-T32|41.417,141.269 41,141.175 41.003,140.412 41.136,140.114 41.264,139.952 41.267,138.644 39.886,138.462 39.29,139.294 39.003,139.997 39.003,141.83 39.803,142.18 40.003,142.58 40.553,143.929 41.003,144.013 41.003,143.279 41.417,142.122 41.417,141.269
RJTG-T33|39.886,138.462 39.504,138.19 39.503,137.247 39.136,136.697 37.81,137.532 37.188,138.076 37.064,138.633 37.682,139.76 37.838,140.463 39.003,140.913 39.003,139.997 39.29,139.294 39.886,138.462
RJTG-T34|39.003,142.933 39.003,140.913 37.838,140.463 37.557,140.463 36.283,140.169 36.106,140.312 36.083,141.346 36.752,141.337 37.555,141.792 37.955,141.817 39.003,142.933
RJTG-T35|37.838,140.463 37.682,139.76 37.064,138.633 36.874,138.507 36.319,138.356 36.216,139.235 36.04,139.312 35.856,140.284 36.106,140.312 36.283,140.169 37.557,140.463 37.838,140.463
RJTG-T36|37.493,143.725 36.946,141.451 36.752,141.337 36.083,141.346 36.106,140.312 35.856,140.284 35.579,140.817 35.293,141.109 34.308,141.67 34.066,142.308 34.055,142.923 35.444,143.288 37.003,143.996 37.493,143.725
RJTG-T38|36.319,138.356 36.154,138.311 35.558,137.649 35.414,137.711 35.449,137.758 35.242,137.723 35.35,137.947 35.428,139.459 35.69,140.266 35.705,140.577 35.856,140.284 36.04,139.312 36.216,139.235 36.319,138.356
RJTG-T39|35.705,140.577 35.69,140.266 35.428,139.459 35.335,137.739 35,137.682 34.842,137.841 34.865,138.763 35.157,140.546 35.579,140.817 35.705,140.577
RJTG-T40|35.005,139.638 34.865,138.763 34.842,137.841 33.959,137.589 34.103,138.4 34.454,139.309 34.453,139.436 35.005,139.638
RJTG-T41|34.454,139.309 34.103,138.4 33.931,137.439 34.08,136.885 33.748,136.577 33.002,136.299 32.88,137.041 33.032,137.416 33.34,137.926 34.078,139.376 34.453,139.436 34.454,139.309
RJTG-T42|35.579,140.817 35.157,140.546 35.005,139.638 34.453,139.436 34.078,139.376 33.34,137.926 33.032,137.416 31.939,137.449 32.001,141.097 32.618,141.097 32.618,141.872 34.308,141.67 35.293,141.109 35.579,140.817
RJTG-T45|35.167,137.71 34.981,136.846 34.654,136.09 34.507,135.102 34.307,134.901 33.951,134.949 34.269,136.161 33.931,137.439 33.959,137.589 34.842,137.841 35,137.682 35.167,137.71
RJTG-T46|34.269,136.161 33.951,134.949 33.584,134.997 32.847,134.998 33.004,135.61 33.046,136.017 33.002,136.299 33.748,136.577 34.08,136.885 34.269,136.161
RJTG-W|36.319,138.356 36.154,138.311 35.558,137.649 35.414,137.711 35.449,137.758 35.167,137.71 34.981,136.846 34.654,136.09 34.507,135.102 34.307,134.901 33.584,134.997 32.847,134.998 33.004,135.61 33.046,136.017 32.88,137.041 33.032,137.416 31.939,137.449 32.001,141.097 32.618,141.097 32.618,141.872 34.308,141.67 35.293,141.109 35.579,140.817 35.856,140.284 36.04,139.312 36.216,139.235 36.319,138.356
RKDA|38.0,124.0 38.0,124.85 37.953,124.903 37.875,124.892 37.758,124.956 37.617,125.153 37.617,125.326 37.686,125.524 37.719,125.754 37.664,126.018 37.726,126.18 37.815,126.21 37.847,126.356 37.847,126.439 37.772,126.592 37.808,126.683 37.953,126.683 37.967,126.786 38.042,126.869 38.1,126.878 38.144,126.961 38.217,126.969 38.319,127.142 38.342,127.233 38.303,127.508 38.333,127.569 38.347,127.786 38.319,127.822 38.339,128.136 38.411,128.256 38.472,128.3 38.597,128.314 38.633,128.367 38.636,133.647 38.003,132.997 37.503,132.997 34.667,129.167 33.754,128.459 33.626,127.331 35.153,127.314 35.22,127.648 35.503,127.831 35.753,127.614 36.203,127.614 36.739,127.191 36.971,127.561 37.119,127.231 36.947,125.806 36.909,125.6 36.333,125.6 36.333,124.0 38.0,124.0
RKDA-C|36.971,127.561 35.904,129.081 35.412,129.16 35.412,130.17 34.667,129.167 33.754,128.459 33.626,127.331 35.153,127.314 35.22,127.648 35.503,127.831 35.753,127.614 36.203,127.614 36.739,127.191 36.971,127.561
RKDA-E|38.339,127.664 38.317,128.047 38.339,128.136 38.411,128.256 38.472,128.3 38.597,128.314 38.633,128.367 38.636,133.647 38.003,132.997 37.503,132.997 35.412,130.17 35.412,129.16 35.904,129.081 36.971,127.561 37.036,127.664 38.339,127.664
RKDA-W|38.0,124.0 38.0,124.85 37.953,124.903 37.875,124.892 37.758,124.956 37.617,125.153 37.617,125.326 37.686,125.524 37.719,125.754 37.664,126.018 37.726,126.18 37.815,126.21 37.847,126.356 37.847,126.439 37.772,126.592 37.808,126.683 37.953,126.683 37.967,126.786 38.042,126.869 38.1,126.878 38.144,126.961 38.217,126.969 38.319,127.142 38.342,127.233 38.303,127.508 38.339,127.664 37.036,127.664 36.971,127.561 37.119,127.231 36.909,125.6 36.333,125.6 36.333,124.0 38.0,124.0
RKRR|38.0,124.0 38.0,124.85 37.953,124.903 37.875,124.892 37.758,124.956 37.617,125.153 37.617,125.326 37.686,125.524 37.719,125.754 37.664,126.018 37.726,126.18 37.815,126.21 37.847,126.356 37.847,126.439 37.772,126.592 37.808,126.683 37.953,126.683 37.967,126.786 38.042,126.869 38.1,126.878 38.144,126.961 38.217,126.969 38.319,127.142 38.342,127.233 38.303,127.508 38.333,127.569 38.347,127.786 38.319,127.822 38.339,128.136 38.411,128.256 38.472,128.3 38.597,128.314 38.633,128.367 38.636,133.647 38.003,132.997 37.503,132.997 34.667,129.167 32.5,127.5 32.5,126.833 30.0,125.417 30.0,124.0 38.0,124.0
RKRR-N|36.333,124.0 36.333,125.6 36.909,125.6 36.947,125.806 37.119,127.231 36.971,127.561 36.739,127.191 36.203,127.614 35.753,127.614 35.503,127.831 35.22,127.648 35.153,127.314 34.083,127.331 33.842,126.567 33.842,124.0 36.333,124.0
RKRR-S|33.842,124.0 33.842,126.567 34.083,127.331 33.626,127.331 33.754,128.459 32.5,127.5 32.5,126.833 30.0,125.417 30.0,124.0 33.842,124.0
RPHI|16.667,114.0 21.0,117.5 21.0,130.0 7.0,130.0 4.0,132.533 4.0,120.0 7.0,117.9 7.5,117.5 8.417,116.5 10.5,114.0 16.667,114.0
RPHI-2|14.508,121.022 13.865,124.692 13.0,130.0 7.0,130.0 4.0,132.533 4.0,120.0 7.0,117.9 10.512,120.281 11.18,120.543 14.508,121.022
RPHI-C|18.0,120.0 17.411,122.6 16.744,125.353 12.372,124.372 12.35,120.7 11.18,120.543 10.512,120.281 10.679,119.204 11.708,117.256 15.0,116.462 16.336,117.994 18.0,120.0
RPHI-CE|17.411,122.6 16.744,125.353 13.865,124.692 14.508,121.022 17.411,122.6
RPHI-CN|18.0,120.0 17.411,122.6 14.508,121.022 14.637,120.397 14.849,119.746 16.336,117.994 18.0,120.0
RPHI-CS|14.508,121.022 13.865,124.692 12.372,124.372 12.35,120.7 14.508,121.022
RPHI-CW|14.508,121.022 11.18,120.543 10.512,120.281 10.679,119.204 11.708,117.256 15.0,116.462 16.336,117.994 14.849,119.746 14.637,120.397 14.508,121.022
RPHI-N|21.0,117.5 21.0,130.0 13.0,130.0 13.865,124.692 14.637,120.397 14.849,119.746 16.336,117.994 15.0,116.462 12.5,114.0 16.667,114.0 21.0,117.5
RPHI-N1|14.508,121.022 14.637,120.397 14.849,119.746 16.336,117.994 18.0,120.0 17.411,122.6 16.744,125.353 13.865,124.692 14.508,121.022
RPHI-NE|13.865,124.692 16.744,125.353 17.411,122.6 21.0,124.0 21.0,130.0 13.0,130.0 13.865,124.692
RPHI-NW|12.5,114.0 16.667,114.0 21.0,117.5 21.0,124.0 17.411,122.6 18.0,120.0 16.336,117.994 15.0,116.462 12.5,114.0
RPHI-S|13.865,124.692 14.508,121.022 14.637,120.397 14.849,119.746 16.336,117.994 15.0,116.462 12.5,114.0 10.5,114.0 8.417,116.5 7.5,117.5 7.0,117.9 4.0,120.0 4.0,132.533 7.0,130.0 13.0,130.0 13.865,124.692
RPHI-S1|14.508,121.022 13.865,124.692 12.372,124.372 12.35,120.7 11.18,120.543 10.512,120.281 10.679,119.204 11.708,117.256 15.0,116.462 16.336,117.994 14.849,119.746 14.637,120.397 14.508,121.022
RPHI-SE|12.368,122.41 12.372,124.372 13.865,124.692 13.0,130.0 7.0,130.0 4.0,132.533 4.0,124.646 5.505,124.492 7.963,124.072 9.029,124.0 9.16,123.962 10.314,123.988 12.368,122.41
RPHI-SW|12.35,120.7 12.368,122.41 10.314,123.988 9.16,123.962 9.036,124.0 7.972,124.072 5.505,124.492 4.0,124.646 4.0,120.0 7.0,117.9 10.512,120.281 11.18,120.543 12.35,120.7
RPHI-W|15.0,116.462 11.708,117.256 10.679,119.204 10.512,120.281 7.0,117.9 7.5,117.5 8.417,116.5 10.5,114.0 12.5,114.0 15.0,116.462
SACF|-22.25,-62.667 -23.25,-62.0 -26.817,-61.817 -30.133,-60.6 -30.217,-60.2 -32.9,-62.317 -34.033,-63.283 -33.8,-64.5 -33.117,-65.883 -30.883,-67.25 -28.5,-69.65 -28.392,-69.65 -27.875,-69.183 -27.017,-68.817 -26.967,-68.367 -26.383,-68.65 -26.158,-68.4 -25.267,-68.683 -25.067,-68.417 -24.7,-68.667 -24.367,-68.267 -24.017,-67.35 -23.0,-67.017 -22.75,-67.217 -22.2,-66.733 -22.092,-66.367 -21.717,-66.217 -22.042,-65.733 -22.067,-64.933 -22.208,-64.558 -22.792,-64.333 -21.975,-63.925 -21.983,-62.808 -22.25,-62.667
SACO|-30.379,-64.203 -30.45,-64.567 -30.517,-64.735 -30.72,-65.02 -30.85,-65.128 -31.149,-65.258 -31.467,-65.261 -31.622,-65.215 -31.899,-65.03 -32.173,-63.833 -32.012,-63.508 -31.767,-63.269 -31.467,-63.145 -31.149,-63.148 -30.85,-63.278 -30.608,-63.518 -30.45,-63.839 -30.379,-64.203
SAEF|-30.217,-60.2 -30.7,-57.762 -31.383,-57.983 -33.033,-58.4 -33.833,-58.517 -34.0,-58.4 -34.583,-57.833 -34.883,-57.1 -36.0,-54.833 -36.758,-53.196 -40.0,-45.0 -39.0,-44.5 -39.0,-10.0 -46.0,-10.0 -46.0,-45.0 -39.283,-63.117 -41.309,-70.449 -41.437,-71.855 -40.908,-71.845 -39.65,-71.717 -38.933,-71.433 -38.5,-70.9 -35.9,-64.833 -33.8,-64.5 -34.033,-63.283 -32.9,-62.317 -30.217,-60.2
SAEF-N|-33.8,-64.5 -34.033,-63.283 -32.9,-62.317 -30.217,-60.2 -30.7,-57.762 -31.383,-57.983 -33.033,-58.4 -33.833,-58.517 -34.049,-59.147 -34.237,-59.395 -34.472,-59.575 -34.72,-59.645 -34.844,-59.632 -34.178,-64.56 -33.8,-64.5
SAEF-S|-34.178,-64.56 -34.844,-59.632 -34.72,-59.645 -34.472,-59.575 -34.237,-59.395 -34.049,-59.147 -33.833,-58.517 -34.0,-58.4 -34.583,-57.833 -34.883,-57.1 -36.0,-54.833 -36.758,-53.196 -40.0,-45.0 -39.0,-44.5 -39.0,-10.0 -46.0,-10.0 -46.0,-45.0 -39.283,-63.117 -41.309,-70.449 -41.437,-71.855 -40.908,-71.845 -39.65,-71.717 -38.933,-71.433 -38.5,-70.9 -35.9,-64.833 -34.178,-64.56
SAME|-32.783,-69.876 -32.514,-69.813 -32.239,-69.624 -32.035,-69.334 -31.968,-69.162 -31.914,-68.847 -32.126,-68.09 -32.369,-67.847 -32.668,-67.718 -32.827,-67.702 -33.142,-67.767 -33.42,-67.956 -33.627,-68.246 -33.737,-68.601 -33.733,-68.734 -33.999,-68.767 -32.799,-70.101 -32.783,-69.876
SAMF|-28.5,-69.65 -30.883,-67.25 -33.117,-65.883 -33.8,-64.5 -35.9,-64.833 -38.5,-70.9 -37.683,-71.208 -36.892,-71.208 -36.442,-71.033 -36.017,-70.45 -35.233,-70.758 -34.067,-69.908 -33.525,-69.917 -33.25,-70.067 -31.967,-70.4 -31.517,-70.583 -31.167,-70.525 -30.15,-70.0 -29.333,-70.008 -28.5,-69.65
SARE|-26.559,-58.78 -26.052,-58.44 -25.99,-58.354 -25.974,-58.135 -26.028,-58.032 -26.106,-57.972 -26.191,-57.948 -26.301,-57.966 -26.434,-58.1 -26.464,-58.224 -26.639,-58.186 -26.647,-58.245 -26.75,-58.249 -26.81,-58.351 -26.867,-58.313 -26.928,-58.478 -27.057,-58.503 -27.042,-58.55 -27.272,-58.428 -27.251,-58.044 -27.438,-58.025 -27.753,-58.088 -28.031,-58.267 -28.145,-58.394 -28.306,-58.704 -28.362,-59.057 -28.306,-59.409 -28.145,-59.72 -27.899,-59.95 -27.753,-60.026 -27.438,-60.088 -27.124,-60.026 -26.848,-59.847 -26.644,-59.572 -26.535,-59.236 -26.522,-59.057 -26.559,-58.78
SARR|-22.25,-62.667 -22.5,-62.333 -23.0,-62.0 -23.567,-61.15 -23.833,-60.917 -23.958,-60.575 -24.008,-59.983 -24.733,-58.85 -24.982,-58.394 -24.933,-58.233 -25.032,-58.121 -25.2,-57.717 -25.433,-57.567 -25.761,-57.823 -25.967,-57.883 -26.018,-57.867 -26.184,-58.15 -26.453,-58.173 -26.464,-58.224 -26.639,-58.186 -26.647,-58.245 -26.75,-58.249 -26.81,-58.351 -26.867,-58.313 -26.928,-58.478 -27.057,-58.503 -27.042,-58.55 -27.272,-58.428 -27.251,-58.044 -27.417,-57.317 -27.433,-56.6 -27.6,-56.384 -27.283,-56.067 -27.434,-55.75 -27.184,-55.6 -26.6,-54.784 -26.284,-54.65 -25.667,-54.65 -25.584,-54.584 -25.75,-54.0 -26.167,-53.667 -27.033,-53.8 -27.533,-54.817 -28.25,-55.817 -28.35,-55.75 -28.367,-55.867 -30.25,-57.617 -30.7,-57.762 -30.133,-60.6 -26.817,-61.817 -23.25,-62.0 -22.25,-62.667
SAVC|-46.69,-67.372 -46.633,-67.82 -46.472,-68.213 -46.226,-68.506 -45.925,-68.661 -45.607,-68.661 -45.31,-68.506 -45.068,-68.213 -44.911,-67.82 -44.857,-67.372 -44.911,-66.924 -44.978,-66.717 -45.18,-66.369 -45.453,-66.141 -45.607,-66.082 -45.766,-66.062 -46.08,-66.141 -46.358,-66.369 -46.565,-66.717 -46.675,-67.144 -46.69,-67.372
SAVF|-39.283,-63.117 -46.0,-45.0 -46.0,-10.0 -90.0,-10.0 -90.0,-53.0 -58.352,-53.0 -58.352,-67.267 -56.38,-67.267 -56.38,-65.727 -55.382,-65.727 -55.183,-66.078 -55.133,-66.667 -55.0,-66.833 -54.933,-67.117 -54.883,-67.967 -54.9,-68.6 -52.667,-68.6 -52.292,-68.55 -52.0,-70.0 -52.0,-71.933 -51.567,-72.45 -50.683,-72.383 -50.8,-73.167 -50.15,-73.542 -49.55,-73.567 -49.3,-73.467 -48.783,-72.6 -48.45,-72.608 -48.317,-72.367 -48.117,-72.367 -47.925,-72.55 -47.417,-72.333 -47.183,-72.025 -46.792,-71.933 -46.617,-71.7 -46.25,-71.75 -46.133,-71.9 -45.967,-71.6 -45.833,-71.75 -45.6,-71.733 -45.45,-71.467 -44.883,-72.083 -44.733,-72.083 -44.717,-71.3 -44.5,-71.15 -44.383,-71.933 -43.667,-71.733 -43.383,-72.033 -43.233,-71.767 -43.075,-72.15 -42.133,-72.117 -42.133,-71.767 -41.625,-71.9 -41.437,-71.855 -41.309,-70.449 -39.283,-63.117
SBAO|2.826,-49.33 1.235,-47.054 -2.174,-41.856 0.93,-40.782 0.0,-39.0 -0.492,-37.953 -1.744,-35.461 -3.272,-32.121 -3.619,-29.243 -4.071,-28.391 -10.708,-32.996 -16.296,-37.028 -18.679,-38.243 -18.863,-37.673 -19.79,-38.344 -20.507,-39.626 -20.745,-39.812 -22.434,-38.147 -24.665,-40.959 -26.75,-43.75 -28.784,-45.396 -30.4,-46.834 -34.0,-50.397 -34.0,-10.0 -6.365,-10.0 -6.367,-16.0 7.667,-35.0 5.0,-40.0 5.0,-48.0 4.417,-51.55 2.826,-49.33
SBAO-N|4.417,-51.55 5.0,-48.0 5.0,-40.0 5.691,-38.654 6.417,-37.333 6.588,-37.077 7.667,-35.0 3.128,-28.8 -3.939,-19.308 -6.367,-16.0 -6.367,-10.0 -19.882,-9.999 -18.505,-13.454 -17.065,-16.854 -15.57,-20.2 -13.234,-25.129 -12.433,-26.75 -10.014,-30.091 -9.101,-31.864 -4.071,-28.391 -3.619,-29.243 -3.272,-32.121 -1.744,-35.461 -0.492,-37.953 0.0,-39.0 0.93,-40.782 -2.174,-41.856 1.235,-47.054 4.417,-51.55
SBAO-NE|-0.35,-24.135 -6.367,-16.0 -6.367,-10.0 -19.882,-9.999 -18.505,-13.454 -17.065,-16.854 -15.57,-20.2 -13.234,-25.129 -12.433,-26.75 -10.014,-30.091 -9.45,-31.19 -5.82,-28.344 -0.35,-24.135
SBAO-NW|4.417,-51.55 5.0,-48.0 5.0,-40.0 7.667,-35.0 3.128,-28.8 -0.35,-24.135 -5.82,-28.344 -9.45,-31.19 -9.101,-31.864 -4.071,-28.391 -3.619,-29.243 -3.272,-32.121 -1.744,-35.461 -0.492,-37.953 0.0,-39.0 0.93,-40.782 -2.174,-41.856 1.235,-47.054 4.417,-51.55
SBAO-S|-19.882,-9.999 -34.0,-10.0 -34.0,-50.397 -30.4,-46.834 -28.784,-45.396 -26.75,-43.75 -24.665,-40.959 -22.434,-38.147 -20.745,-39.812 -20.507,-39.626 -19.79,-38.344 -18.863,-37.673 -18.679,-38.243 -16.296,-37.028 -12.702,-34.417 -9.101,-31.864 -10.014,-30.091 -12.433,-26.75 -13.234,-25.129 -15.57,-20.2 -17.065,-16.854 -18.505,-13.454 -19.882,-9.999
SBAO-SE|-34.0,-30.0 -16.0,-30.0 -13.234,-25.129 -15.57,-20.2 -17.065,-16.854 -18.505,-13.454 -19.882,-9.999 -34.0,-10.0 -34.0,-30.0
SBAO-SW|-34.0,-30.0 -34.0,-50.397 -30.4,-46.834 -28.784,-45.396 -26.75,-43.75 -24.665,-40.959 -22.434,-38.147 -20.745,-39.812 -20.507,-39.626 -19.79,-38.344 -18.863,-37.673 -18.679,-38.243 -16.296,-37.028 -12.702,-34.417 -9.101,-31.864 -10.014,-30.091 -12.433,-26.75 -13.234,-25.129 -16.0,-30.0 -34.0,-30.0
SBAZ|-17.406,-54.123 -17.571,-54.691 -17.833,-57.713 -17.467,-57.827 -17.339,-58.238 -16.881,-58.464 -16.334,-58.342 -16.25,-60.15 -15.458,-60.225 -15.133,-60.517 -15.133,-60.383 -14.567,-60.333 -14.183,-60.417 -14.0,-60.375 -13.842,-60.383 -13.45,-61.05 -13.5,-61.817 -13.125,-62.117 -12.917,-62.825 -12.625,-63.083 -12.65,-63.333 -12.4,-63.75 -12.333,-64.0 -12.4,-64.417 -12.25,-64.45 -11.883,-64.95 -11.383,-65.292 -10.967,-65.283 -10.583,-65.358 -10.242,-65.25 -9.817,-65.267 -9.608,-65.417 -9.792,-65.583 -9.708,-65.733 -9.828,-66.459 -10.245,-67.025 -10.485,-67.503 -10.692,-68.05 -10.933,-68.267 -11.098,-68.569 -11.0,-68.717 -10.933,-69.4 -10.95,-69.55 -10.9,-69.883 -11.05,-70.333 -10.9,-70.525 -10.967,-70.6 -10.217,-70.583 -9.367,-70.467 -9.967,-71.317 -9.975,-72.1 -9.517,-72.25 -9.408,-72.55 -9.4,-73.183 -9.075,-72.883 -8.467,-73.333 -8.333,-73.5 -7.917,-73.667 -7.8,-73.667 -7.583,-73.933 -7.417,-73.883 -7.325,-73.65 -7.1,-73.783 -6.8,-73.642 -6.467,-73.108 -6.05,-73.158 -5.7,-72.967 -5.2,-72.85 -4.558,-71.9 -4.417,-70.95 -4.217,-70.783 -4.192,-70.383 -4.342,-70.2 -4.342,-70.017 -4.217,-69.984 -4.217,-69.934 -1.417,-69.4 -1.259,-69.317 -0.775,-69.534 -0.534,-69.55 -0.2,-70.0 0.55,-70.017 0.666,-69.417 0.591,-69.3 0.616,-69.1 1.066,-69.15 1.116,-69.834 1.708,-69.834 1.716,-68.117 1.966,-68.2 1.683,-67.934 2.133,-67.417 1.733,-67.15 1.158,-67.092 1.183,-66.834 0.742,-66.333 0.766,-65.784 0.883,-65.267 1.208,-64.917 1.233,-64.767 1.45,-64.45 1.383,-64.35 1.633,-64.067 2.016,-64.034 1.966,-63.817 2.15,-63.367 2.466,-63.334 2.35,-63.85 2.533,-64.217 2.708,-64.2 3.183,-64.284 3.35,-64.117 3.6,-64.067 3.916,-64.167 4.0,-64.484 4.216,-64.617 4.2,-64.2 4.05,-63.992 3.916,-63.584 3.9,-63.2 3.766,-63.134 3.683,-63.0 3.675,-62.717 4.0,-62.75 4.116,-61.934 4.283,-61.5 4.4,-61.5 4.525,-60.967 4.966,-60.55 5.183,-60.667 5.167,-60.433 5.233,-60.2 5.067,-60.0 4.75,-60.067 4.533,-60.183 4.383,-59.717 4.233,-59.75 3.933,-59.567 3.833,-59.6 3.6,-59.883 3.383,-59.85 2.833,-60.033 2.5,-59.917 2.233,-59.75 1.833,-59.767 1.833,-59.667 1.767,-59.683 1.367,-59.25 1.3,-59.0 1.15,-58.817 1.25,-58.65 1.25,-58.45 1.45,-58.467 1.45,-58.383 1.55,-58.317 1.5,-58.15 1.5,-58.0 1.633,-57.95 1.667,-57.55 1.967,-57.3 1.933,-57.25 2.0,-57.1 1.917,-57.05 1.85,-56.8 1.956,-56.489 1.8,-55.917 2.0,-55.867 2.275,-56.083 2.5,-55.917 2.392,-55.733 2.4,-55.35 2.467,-55.333 2.542,-54.983 2.417,-54.85 2.433,-54.75 2.333,-54.7 2.3,-54.517 2.267,-54.55 2.158,-54.35 2.133,-54.117 2.333,-53.767 2.267,-53.7 2.317,-53.467 2.25,-53.4 2.3,-53.267 2.217,-53.183 2.167,-52.933 2.375,-52.667 2.533,-52.533 3.133,-52.283 3.883,-51.783 3.967,-51.767 4.033,-51.658 4.417,-51.55 1.235,-47.054 -2.174,-41.856 -4.177,-42.524 -4.485,-43.158 -4.704,-43.386 -6.094,-44.201 -6.304,-44.797 -8.144,-45.78 -8.86,-46.672 -9.531,-47.151 -10.329,-47.315 -10.287,-47.687 -10.16,-47.701 -9.904,-47.812 -9.724,-48.006 -9.652,-48.162 -9.622,-48.375 -9.684,-48.649 -9.854,-48.876 -10.041,-48.991 -10.225,-49.042 -10.514,-51.087 -12.182,-53.05 -12.96,-53.501 -14.55,-53.63 -16.714,-53.101 -17.406,-54.123
SBAZ-C|-12.96,-53.501 -12.182,-53.05 -11.027,-51.673 -9.866,-52.815 -7.999,-53.112 -5.209,-55.369 -3.156,-56.042 -1.765,-57.051 0.099,-58.325 1.367,-59.25 1.767,-59.683 1.833,-59.667 1.833,-59.767 2.233,-59.75 2.5,-59.917 2.833,-60.033 3.383,-59.85 3.6,-59.883 3.833,-59.6 3.933,-59.567 4.233,-59.75 4.383,-59.717 4.533,-60.183 4.75,-60.067 5.067,-60.0 5.233,-60.2 5.167,-60.433 5.183,-60.667 4.966,-60.55 4.525,-60.967 4.4,-61.5 4.283,-61.5 4.116,-61.934 4.0,-62.75 3.675,-62.717 3.683,-63.0 3.766,-63.134 3.9,-63.2 3.916,-63.584 4.05,-63.992 4.2,-64.2 4.216,-64.617 4.0,-64.484 3.916,-64.167 3.6,-64.067 3.35,-64.117 3.183,-64.284 2.708,-64.2 2.533,-64.217 2.35,-63.85 2.466,-63.334 2.15,-63.367 1.966,-63.817 2.016,-64.034 1.633,-64.067 1.383,-64.35 1.45,-64.45 1.233,-64.767 1.208,-64.917 0.883,-65.267 0.766,-65.784 0.742,-66.333 1.183,-66.834 1.158,-67.092 1.733,-67.15 2.133,-67.417 1.683,-67.934 1.966,-68.2 1.716,-68.117 1.708,-69.834 1.116,-69.834 1.066,-69.15 0.616,-69.1 0.591,-69.3 0.666,-69.417 0.55,-70.017 -0.2,-70.0 -0.534,-69.55 -0.775,-69.534 -1.259,-69.317 -1.417,-69.4 -3.023,-69.706 -3.792,-67.323 -4.343,-66.117 -4.816,-65.316 -5.305,-64.255 -5.734,-63.161 -6.614,-62.366 -7.796,-61.224 -8.923,-60.825 -9.756,-59.386 -11.005,-58.201 -13.009,-56.852 -12.96,-53.501
SBAZ-CE|-12.96,-53.501 -13.009,-56.852 -11.005,-58.201 -9.756,-59.386 -8.923,-60.825 -7.796,-61.224 -6.614,-62.366 -5.734,-63.161 -5.305,-64.255 -4.816,-65.316 -4.343,-66.117 -3.792,-67.323 -3.023,-69.706 -1.417,-69.4 -1.259,-69.317 -0.775,-69.534 -0.534,-69.55 -0.2,-70.0 0.55,-70.017 0.666,-69.417 0.591,-69.3 0.616,-69.1 1.066,-69.15 1.116,-69.834 1.708,-69.834 1.716,-68.117 1.966,-68.2 1.683,-67.934 2.133,-67.417 1.733,-67.15 1.158,-67.092 1.183,-66.834 0.742,-66.333 0.766,-65.784 0.883,-65.267 1.208,-64.917 1.233,-64.767 1.45,-64.45 1.383,-64.35 1.633,-64.067 2.016,-64.034 1.966,-63.817 2.15,-63.367 2.466,-63.334 2.35,-63.85 2.533,-64.217 2.708,-64.2 3.183,-64.284 3.35,-64.117 3.6,-64.067 3.916,-64.167 4.0,-64.484 4.216,-64.617 4.2,-64.2 4.05,-63.992 3.916,-63.584 3.9,-63.2 3.766,-63.134 3.683,-63.0 3.675,-62.717 4.0,-62.75 4.116,-61.934 4.283,-61.5 4.4,-61.5 4.525,-60.967 4.966,-60.55 5.183,-60.667 5.167,-60.433 5.233,-60.2 5.067,-60.0 4.75,-60.067 4.533,-60.183 4.383,-59.717 4.233,-59.75 3.933,-59.567 3.833,-59.6 3.6,-59.883 3.383,-59.85 2.833,-60.033 2.5,-59.917 2.233,-59.75 1.833,-59.767 1.833,-59.667 1.767,-59.683 1.367,-59.25 1.3,-59.0 1.15,-58.817 1.25,-58.65 1.25,-58.45 1.45,-58.467 1.45,-58.383 1.55,-58.317 1.5,-58.15 1.5,-58.0 1.633,-57.95 1.667,-57.55 1.967,-57.3 1.933,-57.25 2.0,-57.1 1.917,-57.05 1.85,-56.8 1.956,-56.489 1.8,-55.917 2.0,-55.867 2.275,-56.083 2.5,-55.917 2.392,-55.733 2.4,-55.35 2.467,-55.333 2.542,-54.983 2.417,-54.85 2.433,-54.75 2.333,-54.7 2.3,-54.517 2.267,-54.55 2.158,-54.35 2.133,-54.117 2.333,-53.767 2.267,-53.7 2.317,-53.467 2.25,-53.4 2.3,-53.267 2.217,-53.183 2.167,-52.933 2.375,-52.667 2.533,-52.533 3.133,-52.283 3.883,-51.783 3.967,-51.767 4.033,-51.658 4.417,-51.55 1.235,-47.054 -2.174,-41.856 -4.177,-42.524 -4.485,-43.158 -4.704,-43.386 -6.094,-44.201 -6.304,-44.797 -8.144,-45.78 -8.86,-46.672 -9.531,-47.151 -10.329,-47.315 -10.287,-47.687 -10.16,-47.701 -9.904,-47.812 -9.724,-48.006 -9.652,-48.162 -9.622,-48.375 -9.684,-48.649 -9.854,-48.876 -10.041,-48.991 -10.225,-49.042 -10.514,-51.087 -12.182,-53.05 -12.96,-53.501
SBAZ-CW|-15.475,-53.397 -16.714,-53.101 -17.406,-54.123 -17.571,-54.691 -17.833,-57.713 -17.467,-57.827 -17.339,-58.238 -16.881,-58.464 -16.334,-58.342 -16.25,-60.15 -15.458,-60.225 -15.133,-60.517 -15.133,-60.383 -14.567,-60.333 -14.183,-60.417 -14.0,-60.375 -13.842,-60.383 -13.45,-61.05 -13.5,-61.817 -13.125,-62.117 -12.917,-62.825 -12.625,-63.083 -12.65,-63.333 -12.4,-63.75 -12.333,-64.0 -12.4,-64.417 -12.25,-64.45 -11.883,-64.95 -11.383,-65.292 -10.967,-65.283 -10.583,-65.358 -10.242,-65.25 -9.817,-65.267 -9.608,-65.417 -9.792,-65.583 -9.708,-65.733 -9.828,-66.459 -10.245,-67.025 -10.485,-67.503 -10.692,-68.05 -10.933,-68.267 -11.098,-68.569 -11.0,-68.717 -10.933,-69.4 -10.95,-69.55 -10.9,-69.883 -11.05,-70.333 -10.9,-70.525 -10.967,-70.6 -10.217,-70.583 -9.367,-70.467 -9.967,-71.317 -9.975,-72.1 -9.517,-72.25 -9.408,-72.55 -9.4,-73.183 -9.075,-72.883 -8.467,-73.333 -8.333,-73.5 -7.917,-73.667 -7.8,-73.667 -7.583,-73.933 -7.417,-73.883 -7.325,-73.65 -7.1,-73.783 -6.8,-73.642 -6.467,-73.108 -6.05,-73.158 -5.7,-72.967 -5.2,-72.85 -4.558,-71.9 -4.417,-70.95 -4.217,-70.783 -4.192,-70.383 -4.342,-70.2 -4.342,-70.017 -4.217,-69.984 -4.217,-69.934 -1.417,-69.4 -1.259,-69.317 -0.775,-69.534 -0.534,-69.55 -0.2,-70.0 0.55,-70.017 0.666,-69.417 0.591,-69.3 0.616,-69.1 1.066,-69.15 1.116,-69.834 1.708,-69.834 1.716,-68.117 1.966,-68.2 1.683,-67.934 2.133,-67.417 1.733,-67.15 1.158,-67.092 1.183,-66.834 0.742,-66.333 0.766,-65.784 0.883,-65.267 1.208,-64.917 1.233,-64.767 1.45,-64.45 1.383,-64.35 1.633,-64.067 2.016,-64.034 1.966,-63.817 2.15,-63.367 2.466,-63.334 2.35,-63.85 2.533,-64.217 2.708,-64.2 3.183,-64.284 3.35,-64.117 3.6,-64.067 3.916,-64.167 4.0,-64.484 4.216,-64.617 4.2,-64.2 4.05,-63.992 3.916,-63.584 3.9,-63.2 3.766,-63.134 3.683,-63.0 3.675,-62.717 4.0,-62.75 4.116,-61.934 4.283,-61.5 4.4,-61.5 4.525,-60.967 4.966,-60.55 5.183,-60.667 5.167,-60.433 5.233,-60.2 5.067,-60.0 4.75,-60.067 4.533,-60.183 4.383,-59.717 4.233,-59.75 3.933,-59.567 3.833,-59.6 3.6,-59.883 3.383,-59.85 2.833,-60.033 2.5,-59.917 2.233,-59.75 1.833,-59.767 1.833,-59.667 1.767,-59.683 1.367,-59.25 0.099,-58.325 -1.765,-57.051 -3.156,-56.042 -5.209,-55.369 -7.999,-53.112 -9.866,-52.815 -11.027,-51.673 -12.182,-53.05 -12.96,-53.501 -14.55,-53.63 -15.475,-53.397
SBAZ-E|-11.027,-51.673 -10.514,-51.087 -10.225,-49.042 -10.041,-48.991 -9.854,-48.876 -9.684,-48.649 -9.622,-48.375 -9.652,-48.162 -9.724,-48.006 -9.904,-47.812 -10.16,-47.701 -10.287,-47.687 -10.329,-47.315 -9.531,-47.151 -8.86,-46.672 -8.144,-45.78 -6.304,-44.797 -6.094,-44.201 -4.704,-43.386 -4.485,-43.158 -4.177,-42.524 -2.174,-41.856 1.235,-47.054 4.417,-51.55 4.033,-51.658 3.967,-51.767 3.883,-51.783 3.133,-52.283 2.533,-52.533 2.375,-52.667 2.167,-52.933 2.217,-53.183 2.3,-53.267 2.25,-53.4 2.317,-53.467 2.267,-53.7 2.333,-53.767 2.133,-54.117 2.158,-54.35 2.267,-54.55 2.3,-54.517 2.333,-54.7 2.433,-54.75 2.417,-54.85 2.542,-54.983 2.467,-55.333 2.4,-55.35 2.392,-55.733 2.5,-55.917 2.275,-56.083 2.0,-55.867 1.8,-55.917 1.956,-56.489 1.85,-56.8 1.917,-57.05 2.0,-57.1 1.933,-57.25 1.967,-57.3 1.667,-57.55 1.633,-57.95 1.5,-58.0 1.5,-58.15 1.55,-58.317 1.45,-58.383 1.45,-58.467 1.25,-58.45 1.25,-58.65 1.15,-58.817 1.3,-59.0 1.367,-59.25 0.099,-58.325 -1.765,-57.051 -3.156,-56.042 -5.209,-55.369 -7.999,-53.112 -9.866,-52.815 -11.027,-51.673
SBAZ-W|-17.406,-54.123 -16.714,-53.101 -14.55,-53.63 -12.96,-53.501 -13.009,-56.852 -11.005,-58.201 -9.756,-59.386 -8.923,-60.825 -7.796,-61.224 -6.614,-62.366 -5.734,-63.161 -5.305,-64.255 -4.816,-65.316 -4.343,-66.117 -3.792,-67.323 -3.023,-69.706 -4.217,-69.934 -4.217,-69.984 -4.342,-70.017 -4.342,-70.2 -4.192,-70.383 -4.217,-70.783 -4.417,-70.95 -4.558,-71.9 -5.2,-72.85 -5.7,-72.967 -6.05,-73.158 -6.467,-73.108 -6.8,-73.642 -7.1,-73.783 -7.325,-73.65 -7.417,-73.883 -7.583,-73.933 -7.8,-73.667 -7.917,-73.667 -8.333,-73.5 -8.467,-73.333 -9.075,-72.883 -9.4,-73.183 -9.408,-72.55 -9.517,-72.25 -9.975,-72.1 -9.967,-71.317 -9.367,-70.467 -10.217,-70.583 -10.967,-70.6 -10.9,-70.525 -11.05,-70.333 -10.9,-69.883 -10.95,-69.55 -10.933,-69.4 -11.0,-68.717 -11.098,-68.569 -10.933,-68.267 -10.692,-68.05 -10.485,-67.503 -10.245,-67.025 -9.828,-66.459 -9.708,-65.733 -9.792,-65.583 -9.608,-65.417 -9.817,-65.267 -10.242,-65.25 -10.583,-65.358 -10.967,-65.283 -11.383,-65.292 -11.883,-64.95 -12.25,-64.45 -12.4,-64.417 -12.333,-64.0 -12.4,-63.75 -12.65,-63.333 -12.625,-63.083 -12.917,-62.825 -13.125,-62.117 -13.5,-61.817 -13.45,-61.05 -13.842,-60.383 -14.0,-60.375 -14.183,-60.417 -14.567,-60.333 -15.133,-60.383 -15.133,-60.517 -15.458,-60.225 -16.25,-60.15 -16.334,-58.342 -16.881,-58.464 -17.339,-58.238 -17.467,-57.827 -17.833,-57.713 -17.571,-54.691 -17.406,-54.123
SBBS|-23.627,-46.655 -23.116,-47.573 -22.33,-49.918 -20.427,-51.362 -17.406,-54.123 -16.714,-53.101 -14.55,-53.63 -12.96,-53.501 -12.182,-53.05 -10.514,-51.087 -10.225,-49.042 -10.041,-48.991 -9.854,-48.876 -9.684,-48.649 -9.622,-48.375 -9.652,-48.162 -9.724,-48.006 -9.904,-47.812 -10.16,-47.701 -10.287,-47.687 -10.329,-47.315 -12.022,-46.891 -13.322,-45.608 -14.785,-44.577 -15.628,-44.096 -16.409,-42.679 -16.948,-41.821 -18.758,-42.448 -19.105,-42.441 -20.003,-42.527 -20.412,-42.752 -20.156,-43.393 -20.538,-43.965 -22.799,-45.775 -23.233,-45.86 -23.627,-46.655
SBBS-E|-20.412,-42.752 -20.003,-42.527 -19.105,-42.441 -18.758,-42.448 -16.948,-41.821 -16.409,-42.679 -15.628,-44.096 -15.36,-44.249 -17.358,-45.817 -19.056,-46.53 -19.442,-46.011 -21.476,-44.708 -20.538,-43.965 -20.156,-43.393 -20.412,-42.752
SBBS-N|-11.027,-51.673 -10.514,-51.087 -10.225,-49.042 -10.041,-48.991 -9.854,-48.876 -9.684,-48.649 -9.622,-48.375 -9.652,-48.162 -9.724,-48.006 -9.904,-47.812 -10.16,-47.701 -10.287,-47.687 -10.329,-47.315 -12.022,-46.891 -13.322,-45.608 -14.785,-44.577 -15.36,-44.249 -17.358,-45.817 -19.056,-46.53 -18.877,-48.221 -18.942,-49.286 -20.427,-51.362 -17.406,-54.123 -16.714,-53.101 -14.55,-53.63 -12.96,-53.501 -12.182,-53.05 -11.027,-51.673
SBBS-NE|-16.409,-42.679 -16.948,-41.821 -18.758,-42.448 -19.105,-42.441 -20.003,-42.527 -20.412,-42.752 -20.156,-43.393 -20.538,-43.965 -21.476,-44.708 -19.442,-46.011 -19.056,-46.53 -18.877,-48.221 -18.942,-49.286 -20.427,-51.362 -17.406,-54.123 -16.714,-53.101 -14.55,-53.63 -12.96,-53.501 -12.182,-53.05 -10.514,-51.087 -10.225,-49.042 -10.041,-48.991 -9.854,-48.876 -9.684,-48.649 -9.622,-48.375 -9.652,-48.162 -9.724,-48.006 -9.904,-47.812 -10.16,-47.701 -10.287,-47.687 -10.329,-47.315 -12.022,-46.891 -13.322,-45.608 -14.785,-44.577 -15.628,-44.096 -16.409,-42.679
SBBS-NS|-19.442,-46.011 -21.476,-44.708 -22.799,-45.775 -23.233,-45.86 -23.627,-46.655 -23.116,-47.573 -22.33,-49.918 -20.427,-51.362 -17.406,-54.123 -16.714,-53.101 -14.55,-53.63 -12.96,-53.501 -12.182,-53.05 -10.514,-51.087 -10.225,-49.042 -10.041,-48.991 -9.854,-48.876 -9.684,-48.649 -9.622,-48.375 -9.652,-48.162 -9.724,-48.006 -9.904,-47.812 -10.16,-47.701 -10.287,-47.687 -10.329,-47.315 -12.022,-46.891 -13.322,-45.608 -14.785,-44.577 -15.36,-44.249 -17.358,-45.817 -19.056,-46.53 -19.442,-46.011
SBBS-S|-23.009,-45.811 -22.799,-45.775 -21.476,-44.708 -19.442,-46.011 -19.056,-46.53 -18.877,-48.221 -18.942,-49.286 -20.427,-51.362 -22.33,-49.918 -23.116,-47.573 -23.627,-46.655 -23.233,-45.86 -23.009,-45.811
SBBS-SE|-23.009,-45.811 -23.233,-45.86 -23.627,-46.655 -23.116,-47.573 -22.33,-49.918 -20.427,-51.362 -18.942,-49.286 -18.877,-48.221 -19.056,-46.53 -17.358,-45.817 -15.36,-44.249 -15.628,-44.096 -16.409,-42.679 -16.948,-41.821 -18.758,-42.448 -19.105,-42.441 -20.003,-42.527 -20.412,-42.752 -20.156,-43.393 -20.538,-43.965 -22.799,-45.775 -23.009,-45.811
SBCW|-33.75,-53.367 -33.7,-53.55 -33.117,-53.517 -32.733,-53.167 -32.45,-53.583 -32.0,-53.967 -31.667,-54.483 -31.483,-54.567 -31.267,-55.25 -30.933,-55.567 -31.133,-55.917 -31.083,-56.033 -30.85,-56.033 -30.117,-56.85 -30.133,-57.0 -30.3,-57.25 -30.3,-57.55 -30.25,-57.617 -28.367,-55.867 -28.35,-55.75 -28.25,-55.817 -27.533,-54.817 -27.033,-53.8 -26.167,-53.667 -25.75,-54.0 -25.584,-54.584 -24.067,-54.25 -23.784,-54.559 -23.942,-55.442 -22.267,-55.8 -22.267,-56.117 -22.067,-56.45 -22.234,-56.917 -22.0,-57.934 -20.993,-57.802 -20.167,-58.167 -19.984,-57.817 -19.6,-58.059 -19.038,-57.784 -19.05,-57.717 -18.9,-57.721 -18.9,-57.767 -18.35,-57.6 -18.234,-57.45 -17.833,-57.713 -17.571,-54.691 -17.406,-54.123 -20.427,-51.362 -22.33,-49.918 -23.116,-47.573 -23.627,-46.655 -23.233,-45.86 -22.799,-45.775 -20.538,-43.965 -20.156,-43.393 -20.412,-42.752 -20.623,-42.008 -20.406,-40.976 -20.695,-40.821 -20.902,-40.568 -20.947,-40.252 -20.866,-40.007 -20.745,-39.812 -22.434,-38.147 -24.665,-40.959 -26.75,-43.75 -28.784,-45.396 -30.4,-46.834 -34.0,-50.397 -34.0,-53.0 -33.75,-53.367
SBCW-C|-23.315,-47.217 -23.627,-46.655 -24.346,-46.997 -25.504,-47.817 -25.858,-48.17 -26.564,-48.07 -27.67,-48.54 -26.783,-49.041 -26.895,-49.227 -27.374,-49.669 -26.996,-50.376 -26.011,-49.77 -25.698,-49.961 -25.105,-49.321 -24.169,-49.431 -23.434,-48.326 -23.414,-47.803 -23.507,-47.378 -23.287,-47.268 -23.315,-47.217
SBCW-CE|-23.627,-46.655 -23.233,-45.86 -22.799,-45.775 -20.538,-43.965 -20.156,-43.393 -20.412,-42.752 -20.623,-42.008 -20.406,-40.976 -20.695,-40.821 -20.902,-40.568 -20.947,-40.252 -20.866,-40.007 -20.745,-39.812 -22.434,-38.147 -24.665,-40.959 -26.75,-43.75 -28.787,-45.399 -27.924,-47.137 -27.67,-48.54 -26.783,-49.041 -26.895,-49.227 -27.374,-49.669 -26.996,-50.376 -26.011,-49.77 -25.698,-49.961 -25.105,-49.321 -24.169,-49.431 -23.434,-48.326 -23.414,-47.803 -23.507,-47.378 -23.287,-47.268 -23.627,-46.655
SBCW-CS|-27.924,-47.137 -28.787,-45.399 -30.4,-46.834 -34.0,-50.397 -34.0,-53.0 -33.75,-53.367 -33.7,-53.55 -33.117,-53.517 -32.733,-53.167 -32.45,-53.583 -32.0,-53.967 -31.667,-54.483 -31.483,-54.567 -31.267,-55.25 -30.933,-55.567 -31.133,-55.917 -31.083,-56.033 -30.85,-56.033 -30.117,-56.85 -30.133,-57.0 -30.3,-57.25 -30.3,-57.55 -30.25,-57.617 -28.367,-55.867 -28.35,-55.75 -28.25,-55.817 -27.533,-54.817 -27.033,-53.8 -26.567,-53.733 -27.136,-52.663 -25.681,-49.931 -25.105,-49.321 -24.169,-49.431 -23.434,-48.326 -23.414,-47.803 -23.507,-47.378 -23.287,-47.268 -23.627,-46.655 -24.346,-46.997 -25.504,-47.817 -25.858,-48.17 -26.564,-48.07 -27.67,-48.54 -27.924,-47.137
SBCW-CSE|-23.233,-45.86 -22.799,-45.775 -20.538,-43.965 -20.156,-43.393 -20.412,-42.752 -20.623,-42.008 -20.406,-40.976 -20.695,-40.821 -20.902,-40.568 -20.947,-40.252 -20.866,-40.007 -20.745,-39.812 -22.434,-38.147 -24.665,-40.959 -26.75,-43.75 -28.784,-45.396 -30.4,-46.834 -34.0,-50.397 -34.0,-53.0 -33.75,-53.367 -33.7,-53.55 -33.117,-53.517 -32.733,-53.167 -32.45,-53.583 -32.0,-53.967 -31.667,-54.483 -31.483,-54.567 -31.267,-55.25 -30.933,-55.567 -31.133,-55.917 -31.083,-56.033 -30.85,-56.033 -30.117,-56.85 -30.133,-57.0 -30.3,-57.25 -30.3,-57.55 -30.25,-57.617 -28.367,-55.867 -28.35,-55.75 -28.25,-55.817 -27.533,-54.817 -27.033,-53.8 -26.567,-53.733 -27.136,-52.663 -25.681,-49.931 -25.105,-49.321 -24.169,-49.431 -23.434,-48.326 -23.414,-47.803 -23.507,-47.378 -23.287,-47.268 -23.627,-46.655 -23.233,-45.86
SBCW-CSW|-27.924,-47.137 -28.787,-45.399 -30.4,-46.834 -34.0,-50.397 -34.0,-53.0 -33.75,-53.367 -33.7,-53.55 -33.117,-53.517 -32.733,-53.167 -32.45,-53.583 -32.0,-53.967 -31.667,-54.483 -31.483,-54.567 -31.267,-55.25 -30.933,-55.567 -31.133,-55.917 -31.083,-56.033 -30.85,-56.033 -30.117,-56.85 -30.133,-57.0 -30.3,-57.25 -30.3,-57.55 -30.25,-57.617 -28.367,-55.867 -28.35,-55.75 -28.25,-55.817 -27.533,-54.817 -27.033,-53.8 -26.167,-53.667 -25.75,-54.0 -25.584,-54.584 -24.067,-54.25 -23.784,-54.559 -23.942,-55.442 -22.267,-55.8 -22.267,-56.117 -22.067,-56.45 -22.234,-56.917 -22.0,-57.934 -20.993,-57.802 -20.167,-58.167 -19.984,-57.817 -19.6,-58.059 -19.038,-57.784 -19.05,-57.717 -18.9,-57.721 -18.9,-57.767 -18.35,-57.6 -18.234,-57.45 -17.833,-57.713 -17.571,-54.691 -17.406,-54.123 -20.427,-51.362 -22.33,-49.918 -23.116,-47.573 -23.627,-46.655 -24.346,-46.997 -25.504,-47.817 -25.858,-48.17 -26.564,-48.07 -27.67,-48.54 -27.924,-47.137
SBCW-CW|-23.627,-46.655 -24.346,-46.997 -25.504,-47.817 -25.858,-48.17 -26.564,-48.07 -27.67,-48.54 -26.783,-49.041 -26.895,-49.227 -27.374,-49.669 -26.996,-50.376 -26.011,-49.77 -25.698,-49.961 -27.136,-52.663 -26.568,-53.733 -26.167,-53.667 -25.75,-54.0 -25.584,-54.584 -24.067,-54.25 -23.784,-54.559 -23.942,-55.442 -22.267,-55.8 -22.267,-56.117 -22.067,-56.45 -22.234,-56.917 -22.0,-57.934 -20.993,-57.802 -20.167,-58.167 -19.984,-57.817 -19.6,-58.059 -19.038,-57.784 -19.05,-57.717 -18.9,-57.721 -18.9,-57.767 -18.35,-57.6 -18.234,-57.45 -17.833,-57.713 -17.571,-54.691 -17.406,-54.123 -20.427,-51.362 -22.33,-49.918 -23.116,-47.573 -23.627,-46.655
SBCW-CWE|-23.233,-45.86 -22.799,-45.775 -20.538,-43.965 -20.156,-43.393 -20.412,-42.752 -20.623,-42.008 -20.406,-40.976 -20.695,-40.821 -20.902,-40.568 -20.947,-40.252 -20.866,-40.007 -20.745,-39.812 -22.434,-38.147 -24.665,-40.959 -26.75,-43.75 -28.787,-45.399 -27.924,-47.137 -27.67,-48.54 -26.783,-49.041 -26.895,-49.227 -27.374,-49.669 -26.996,-50.376 -26.011,-49.77 -25.698,-49.961 -27.136,-52.663 -26.568,-53.733 -26.167,-53.667 -25.75,-54.0 -25.584,-54.584 -24.067,-54.25 -23.784,-54.559 -23.942,-55.442 -22.267,-55.8 -22.267,-56.117 -22.067,-56.45 -22.234,-56.917 -22.0,-57.934 -20.993,-57.802 -20.167,-58.167 -19.984,-57.817 -19.6,-58.059 -19.038,-57.784 -19.05,-57.717 -18.9,-57.721 -18.9,-57.767 -18.35,-57.6 -18.234,-57.45 -17.833,-57.713 -17.571,-54.691 -17.406,-54.123 -20.427,-51.362 -22.33,-49.918 -23.116,-47.573 -23.627,-46.655 -23.233,-45.86
SBCW-E|-26.564,-48.07 -25.858,-48.17 -25.504,-47.817 -24.346,-46.997 -23.627,-46.655 -23.233,-45.86 -22.799,-45.775 -20.538,-43.965 -20.156,-43.393 -20.412,-42.752 -20.623,-42.008 -20.406,-40.976 -20.695,-40.821 -20.902,-40.568 -20.947,-40.252 -20.866,-40.007 -20.745,-39.812 -22.434,-38.147 -24.665,-40.959 -26.75,-43.75 -28.787,-45.399 -27.924,-47.137 -27.67,-48.54 -26.564,-48.07
SBCW-S|-26.011,-49.77 -26.996,-50.376 -27.374,-49.669 -26.895,-49.227 -26.783,-49.041 -27.67,-48.54 -27.924,-47.137 -28.787,-45.399 -30.4,-46.834 -34.0,-50.397 -34.0,-53.0 -33.75,-53.367 -33.7,-53.55 -33.117,-53.517 -32.733,-53.167 -32.45,-53.583 -32.0,-53.967 -31.667,-54.483 -31.483,-54.567 -31.267,-55.25 -30.933,-55.567 -31.133,-55.917 -31.083,-56.033 -30.85,-56.033 -30.117,-56.85 -30.133,-57.0 -30.3,-57.25 -30.3,-57.55 -30.25,-57.617 -28.367,-55.867 -28.35,-55.75 -28.25,-55.817 -27.533,-54.817 -27.033,-53.8 -26.567,-53.733 -27.136,-52.663 -25.698,-49.961 -26.011,-49.77
SBCW-SE|-27.0,-50.367 -27.374,-49.669 -26.895,-49.227 -26.783,-49.041 -27.67,-48.54 -26.564,-48.07 -25.858,-48.17 -25.504,-47.817 -24.346,-46.997 -23.627,-46.655 -23.233,-45.86 -22.799,-45.775 -20.538,-43.965 -20.156,-43.393 -20.412,-42.752 -20.623,-42.008 -20.406,-40.976 -20.695,-40.821 -20.902,-40.568 -20.947,-40.252 -20.866,-40.007 -20.745,-39.812 -22.434,-38.147 -24.665,-40.959 -26.75,-43.75 -28.784,-45.396 -30.4,-46.834 -34.0,-50.397 -34.0,-53.0 -33.75,-53.367 -33.7,-53.55 -33.117,-53.517 -32.733,-53.167 -32.45,-53.583 -32.0,-53.967 -31.667,-54.483 -31.483,-54.567 -31.267,-55.25 -30.933,-55.567 -31.133,-55.917 -31.083,-56.033 -30.85,-56.033 -30.117,-56.85 -30.133,-57.0 -30.3,-57.25 -30.3,-57.55 -30.25,-57.617 -28.367,-55.867 -28.35,-55.75 -28.25,-55.817 -27.533,-54.817 -27.033,-53.8 -26.567,-53.733 -27.136,-52.663 -25.698,-49.961 -26.011,-49.77 -27.0,-50.367
SBCW-SW|-27.0,-50.367 -27.374,-49.669 -26.895,-49.227 -26.783,-49.041 -27.67,-48.54 -27.924,-47.137 -28.787,-45.399 -30.4,-46.834 -34.0,-50.397 -34.0,-53.0 -33.75,-53.367 -33.7,-53.55 -33.117,-53.517 -32.733,-53.167 -32.45,-53.583 -32.0,-53.967 -31.667,-54.483 -31.483,-54.567 -31.267,-55.25 -30.933,-55.567 -31.133,-55.917 -31.083,-56.033 -30.85,-56.033 -30.117,-56.85 -30.133,-57.0 -30.3,-57.25 -30.3,-57.55 -30.25,-57.617 -28.367,-55.867 -28.35,-55.75 -28.25,-55.817 -27.533,-54.817 -27.033,-53.8 -26.167,-53.667 -25.75,-54.0 -25.584,-54.584 -24.067,-54.25 -23.784,-54.559 -23.942,-55.442 -22.267,-55.8 -22.267,-56.117 -22.067,-56.45 -22.234,-56.917 -22.0,-57.934 -20.993,-57.802 -20.167,-58.167 -19.984,-57.817 -19.6,-58.059 -19.038,-57.784 -19.05,-57.717 -18.9,-57.721 -18.9,-57.767 -18.35,-57.6 -18.234,-57.45 -17.833,-57.713 -17.571,-54.691 -17.406,-54.123 -20.427,-51.362 -22.33,-49.918 -23.116,-47.573 -23.287,-47.268 -23.507,-47.378 -23.414,-47.803 -23.434,-48.326 -24.169,-49.431 -25.105,-49.321 -25.698,-49.961 -26.011,-49.77 -27.0,-50.367
SBCW-W|-23.507,-47.378 -23.414,-47.803 -23.434,-48.326 -24.169,-49.431 -25.105,-49.321 -25.681,-49.931 -27.136,-52.663 -26.568,-53.733 -26.167,-53.667 -25.75,-54.0 -25.584,-54.584 -24.067,-54.25 -23.784,-54.559 -23.942,-55.442 -22.267,-55.8 -22.267,-56.117 -22.067,-56.45 -22.234,-56.917 -22.0,-57.934 -20.993,-57.802 -20.167,-58.167 -19.984,-57.817 -19.6,-58.059 -19.038,-57.784 -19.05,-57.717 -18.9,-57.721 -18.9,-57.767 -18.35,-57.6 -18.234,-57.45 -17.833,-57.713 -17.571,-54.691 -17.406,-54.123 -20.427,-51.362 -22.33,-49.918 -23.116,-47.573 -23.287,-47.268 -23.507,-47.378
SBRE|-12.702,-34.417 -16.296,-37.028 -18.679,-38.243 -18.863,-37.673 -19.79,-38.344 -20.507,-39.626 -20.745,-39.812 -20.866,-40.007 -20.947,-40.252 -20.902,-40.568 -20.695,-40.821 -20.406,-40.976 -20.623,-42.008 -20.412,-42.752 -20.003,-42.527 -19.105,-42.441 -18.758,-42.448 -16.948,-41.821 -16.409,-42.679 -15.628,-44.096 -14.785,-44.577 -13.322,-45.608 -12.022,-46.891 -10.329,-47.315 -9.531,-47.151 -8.86,-46.672 -8.144,-45.78 -6.304,-44.797 -6.094,-44.201 -4.704,-43.386 -4.485,-43.158 -4.177,-42.524 0.93,-40.782 0.0,-39.0 -0.492,-37.953 -1.744,-35.461 -3.272,-32.121 -3.619,-29.243 -4.071,-28.391 -9.101,-31.864 -12.702,-34.417
SBRE-N|-9.637,-32.24 -11.777,-33.756 -11.595,-34.364 -11.128,-36.236 -10.982,-37.077 -10.1,-38.7 -9.811,-38.489 -9.406,-38.251 -7.772,-38.201 -7.454,-38.255 -7.214,-39.275 -5.062,-42.825 -4.399,-42.979 -4.177,-42.524 0.93,-40.782 0.0,-39.0 -0.492,-37.953 -1.744,-35.461 -3.272,-32.121 -3.619,-29.243 -4.071,-28.391 -9.637,-32.24
SBRE-NS|-11.223,-39.393 -9.406,-38.251 -7.772,-38.201 -7.454,-38.255 -7.214,-39.275 -5.062,-42.825 -4.399,-42.979 -4.177,-42.524 0.93,-40.782 0.0,-39.0 -0.492,-37.953 -1.744,-35.461 -3.272,-32.121 -3.619,-29.243 -4.071,-28.391 -9.637,-32.24 -12.702,-34.417 -16.296,-37.028 -18.679,-38.243 -18.863,-37.673 -19.79,-38.344 -20.507,-39.626 -20.745,-39.812 -20.866,-40.007 -20.947,-40.252 -20.902,-40.568 -20.695,-40.821 -20.406,-40.976 -20.623,-42.008 -20.412,-42.752 -20.003,-42.527 -19.105,-42.441 -18.758,-42.448 -16.948,-41.821 -16.409,-42.679 -14.317,-41.18 -12.638,-40.273 -12.24,-40.1 -11.223,-39.393
SBRE-NW|-15.36,-44.249 -14.785,-44.577 -13.322,-45.608 -12.022,-46.891 -10.329,-47.315 -9.531,-47.151 -8.86,-46.672 -8.144,-45.78 -6.304,-44.797 -6.094,-44.201 -4.704,-43.386 -4.485,-43.158 -4.177,-42.524 0.93,-40.782 0.0,-39.0 -0.492,-37.953 -1.744,-35.461 -3.272,-32.121 -3.619,-29.243 -4.071,-28.391 -9.101,-31.864 -11.777,-33.756 -11.595,-34.364 -11.128,-36.236 -10.982,-37.077 -10.1,-38.7 -11.223,-39.393 -12.24,-40.1 -12.638,-40.273 -14.317,-41.18 -16.409,-42.679 -15.628,-44.096 -15.36,-44.249
SBRE-S|-12.638,-40.273 -12.24,-40.1 -11.223,-39.393 -10.1,-38.7 -10.982,-37.077 -11.128,-36.236 -11.595,-34.364 -11.777,-33.756 -16.296,-37.028 -18.679,-38.243 -18.863,-37.673 -19.79,-38.344 -20.507,-39.626 -20.745,-39.812 -20.866,-40.007 -20.947,-40.252 -20.902,-40.568 -20.695,-40.821 -20.406,-40.976 -20.623,-42.008 -20.412,-42.752 -20.003,-42.527 -19.105,-42.441 -18.758,-42.448 -16.948,-41.821 -16.409,-42.679 -14.317,-41.18 -12.638,-40.273
SBRE-SW|-10.486,-38.019 -10.982,-37.077 -11.128,-36.236 -11.595,-34.364 -11.777,-33.756 -16.296,-37.028 -18.679,-38.243 -18.863,-37.673 -19.79,-38.344 -20.507,-39.626 -20.745,-39.812 -20.866,-40.007 -20.947,-40.252 -20.902,-40.568 -20.695,-40.821 -20.406,-40.976 -20.623,-42.008 -20.412,-42.752 -20.003,-42.527 -19.105,-42.441 -18.758,-42.448 -16.948,-41.821 -16.409,-42.679 -15.628,-44.096 -14.785,-44.577 -13.322,-45.608 -12.022,-46.891 -10.329,-47.315 -9.531,-47.151 -8.86,-46.672 -8.144,-45.78 -6.304,-44.797 -6.094,-44.201 -4.704,-43.386 -4.485,-43.158 -4.399,-42.979 -5.062,-42.825 -7.214,-39.275 -7.454,-38.255 -7.772,-38.201 -9.406,-38.251 -9.811,-38.489 -10.1,-38.7 -10.486,-38.019
SBRE-W|-16.409,-42.679 -15.628,-44.096 -14.785,-44.577 -13.322,-45.608 -12.022,-46.891 -10.329,-47.315 -9.531,-47.151 -8.86,-46.672 -8.144,-45.78 -6.304,-44.797 -6.094,-44.201 -4.704,-43.386 -4.485,-43.158 -4.399,-42.979 -5.062,-42.825 -7.214,-39.275 -7.454,-38.255 -7.772,-38.201 -9.406,-38.251 -11.223,-39.393 -12.24,-40.1 -12.638,-40.273 -14.317,-41.18 -16.409,-42.679
SCCZ|-47.0,-71.976 -47.183,-72.025 -47.417,-72.333 -47.925,-72.55 -48.117,-72.367 -48.317,-72.367 -48.45,-72.608 -48.783,-72.6 -49.3,-73.467 -49.55,-73.567 -50.15,-73.542 -50.8,-73.167 -50.683,-72.383 -51.567,-72.45 -52.0,-71.917 -52.0,-70.0 -52.292,-68.55 -52.667,-68.6 -54.9,-68.6 -54.883,-67.967 -54.933,-67.117 -55.0,-66.833 -55.133,-66.667 -55.183,-66.078 -55.382,-65.727 -56.38,-65.727 -56.38,-67.267 -58.352,-67.267 -58.352,-53.0 -90.0,-53.0 -90.0,-90.0 -47.0,-90.0 -47.0,-71.976
SCEZ|-28.5,-90.0 -28.5,-69.65 -29.333,-70.008 -30.15,-70.0 -31.167,-70.525 -31.517,-70.583 -31.967,-70.4 -33.25,-70.067 -33.525,-69.917 -34.067,-69.908 -35.233,-70.758 -36.017,-70.45 -36.442,-71.033 -36.892,-71.208 -37.683,-71.208 -38.5,-70.9 -38.5,-90.0 -28.5,-90.0
SCFZ|-18.35,-90.0 -18.35,-70.367 -18.317,-70.35 -18.317,-70.15 -18.267,-70.05 -18.267,-69.967 -18.117,-69.817 -17.983,-69.75 -17.742,-69.817 -17.642,-69.792 -17.658,-69.667 -17.5,-69.45 -17.55,-69.45 -18.083,-69.049 -18.3,-68.983 -18.967,-68.967 -19.433,-68.483 -19.717,-68.717 -19.933,-68.583 -20.067,-68.8 -20.433,-68.767 -20.65,-68.567 -20.933,-68.55 -20.967,-68.417 -21.317,-68.183 -21.633,-68.183 -22.3,-67.95 -22.867,-67.867 -22.917,-67.575 -22.75,-67.217 -23.0,-67.017 -24.017,-67.35 -24.367,-68.267 -24.7,-68.667 -25.067,-68.417 -25.267,-68.683 -26.158,-68.4 -26.383,-68.65 -26.967,-68.367 -27.017,-68.817 -27.875,-69.183 -28.392,-69.65 -28.5,-69.65 -28.5,-90.0 -18.35,-90.0
SCIZ|-15.0,-120.0 -15.0,-90.0 -90.0,-90.0 -90.0,-131.0 -30.0,-131.0 -30.0,-120.0 -15.0,-120.0
SCTZ|-38.5,-90.0 -38.5,-70.9 -38.933,-71.433 -39.65,-71.717 -40.908,-71.845 -41.437,-71.855 -41.625,-71.9 -42.133,-71.767 -42.133,-72.117 -43.075,-72.15 -43.233,-71.767 -43.383,-72.033 -43.667,-71.733 -44.383,-71.933 -44.5,-71.15 -44.717,-71.3 -44.733,-72.083 -44.883,-72.083 -45.45,-71.467 -45.6,-71.733 -45.833,-71.75 -45.967,-71.6 -46.133,-71.9 -46.25,-71.75 -46.617,-71.7 -46.792,-71.933 -47.0,-71.976 -47.0,-90.0 -38.5,-90.0
SEFG|1.417,-78.917 1.417,-78.8 1.283,-78.684 0.8,-77.967 0.783,-77.75 0.383,-77.367 0.233,-76.9 0.217,-76.383 0.375,-76.367 0.325,-76.067 0.1,-75.834 -0.05,-75.167 -0.1,-75.35 -0.1,-75.617 -0.25,-75.633 -0.55,-75.283 -0.95,-75.267 -0.933,-75.367 -1.533,-75.583 -2.125,-76.05 -2.55,-76.617 -2.983,-77.833 -3.283,-78.2 -3.467,-78.2 -3.367,-78.333 -3.717,-78.383 -3.9,-78.5 -4.3,-78.65 -4.483,-78.633 -4.6,-78.717 -4.667,-78.867 -4.958,-79.017 -4.933,-79.283 -4.417,-79.533 -4.45,-79.8 -4.283,-80.133 -4.45,-80.383 -4.233,-80.333 -4.067,-80.467 -3.967,-80.15 -3.433,-80.233 -3.407,-80.32 -3.4,-92.0 1.417,-92.0 1.417,-78.917
SGFA|-22.25,-62.667 -21.1,-62.25 -20.575,-62.242 -20.075,-61.884 -19.634,-61.725 -19.359,-59.967 -19.367,-59.092 -19.817,-58.184 -20.167,-58.167 -20.993,-57.802 -22.0,-57.934 -22.234,-56.917 -22.067,-56.45 -22.267,-56.117 -22.267,-55.8 -23.942,-55.442 -23.784,-54.559 -24.067,-54.25 -25.584,-54.584 -25.667,-54.65 -26.284,-54.65 -26.6,-54.784 -27.184,-55.6 -27.434,-55.75 -27.283,-56.067 -27.6,-56.384 -27.434,-56.6 -27.417,-57.317 -27.251,-58.044 -27.272,-58.428 -27.042,-58.55 -27.057,-58.503 -26.928,-58.478 -26.867,-58.313 -26.81,-58.351 -26.75,-58.249 -26.647,-58.245 -26.639,-58.186 -26.464,-58.224 -26.453,-58.173 -26.184,-58.15 -26.018,-57.867 -25.967,-57.884 -25.761,-57.823 -25.434,-57.567 -25.2,-57.717 -25.032,-58.121 -24.934,-58.234 -24.982,-58.394 -24.734,-58.85 -24.009,-59.984 -23.959,-60.575 -23.834,-60.917 -23.567,-61.15 -23.0,-62.0 -22.5,-62.334 -22.25,-62.667
SKCL|4.781,-76.225 4.781,-75.497 3.869,-75.497 3.869,-75.064 3.203,-75.734 2.591,-75.734 2.488,-75.881 2.392,-76.114 0.383,-77.367 0.783,-77.75 0.8,-77.967 1.283,-78.684 1.417,-78.8 1.417,-82.917 4.533,-82.917 4.5,-80.0 6.266,-79.051 6.467,-78.783 6.733,-78.301 7.25,-77.883 6.104,-77.53 4.781,-76.225
SKEC|15.0,-77.417 15.0,-74.0 14.333,-74.001 12.5,-71.417 12.0,-71.0 11.65,-71.967 11.183,-72.25 11.166,-72.45 10.466,-72.9 9.85,-73.017 9.133,-73.417 9.216,-73.017 9.083,-72.95 9.083,-72.784 8.639,-72.659 7.633,-74.867 8.583,-77.417 15.0,-77.417
SKED|15.0,-77.417 15.0,-74.001 14.333,-74.001 12.5,-71.417 12.0,-71.0 11.65,-71.967 11.183,-72.25 11.166,-72.45 10.466,-72.9 9.85,-73.017 9.133,-73.417 9.216,-73.017 9.083,-72.95 9.083,-72.784 8.639,-72.659 8.375,-72.367 8.066,-72.384 7.966,-72.45 7.416,-72.467 7.35,-72.234 6.966,-72.0 7.033,-71.75 7.0,-71.167 6.95,-71.034 7.083,-70.667 6.916,-70.25 6.966,-70.1 6.1,-69.45 6.066,-69.234 6.2,-69.05 6.116,-68.667 6.2,-67.967 6.266,-67.834 6.2,-67.534 6.0,-67.467 5.816,-67.634 5.533,-67.684 5.333,-67.884 5.1,-67.817 4.55,-67.884 4.225,-67.8 3.85,-67.65 3.716,-67.475 3.383,-67.25 2.866,-67.817 2.833,-67.617 2.35,-67.142 1.183,-66.834 1.158,-67.092 1.733,-67.15 2.133,-67.417 1.683,-67.934 1.966,-68.2 1.716,-68.117 1.708,-69.834 1.116,-69.834 1.066,-69.15 0.616,-69.1 0.591,-69.3 0.666,-69.417 0.55,-70.017 -0.2,-70.0 -0.534,-69.55 -0.775,-69.534 -1.259,-69.317 -1.417,-69.4 -4.217,-69.934 -4.217,-69.984 -3.834,-70.334 -3.883,-70.533 -3.784,-70.734 -2.733,-70.058 -2.484,-70.634 -2.25,-70.9 -2.433,-71.35 -2.192,-71.767 -2.417,-72.042 -2.483,-72.4 -2.459,-72.992 -2.309,-73.175 -1.875,-73.217 -1.734,-73.509 -1.35,-73.634 -0.967,-74.3 -0.525,-74.483 -0.192,-74.735 -0.05,-75.167 0.1,-75.834 0.325,-76.067 0.375,-76.367 0.217,-76.383 0.233,-76.9 0.383,-77.367 0.783,-77.75 0.8,-77.967 1.283,-78.684 1.417,-78.8 1.417,-82.917 4.533,-82.917 4.5,-80.0 6.266,-79.051 6.467,-78.783 6.733,-78.301 7.25,-77.883 7.466,-77.801 7.508,-77.717 7.633,-77.767 7.733,-77.726 7.516,-77.576 7.716,-77.417 7.75,-77.308 7.866,-77.351 7.916,-77.317 7.925,-77.176 7.975,-77.176 8.041,-77.234 8.208,-77.258 8.225,-77.301 8.325,-77.342 8.375,-77.333 8.516,-77.442 8.583,-77.417 15.0,-77.417
SKMD|7.987,-75.816 7.632,-74.861 7.879,-74.318 7.021,-74.436 6.001,-74.711 6.001,-74.978 5.596,-75.172 5.156,-75.188 5.136,-75.492 4.781,-75.497 4.781,-76.225 6.104,-77.53 7.25,-77.883 7.466,-77.801 7.508,-77.717 7.633,-77.767 7.733,-77.726 7.516,-77.576 7.716,-77.417 7.75,-77.308 7.866,-77.351 7.916,-77.317 7.925,-77.176 7.975,-77.176 8.041,-77.234 8.208,-77.258 8.225,-77.301 8.325,-77.342 8.375,-77.333 8.467,-77.392 8.475,-77.433 8.583,-77.417 7.987,-75.816
SLLF|-10.95,-69.55 -10.933,-69.4 -11.0,-68.717 -11.098,-68.569 -10.933,-68.267 -10.692,-68.05 -10.485,-67.503 -10.245,-67.025 -9.828,-66.459 -9.708,-65.733 -9.792,-65.583 -9.608,-65.417 -9.817,-65.267 -10.242,-65.25 -10.583,-65.358 -10.967,-65.283 -11.383,-65.292 -11.883,-64.95 -12.25,-64.45 -12.4,-64.417 -12.333,-64.0 -12.4,-63.75 -12.65,-63.333 -12.625,-63.083 -12.917,-62.825 -13.125,-62.117 -13.5,-61.817 -13.45,-61.05 -13.842,-60.383 -14.0,-60.375 -14.183,-60.417 -14.567,-60.333 -15.133,-60.383 -15.133,-60.517 -15.458,-60.225 -16.25,-60.15 -16.334,-58.342 -16.881,-58.464 -17.339,-58.238 -17.467,-57.827 -17.833,-57.713 -18.234,-57.45 -18.35,-57.6 -18.9,-57.767 -18.9,-57.721 -19.05,-57.717 -19.038,-57.784 -19.6,-58.059 -19.984,-57.817 -20.167,-58.167 -19.817,-58.184 -19.367,-59.092 -19.359,-59.967 -19.634,-61.725 -20.075,-61.884 -20.575,-62.242 -21.1,-62.25 -22.25,-62.667 -21.983,-62.808 -21.975,-63.925 -22.792,-64.333 -22.208,-64.558 -22.067,-64.933 -22.042,-65.733 -21.717,-66.217 -22.092,-66.367 -22.2,-66.733 -22.75,-67.217 -22.917,-67.575 -22.867,-67.867 -22.3,-67.95 -21.633,-68.183 -21.317,-68.183 -20.967,-68.417 -20.933,-68.55 -20.65,-68.567 -20.433,-68.767 -20.067,-68.8 -19.933,-68.583 -19.717,-68.717 -19.433,-68.483 -18.967,-68.967 -18.3,-68.983 -18.083,-69.049 -17.55,-69.45 -17.375,-69.45 -17.225,-69.567 -17.1,-69.384 -16.8,-69.192 -16.667,-69.0 -16.45,-68.983 -16.333,-68.775 -16.184,-68.934 -16.207,-69.124 -16.0,-69.334 -15.617,-69.4 -15.233,-69.1 -15.084,-69.284 -14.817,-69.334 -14.75,-69.225 -14.6,-69.217 -14.583,-69.15 -14.383,-68.975 -14.267,-68.967 -14.233,-68.8 -13.684,-69.017 -13.567,-68.933 -12.867,-68.934 -12.717,-68.733 -12.5,-68.667 -12.034,-68.884 -10.95,-69.55
SMPM|8.917,-57.0 9.333,-54.0 5.5,-54.0 4.9,-54.45 4.6,-54.383 4.483,-54.433 4.133,-54.317 3.65,-53.967 3.433,-54.0 3.3,-54.058 3.183,-54.167 2.3,-54.517 2.333,-54.7 2.433,-54.75 2.417,-54.85 2.542,-54.983 2.467,-55.333 2.4,-55.35 2.392,-55.733 2.5,-55.917 2.275,-56.083 2.0,-55.867 1.8,-55.917 1.956,-56.489 3.933,-57.933 4.783,-57.9 5.033,-57.7 5.042,-57.317 5.983,-57.15 5.983,-57.0 8.917,-57.0
SOOO|9.333,-54.0 10.0,-48.0 13.5,-37.5 7.667,-35.0 5.0,-40.0 5.0,-48.0 4.417,-51.55 4.033,-51.658 3.967,-51.767 3.883,-51.783 3.133,-52.283 2.533,-52.533 2.375,-52.667 2.167,-52.933 2.217,-53.183 2.3,-53.267 2.25,-53.4 2.317,-53.467 2.267,-53.7 2.333,-53.767 2.133,-54.117 2.158,-54.35 2.267,-54.55 3.183,-54.167 3.3,-54.058 3.433,-54.0 3.65,-53.967 4.133,-54.317 4.483,-54.433 4.6,-54.383 4.9,-54.45 5.5,-54.0 9.333,-54.0
SPIM|-3.4,-90.0 -3.407,-80.32 -3.433,-80.233 -3.967,-80.15 -4.067,-80.467 -4.233,-80.333 -4.45,-80.383 -4.283,-80.133 -4.45,-79.8 -4.417,-79.533 -4.933,-79.283 -4.958,-79.017 -4.667,-78.867 -4.6,-78.717 -4.483,-78.633 -4.3,-78.65 -3.9,-78.5 -3.717,-78.383 -3.367,-78.333 -3.467,-78.2 -3.283,-78.2 -2.983,-77.833 -2.55,-76.617 -2.125,-76.05 -1.533,-75.583 -0.933,-75.367 -0.95,-75.267 -0.55,-75.283 -0.25,-75.633 -0.1,-75.617 -0.1,-75.35 -0.05,-75.167 -0.192,-74.735 -0.525,-74.483 -0.967,-74.3 -1.35,-73.634 -1.734,-73.509 -1.875,-73.217 -2.309,-73.175 -2.459,-72.992 -2.483,-72.4 -2.417,-72.042 -2.192,-71.767 -2.433,-71.35 -2.25,-70.9 -2.484,-70.634 -2.733,-70.058 -3.784,-70.734 -3.883,-70.533 -3.834,-70.334 -4.217,-69.984 -4.342,-70.017 -4.342,-70.2 -4.192,-70.383 -4.217,-70.783 -4.417,-70.95 -4.558,-71.9 -5.2,-72.85 -5.7,-72.967 -6.05,-73.158 -6.467,-73.108 -6.8,-73.642 -7.1,-73.783 -7.325,-73.65 -7.417,-73.883 -7.583,-73.933 -7.8,-73.667 -7.917,-73.667 -8.333,-73.5 -8.467,-73.333 -9.075,-72.883 -9.4,-73.183 -9.408,-72.55 -9.517,-72.25 -9.975,-72.1 -9.967,-71.317 -9.367,-70.467 -10.217,-70.583 -10.967,-70.6 -10.9,-70.525 -11.05,-70.333 -10.9,-69.883 -10.95,-69.55 -12.034,-68.884 -12.5,-68.667 -12.717,-68.733 -12.867,-68.934 -13.567,-68.933 -13.684,-69.017 -14.233,-68.8 -14.267,-68.967 -14.383,-68.975 -14.583,-69.15 -14.6,-69.217 -14.75,-69.225 -14.817,-69.334 -15.084,-69.284 -15.233,-69.1 -15.617,-69.4 -16.0,-69.334 -16.207,-69.124 -16.184,-68.934 -16.333,-68.775 -16.45,-68.983 -16.667,-69.0 -16.8,-69.192 -17.1,-69.384 -17.225,-69.567 -17.375,-69.45 -17.5,-69.45 -17.658,-69.667 -17.642,-69.792 -17.742,-69.817 -17.983,-69.75 -18.117,-69.817 -18.267,-69.967 -18.267,-70.05 -18.317,-70.15 -18.317,-70.35 -18.35,-70.367 -18.35,-90.0 -3.4,-90.0
SUEO|-30.25,-57.617 -30.3,-57.55 -30.3,-57.25 -30.133,-57.0 -30.117,-56.85 -30.85,-56.033 -31.083,-56.033 -31.133,-55.917 -30.933,-55.567 -31.267,-55.25 -31.483,-54.567 -31.667,-54.483 -32.0,-53.967 -32.45,-53.583 -32.733,-53.167 -33.117,-53.517 -33.7,-53.55 -33.75,-53.367 -34.0,-53.0 -34.0,-51.556 -36.758,-53.196 -36.0,-54.833 -34.883,-57.1 -34.583,-57.833 -34.0,-58.4 -33.833,-58.517 -33.033,-58.4 -31.383,-57.983 -30.25,-57.617
SUEO|-34.0,-51.556 -34.0,-10.0 -39.0,-10.0 -39.0,-44.5 -40.0,-45.0 -36.758,-53.196 -34.0,-51.556
SVZM|11.866,-71.334 12.0,-71.0 12.5,-71.417 12.5,-70.5 11.4,-67.967 15.683,-67.067 15.0,-65.0 11.0,-62.5 10.733,-61.783 10.085,-62.058 9.99,-61.928 9.99,-61.466 8.917,-59.95 8.917,-60.25 8.55,-60.0 8.3,-59.783 8.066,-60.0 7.833,-60.367 7.833,-60.5 7.5,-60.65 7.333,-60.55 7.216,-60.584 7.225,-60.367 7.125,-60.25 6.966,-60.35 6.766,-60.717 6.817,-60.85 6.733,-60.933 6.733,-61.134 6.6,-61.167 6.4,-61.1 6.2,-61.1 5.958,-61.384 5.2,-60.733 5.183,-60.667 4.966,-60.55 4.525,-60.967 4.4,-61.5 4.283,-61.5 4.116,-61.934 4.0,-62.75 3.675,-62.717 3.683,-63.0 3.766,-63.134 3.9,-63.2 3.916,-63.584 4.05,-63.992 4.2,-64.2 4.216,-64.617 4.0,-64.484 3.916,-64.167 3.6,-64.067 3.35,-64.117 3.183,-64.284 2.708,-64.2 2.533,-64.217 2.35,-63.85 2.466,-63.334 2.15,-63.367 1.966,-63.817 2.016,-64.034 1.633,-64.067 1.383,-64.35 1.45,-64.45 1.233,-64.767 1.208,-64.917 0.883,-65.267 0.766,-65.784 0.742,-66.333 1.183,-66.834 2.35,-67.142 2.833,-67.617 2.866,-67.817 3.383,-67.25 3.716,-67.475 3.85,-67.65 4.225,-67.8 4.55,-67.884 5.1,-67.817 5.333,-67.884 5.533,-67.684 5.816,-67.634 6.0,-67.467 6.2,-67.534 6.266,-67.834 6.2,-67.967 6.116,-68.667 6.2,-69.05 6.066,-69.234 6.1,-69.45 6.966,-70.1 6.916,-70.25 7.083,-70.667 6.95,-71.034 7.0,-71.167 7.033,-71.75 6.966,-72.0 7.35,-72.234 7.416,-72.467 7.966,-72.45 8.066,-72.384 8.375,-72.367 8.639,-72.659 9.083,-72.784 9.083,-72.95 9.216,-73.017 9.133,-73.417 9.85,-73.017 10.466,-72.9 11.166,-72.45 11.183,-72.25 11.65,-71.967 11.866,-71.334
SYGC|8.55,-60.0 8.917,-60.25 8.917,-57.0 5.983,-57.0 5.983,-57.15 5.042,-57.317 5.033,-57.7 4.783,-57.9 3.933,-57.933 1.956,-56.489 1.85,-56.8 1.917,-57.05 2.0,-57.1 1.933,-57.25 1.967,-57.3 1.667,-57.55 1.633,-57.95 1.5,-58.0 1.5,-58.15 1.55,-58.317 1.45,-58.383 1.45,-58.467 1.25,-58.45 1.25,-58.65 1.15,-58.817 1.3,-59.0 1.367,-59.25 1.767,-59.683 1.833,-59.667 1.833,-59.767 2.233,-59.75 2.5,-59.917 2.833,-60.033 3.383,-59.85 3.6,-59.883 3.833,-59.6 3.933,-59.567 4.233,-59.75 4.383,-59.717 4.533,-60.183 4.75,-60.067 5.067,-60.0 5.233,-60.2 5.167,-60.433 5.2,-60.733 5.958,-61.384 6.2,-61.1 6.4,-61.1 6.6,-61.167 6.733,-61.134 6.733,-60.933 6.817,-60.85 6.766,-60.717 6.966,-60.35 7.125,-60.25 7.225,-60.367 7.216,-60.584 7.333,-60.55 7.5,-60.65 7.833,-60.5 7.833,-60.367 8.066,-60.0 8.3,-59.783 8.55,-60.0
TEH-1|38.816,44.283 38.899,44.2 39.116,44.133 39.132,44.2 39.199,44.1 39.416,44.017 39.416,44.383 39.682,44.45 39.783,44.7 39.217,45.167 39.167,45.333 38.983,45.467 38.9,45.867 38.9,46.05 38.85,46.15 38.917,46.333 38.883,46.55 39.483,47.383 39.717,48.0 39.367,48.4 39.283,48.167 39.0,48.4 38.883,48.033 38.733,48.25 38.617,48.317 38.633,48.45 38.417,48.633 38.442,48.875 37.7,52.399 37.187,52.339 36.663,51.464 36.276,51.602 35.792,51.498 35.697,51.284 35.679,50.355 35.596,49.884 35.782,48.673 36.399,47.444 35.799,46.333 35.782,46.15 35.832,46.117 35.799,45.75 35.982,45.567 35.966,45.35 36.416,45.217 36.399,45.117 36.532,44.983 36.716,45.033 36.782,44.833 36.832,44.833 36.882,44.883 36.999,44.883 37.049,44.783 37.199,44.75 37.299,44.8 37.449,44.583 37.749,44.567 37.766,44.45 37.899,44.217 38.349,44.467 38.366,44.3 38.632,44.3 38.649,44.25 38.816,44.283
TEH-1E|38.442,48.875 37.7,52.399 37.187,52.339 36.663,51.464 36.276,51.602 35.792,51.498 35.697,51.284 35.679,50.355 35.596,49.884 35.782,48.673 36.399,47.444 37.208,46.858 37.512,48.055 38.442,48.875
TEH-1N|38.632,44.3 38.649,44.25 38.816,44.283 38.899,44.2 39.116,44.133 39.132,44.2 39.199,44.1 39.416,44.017 39.416,44.383 39.682,44.45 39.783,44.7 39.217,45.167 39.167,45.333 38.983,45.467 38.9,45.867 38.9,46.05 38.85,46.15 38.917,46.333 38.883,46.55 39.483,47.383 39.717,48.0 39.367,48.4 39.283,48.167 39.0,48.4 38.883,48.033 38.733,48.25 38.617,48.317 38.633,48.45 38.417,48.633 38.442,48.875 37.512,48.055 37.208,46.858 37.533,46.417 37.625,45.922 38.033,45.083 38.517,44.542 38.632,44.3
TEH-1W|38.632,44.3 38.517,44.542 38.033,45.083 37.811,45.497 37.625,45.922 37.533,46.417 37.208,46.858 36.399,47.444 35.799,46.333 35.782,46.15 35.832,46.117 35.799,45.75 35.982,45.567 35.966,45.35 36.416,45.217 36.399,45.117 36.532,44.983 36.716,45.033 36.782,44.833 36.832,44.833 36.882,44.883 36.999,44.883 37.049,44.783 37.199,44.75 37.299,44.8 37.449,44.583 37.749,44.567 37.766,44.45 37.899,44.217 38.349,44.467 38.366,44.3 38.632,44.3
TEH-2|35.596,49.884 35.679,50.355 35.697,51.284 35.333,51.472 33.791,52.951 33.347,53.265 32.811,53.015 32.544,52.988 32.374,52.929 32.067,52.883 32.747,51.828 32.917,51.467 32.862,51.279 33.459,50.115 33.201,49.569 33.706,49.442 33.434,48.292 32.482,47.3 32.432,47.167 32.899,46.45 32.966,46.083 33.066,46.117 33.082,46.033 33.132,46.033 33.166,46.167 33.466,45.967 33.499,45.833 33.549,45.933 33.616,45.883 33.582,45.767 33.966,45.383 34.199,45.55 34.316,45.55 34.316,45.483 34.449,45.433 34.616,45.517 34.566,45.717 34.749,45.65 34.916,45.767 34.916,45.85 34.999,45.85 35.099,45.917 35.099,46.15 35.516,45.967 35.682,45.967 35.799,46.333 36.399,47.444 35.782,48.673 35.596,49.884
TEH-2E|35.782,48.673 35.596,49.884 35.679,50.355 35.697,51.284 35.333,51.472 33.791,52.951 33.347,53.265 32.811,53.015 32.544,52.988 32.374,52.929 32.067,52.883 32.747,51.828 32.917,51.467 32.862,51.279 33.459,50.115 33.201,49.569 33.706,49.442 35.782,48.673
TEH-2W|35.799,46.333 36.399,47.444 35.782,48.673 33.706,49.442 33.434,48.292 32.482,47.3 32.432,47.167 32.899,46.45 32.966,46.083 33.066,46.117 33.082,46.033 33.132,46.033 33.166,46.167 33.466,45.967 33.499,45.833 33.549,45.933 33.616,45.883 33.582,45.767 33.966,45.383 34.199,45.55 34.316,45.55 34.316,45.483 34.449,45.433 34.616,45.517 34.566,45.717 34.749,45.65 34.916,45.767 34.916,45.85 34.999,45.85 35.099,45.917 35.099,46.15 35.516,45.967 35.682,45.967 35.799,46.333
TEH-3|33.434,48.292 33.706,49.442 33.201,49.569 33.459,50.115 32.862,51.279 32.917,51.467 32.747,51.828 31.654,53.521 31.365,52.865 29.54,52.589 28.75,51.833 28.051,50.18 29.003,49.451 29.22,49.667 29.853,48.75 29.95,48.567 29.95,48.467 30.2,48.333 30.467,48.017 30.982,48.017 30.982,47.683 31.382,47.683 31.782,47.85 32.149,47.5 32.216,47.55 32.349,47.417 32.382,47.433 32.482,47.3 33.434,48.292
TEH-3N|32.482,47.3 33.434,48.292 33.706,49.442 33.201,49.569 33.459,50.115 32.862,51.279 32.917,51.467 32.747,51.828 31.654,53.521 31.365,52.865 31.373,51.878 31.155,50.416 31.183,50.002 30.745,49.68 30.556,49.149 30.671,48.667 30.327,48.183 30.467,48.017 30.982,48.017 30.982,47.683 31.382,47.683 31.782,47.85 32.149,47.5 32.216,47.55 32.349,47.417 32.382,47.433 32.482,47.3
TEH-3S|30.327,48.183 30.671,48.667 30.556,49.149 30.745,49.68 31.183,50.002 31.155,50.416 31.373,51.878 31.365,52.865 29.54,52.589 28.75,51.833 28.051,50.18 29.003,49.451 29.22,49.667 29.853,48.75 29.95,48.567 29.95,48.467 30.2,48.333 30.327,48.183
TEH-4|26.744,51.733 26.917,51.167 27.083,50.917 28.051,50.18 28.75,51.833 29.54,52.589 31.365,52.865 31.654,53.521 30.933,53.578 30.874,54.446 29.894,54.54 29.35,54.557 28.974,55.368 27.737,55.42 25.877,55.594 25.633,55.333 26.744,51.733
TEH-4E|26.683,53.34 26.857,53.278 27.362,52.602 28.396,52.311 28.75,51.833 29.54,52.589 31.365,52.865 31.654,53.521 30.933,53.578 30.874,54.446 29.894,54.54 29.35,54.557 28.974,55.368 27.737,55.42 26.724,55.51 26.662,54.845 26.683,53.34
TEH-4S|26.857,53.278 26.683,53.34 26.662,54.845 26.724,55.51 25.877,55.594 25.633,55.333 26.439,52.733 26.857,53.278
TEH-4W|28.051,50.18 28.75,51.833 28.396,52.311 27.362,52.602 26.857,53.278 26.439,52.733 26.917,51.167 27.083,50.917 28.051,50.18
TEH-5|25.181,61.613 24.661,61.435 25.0,57.5 25.583,56.75 26.167,56.75 26.683,56.45 25.877,55.594 27.737,55.42 28.974,55.368 29.35,54.557 29.894,54.54 30.874,54.446 30.761,54.962 30.303,56.056 30.285,56.944 28.833,57.25 28.275,58.434 26.833,60.859 26.713,60.633 26.234,61.977 26.158,61.79 25.181,61.613
TEH-5E|26.158,61.79 25.181,61.613 24.661,61.435 25.0,57.5 25.583,56.75 26.25,57.1 26.89,58.061 28.275,58.434 26.833,60.859 26.713,60.633 26.234,61.977 26.158,61.79
TEH-5W|25.877,55.594 27.737,55.42 28.974,55.368 29.35,54.557 29.894,54.54 30.874,54.446 30.761,54.962 30.303,56.056 30.285,56.944 28.833,57.25 28.275,58.434 26.89,58.061 26.25,57.1 25.583,56.75 26.167,56.75 26.683,56.45 25.877,55.594
TEH-6|26.713,60.633 26.833,60.859 28.275,58.434 28.833,57.25 30.285,56.944 30.303,56.056 30.761,54.962 30.874,54.446 30.933,53.578 31.654,53.521 32.067,52.883 32.374,52.929 32.544,52.988 32.811,53.015 33.347,53.265 33.56,53.447 33.629,53.613 33.525,53.878 33.673,56.892 33.5,58.193 32.972,59.2 33.151,60.566 32.201,60.85 32.034,60.8 31.484,60.833 31.368,61.716 30.984,61.816 30.918,61.766 30.834,61.8 29.863,60.864 29.262,61.403 28.556,61.848 28.243,62.746 27.212,62.838 27.221,63.305 26.628,63.206 26.586,62.422 26.279,62.088 26.234,61.977 26.713,60.633
TEH-6E|26.234,61.977 26.713,60.633 26.833,60.859 28.275,58.434 28.833,57.25 30.285,56.944 31.636,58.434 31.819,58.565 31.574,58.963 31.72,59.211 31.644,59.635 31.39,59.989 31.564,60.171 31.368,61.716 30.984,61.816 30.918,61.766 30.834,61.8 29.863,60.864 29.262,61.403 28.556,61.848 28.243,62.746 27.212,62.838 27.221,63.305 26.628,63.206 26.586,62.422 26.279,62.088 26.234,61.977
TEH-6W|31.484,60.833 31.564,60.171 31.39,59.989 31.644,59.635 31.72,59.211 31.574,58.963 31.819,58.565 31.636,58.434 30.285,56.944 30.303,56.056 30.761,54.962 30.874,54.446 30.933,53.578 31.654,53.521 32.067,52.883 32.374,52.929 32.544,52.988 32.811,53.015 33.347,53.265 33.56,53.447 33.629,53.613 33.525,53.878 33.673,56.892 33.5,58.193 32.972,59.2 33.151,60.566 32.201,60.85 32.034,60.8 31.484,60.833
TEH-7|37.333,54.233 37.533,54.75 37.733,54.8 37.933,55.083 38.083,55.5 38.104,55.686 38.061,56.337 38.181,56.338 38.235,56.411 38.256,56.751 38.168,57.051 38.283,57.217 38.067,57.383 37.979,57.358 37.917,57.483 37.917,57.7 37.767,58.2 37.675,58.247 37.617,58.433 37.7,58.575 37.633,58.683 37.65,58.783 37.7,58.817 37.514,59.203 37.506,59.332 37.127,59.532 37.123,59.711 37.003,60.055 36.632,60.35 36.661,61.144 36.566,61.192 36.377,61.162 36.131,61.242 35.967,61.132 35.887,61.254 35.717,61.25 35.688,61.211 35.6,61.267 35.301,61.15 35.284,61.083 34.994,61.083 34.651,60.966 34.534,60.716 34.318,60.9 34.318,60.683 34.101,60.466 33.734,60.533 33.518,60.666 33.518,60.883 33.151,60.566 32.972,59.2 33.5,58.193 33.673,56.892 33.525,53.878 33.629,53.613 33.56,53.447 33.347,53.265 33.791,52.951 35.333,51.472 35.697,51.284 35.792,51.498 36.276,51.602 36.663,51.464 37.187,52.339 37.7,52.399 37.35,53.917 37.333,54.233
TEH-E|25.583,56.75 26.167,56.75 26.683,56.45 25.877,55.594 27.737,55.42 28.974,55.368 29.35,54.557 29.894,54.54 30.874,54.446 30.933,53.578 31.654,53.521 32.067,52.883 32.374,52.929 32.544,52.988 32.811,53.015 33.347,53.265 33.791,52.951 35.333,51.472 35.697,51.284 35.792,51.498 36.276,51.602 36.663,51.464 37.187,52.339 37.7,52.399 37.35,53.917 37.333,54.233 37.533,54.75 37.733,54.8 37.933,55.083 38.083,55.5 38.104,55.686 38.061,56.337 38.181,56.338 38.235,56.411 38.256,56.751 38.168,57.051 38.283,57.217 38.067,57.383 37.979,57.358 37.917,57.483 37.917,57.7 37.767,58.2 37.675,58.247 37.617,58.433 37.7,58.575 37.633,58.683 37.65,58.783 37.7,58.817 37.514,59.203 37.506,59.332 37.127,59.532 37.123,59.711 37.003,60.055 36.632,60.35 36.661,61.144 36.566,61.192 36.377,61.162 36.131,61.242 35.967,61.132 35.887,61.254 35.717,61.25 35.688,61.211 35.6,61.267 35.301,61.15 35.284,61.083 34.994,61.083 34.651,60.966 34.534,60.716 34.318,60.9 34.318,60.683 34.101,60.466 33.734,60.533 33.518,60.666 33.518,60.883 33.151,60.566 32.201,60.85 32.034,60.8 31.484,60.833 31.368,61.716 30.984,61.816 30.918,61.766 30.834,61.8 29.863,60.864 29.262,61.403 28.556,61.848 28.243,62.746 27.212,62.838 27.221,63.305 26.628,63.206 26.586,62.422 26.279,62.088 26.158,61.79 25.181,61.613 24.661,61.435 25.0,57.5 25.583,56.75
TEH-N|39.416,44.017 39.416,44.383 39.682,44.45 39.783,44.7 39.217,45.167 39.167,45.333 38.983,45.467 38.9,45.867 38.9,46.05 38.85,46.15 38.917,46.333 38.883,46.55 39.483,47.383 39.717,48.0 39.367,48.4 39.283,48.167 39.0,48.4 38.883,48.033 38.733,48.25 38.617,48.317 38.633,48.45 38.417,48.633 38.442,48.875 37.9,51.5 37.35,53.917 37.333,54.233 37.533,54.75 37.733,54.8 37.933,55.083 38.083,55.5 38.104,55.686 38.061,56.337 38.181,56.338 38.235,56.411 38.256,56.751 38.168,57.051 38.283,57.217 38.067,57.383 37.979,57.358 37.917,57.483 37.917,57.7 37.767,58.2 37.675,58.247 37.617,58.433 37.7,58.575 37.633,58.683 37.65,58.783 37.7,58.817 37.514,59.203 37.506,59.332 37.127,59.532 37.123,59.711 37.003,60.055 36.632,60.35 36.661,61.144 36.566,61.192 36.377,61.162 36.131,61.242 35.967,61.132 35.887,61.254 35.717,61.25 35.688,61.211 35.6,61.267 35.301,61.15 35.284,61.083 34.994,61.083 34.651,60.966 34.534,60.716 34.318,60.9 34.318,60.683 34.101,60.466 33.734,60.533 33.518,60.666 33.518,60.883 33.151,60.566 32.201,60.85 32.034,60.8 31.484,60.833 31.564,60.171 31.39,59.989 31.644,59.635 31.72,59.211 31.574,58.963 31.819,58.565 31.636,58.434 30.285,56.944 30.303,56.056 30.761,54.962 30.874,54.446 30.933,53.578 31.654,53.521 31.365,52.865 31.373,51.878 31.155,50.416 31.183,50.002 30.745,49.68 30.556,49.149 30.671,48.667 30.327,48.183 30.467,48.017 30.982,48.017 30.982,47.683 31.382,47.683 31.782,47.85 32.149,47.5 32.216,47.55 32.349,47.417 32.382,47.433 32.482,47.3 32.432,47.167 32.899,46.45 32.966,46.083 33.066,46.117 33.082,46.033 33.132,46.033 33.166,46.167 33.466,45.967 33.499,45.833 33.549,45.933 33.616,45.883 33.582,45.767 33.966,45.383 34.199,45.55 34.316,45.55 34.316,45.483 34.449,45.433 34.616,45.517 34.566,45.717 34.749,45.65 34.916,45.767 34.916,45.85 34.999,45.85 35.099,45.917 35.099,46.15 35.516,45.967 35.682,45.967 35.799,46.333 35.782,46.15 35.832,46.117 35.799,45.75 35.982,45.567 35.966,45.35 36.416,45.217 36.399,45.117 36.532,44.983 36.716,45.033 36.782,44.833 36.832,44.833 36.882,44.883 36.999,44.883 37.049,44.783 37.199,44.75 37.299,44.8 37.449,44.583 37.749,44.567 37.766,44.45 37.899,44.217 38.349,44.467 38.366,44.3 38.632,44.3 38.649,44.25 38.816,44.283 38.899,44.2 39.116,44.133 39.132,44.2 39.199,44.1 39.416,44.017
TEH-S|31.183,50.002 31.155,50.416 31.373,51.878 31.365,52.865 31.654,53.521 30.933,53.578 30.874,54.446 30.761,54.962 30.303,56.056 30.285,56.944 31.636,58.434 31.819,58.565 31.574,58.963 31.72,59.211 31.644,59.635 31.39,59.989 31.564,60.171 31.368,61.716 30.984,61.816 30.918,61.766 30.834,61.8 29.863,60.864 29.262,61.403 28.556,61.848 28.243,62.746 27.212,62.838 27.221,63.305 26.628,63.206 26.586,62.422 26.279,62.088 26.158,61.79 25.181,61.613 24.661,61.435 25.0,57.5 25.583,56.75 26.167,56.75 26.683,56.45 25.633,55.333 26.917,51.167 27.083,50.917 29.003,49.451 29.22,49.667 29.853,48.75 29.95,48.567 29.95,48.467 30.2,48.333 30.327,48.183 30.671,48.667 30.556,49.149 30.745,49.68 31.183,50.002
TEH-W|39.682,44.45 39.783,44.7 39.217,45.167 39.167,45.333 38.983,45.467 38.9,45.867 38.9,46.05 38.85,46.15 38.917,46.333 38.883,46.55 39.483,47.383 39.717,48.0 39.367,48.4 39.283,48.167 39.0,48.4 38.883,48.033 38.733,48.25 38.617,48.317 38.633,48.45 38.417,48.633 38.442,48.875 37.7,52.399 37.187,52.339 36.663,51.464 36.276,51.602 35.792,51.498 35.697,51.284 35.333,51.472 33.791,52.951 33.347,53.265 32.811,53.015 32.544,52.988 32.374,52.929 32.067,52.883 31.654,53.521 30.933,53.578 30.874,54.446 29.894,54.54 29.35,54.557 28.974,55.368 27.737,55.42 25.877,55.594 25.633,55.333 26.917,51.167 27.083,50.917 29.003,49.451 29.22,49.667 29.853,48.75 29.95,48.567 29.95,48.467 30.2,48.333 30.467,48.017 30.982,48.017 30.982,47.683 31.382,47.683 31.782,47.85 32.149,47.5 32.216,47.55 32.349,47.417 32.382,47.433 32.482,47.3 32.432,47.167 32.899,46.45 32.966,46.083 33.066,46.117 33.082,46.033 33.132,46.033 33.166,46.167 33.466,45.967 33.499,45.833 33.549,45.933 33.616,45.883 33.582,45.767 33.966,45.383 34.199,45.55 34.316,45.55 34.316,45.483 34.449,45.433 34.616,45.517 34.566,45.717 34.749,45.65 34.916,45.767 34.916,45.85 34.999,45.85 35.099,45.917 35.099,46.15 35.516,45.967 35.682,45.967 35.799,46.333 35.782,46.15 35.832,46.117 35.799,45.75 35.982,45.567 35.966,45.35 36.416,45.217 36.399,45.117 36.532,44.983 36.716,45.033 36.782,44.833 36.832,44.833 36.882,44.883 36.999,44.883 37.049,44.783 37.199,44.75 37.299,44.8 37.449,44.583 37.749,44.567 37.766,44.45 37.899,44.217 38.349,44.467 38.366,44.3 38.632,44.3 38.649,44.25 38.816,44.283 38.899,44.2 39.116,44.133 39.132,44.2 39.199,44.1 39.416,44.017 39.416,44.383 39.682,44.45
TJZS|19.65,-69.15 21.239,-67.651 22.0,-66.745 22.097,-65.135 22.0,-64.0 20.0,-61.9 18.0,-61.5 18.0,-62.0 17.367,-63.0 15.333,-63.0 15.0,-63.25 15.0,-65.0 16.0,-68.0 19.0,-68.0 19.65,-69.15
TNCF|12.5,-70.5 12.5,-71.417 14.333,-74.001 16.0,-74.0 17.0,-73.0 17.0,-71.667 16.0,-71.667 16.0,-68.0 15.683,-67.067 11.4,-67.967 12.5,-70.5
TTZO|22.3,-40.0 16.999,-37.5 13.5,-37.5 10.0,-48.0 9.333,-54.0 8.917,-57.0 18.0,-57.0 18.0,-45.0 22.3,-40.0
TTZP|15.0,-65.0 15.0,-63.25 15.333,-63.0 17.367,-63.0 18.0,-62.0 18.0,-57.0 8.917,-57.0 8.917,-59.95 9.99,-61.466 9.99,-61.928 10.085,-62.058 10.733,-61.783 11.0,-62.5 15.0,-65.0
UAAA|48.0,71.817 45.078,71.918 44.251,74.907 43.746,74.181 43.23,74.326 42.833,75.3 42.8,75.667 42.933,76.0 42.867,76.333 42.967,77.0 42.833,78.0 42.833,78.417 42.75,78.583 42.667,79.0 42.75,79.167 42.667,79.133 42.417,79.417 42.283,80.283 42.767,80.233 42.867,80.583 43.033,80.383 43.1,80.55 43.1,80.783 43.15,80.85 43.433,80.75 44.15,80.35 44.733,80.5 44.817,80.2 44.806,80.021 44.883,79.833 45.05,80.4 45.15,81.0 45.283,81.35 45.35,81.7 45.2,81.767 45.183,81.933 45.233,82.233 45.117,82.517 45.367,82.65 45.483,82.567 45.5,82.333 45.583,82.283 45.983,82.5 46.167,82.517 46.5,82.783 47.217,83.033 47.217,83.2 47.117,83.417 46.983,84.0 47.0,84.7 46.85,84.9 47.05,85.217 47.05,85.533 47.2,85.583 47.217,85.7 47.383,85.717 47.533,85.617 47.967,85.55 48.167,85.617 48.383,85.75 48.45,86.0 48.45,86.25 48.55,86.583 48.833,86.817 48.9,86.733 49.0,86.733 49.117,86.867 49.115,87.288 49.2,87.267 49.25,87.167 49.267,87.033 49.35,86.9 49.417,86.9 49.45,86.8 49.533,86.783 49.567,86.617 49.633,86.617 49.7,86.767 49.8,86.8 49.8,86.617 49.583,86.233 49.467,86.167 49.517,86.1 49.483,85.967 49.5,85.933 49.55,85.933 49.633,85.2 49.867,85.1 49.883,84.983 50.0,84.983 50.0,85.033 50.1,84.917 50.25,84.467 50.217,84.333 50.3,84.233 50.783,83.95 50.883,83.8 50.983,83.417 51.017,83.433 51.017,83.1 50.9,82.983 50.917,82.733 50.817,82.7 50.75,82.55 50.767,82.25 50.733,82.15 50.8,82.017 50.8,81.783 50.767,81.767 50.75,81.45 50.867,81.45 50.983,81.4 50.95,81.067 51.183,81.15 51.217,81.117 51.167,81.067 51.217,80.917 51.25,80.917 51.3,80.667 51.217,80.617 51.217,80.433 51.133,80.433 51.1,80.483 50.967,80.45 50.9,80.183 50.833,80.183 50.85,80.067 50.75,80.067 51.028,79.854 50.69,78.174 49.8,76.183 48.833,76.183 48.133,74.283 48.0,71.817
UAAA-A1A|44.251,74.907 43.985,75.794 43.972,76.336 44.149,78.409 44.806,80.021 44.883,79.833 44.933,79.95 45.05,80.4 45.15,81.0 45.283,81.35 45.35,81.7 45.2,81.767 45.183,81.933 45.233,82.233 45.117,82.517 45.367,82.65 45.483,82.567 45.5,82.333 45.535,82.28 46.333,81.333 46.302,78.667 46.899,77.288 44.472,74.143 44.251,74.907
UAAA-A3A|48.833,76.183 48.133,74.283 48.0,71.817 45.078,71.918 44.472,74.143 46.899,77.288 48.833,76.183
UAAA-A4A|44.251,74.907 43.746,74.181 43.23,74.326 42.833,75.3 42.8,75.667 42.933,76.0 42.867,76.333 42.967,77.0 42.833,78.0 42.833,78.417 42.75,78.583 42.667,79.0 42.75,79.167 42.667,79.133 42.417,79.417 42.283,80.283 42.767,80.233 42.867,80.583 43.033,80.383 43.1,80.55 43.1,80.783 43.15,80.85 43.433,80.75 44.15,80.35 44.733,80.5 44.817,80.2 44.806,80.021 44.149,78.409 43.972,76.336 43.985,75.794 44.251,74.907
UAAA-A5A|45.5,82.333 45.583,82.283 45.983,82.5 46.167,82.517 46.5,82.783 47.217,83.033 47.217,83.2 47.117,83.417 46.983,84.0 47.0,84.7 46.85,84.9 47.05,85.217 47.05,85.533 47.2,85.583 47.217,85.7 47.383,85.717 47.533,85.617 47.967,85.55 48.167,85.617 48.383,85.75 48.45,86.0 48.45,86.25 48.55,86.583 48.833,86.817 48.9,86.733 49.0,86.733 49.117,86.867 49.115,87.288 49.2,87.267 49.25,87.167 49.267,87.033 49.35,86.9 49.417,86.9 49.45,86.8 49.533,86.783 49.567,86.617 49.633,86.617 49.7,86.767 49.8,86.8 49.8,86.617 49.583,86.233 49.467,86.167 49.517,86.1 49.483,85.967 49.5,85.933 49.55,85.933 49.633,85.2 49.867,85.1 49.883,84.983 50.0,84.983 50.0,85.033 50.1,84.917 50.25,84.467 50.217,84.333 50.3,84.233 50.783,83.95 50.883,83.8 50.983,83.417 51.017,83.433 51.017,83.1 50.9,82.983 50.917,82.733 50.817,82.7 50.75,82.55 50.767,82.25 50.733,82.15 50.8,82.017 50.8,81.783 50.767,81.767 50.75,81.45 50.867,81.45 50.983,81.4 50.95,81.067 51.183,81.15 51.217,81.117 51.167,81.067 51.217,80.917 51.25,80.917 51.3,80.667 51.217,80.617 51.217,80.433 51.133,80.433 51.1,80.483 50.967,80.45 50.9,80.183 50.833,80.183 50.85,80.067 50.75,80.067 51.028,79.854 50.69,78.174 49.8,76.183 48.833,76.183 46.899,77.288 46.302,78.667 46.333,81.333 45.5,82.333
UACN|50.967,61.5 50.392,62.415 48.627,62.682 47.193,64.539 45.418,69.407 45.078,71.918 48.0,71.817 48.133,74.283 48.833,76.183 49.8,76.183 50.69,78.174 51.028,79.854 52.067,79.05 53.3,77.883 54.0,76.541 54.167,76.417 54.133,76.667 54.233,76.833 54.367,76.85 54.383,76.783 54.433,76.933 54.467,76.933 54.35,76.6 54.35,76.233 54.3,76.2 54.083,75.4 54.0,75.483 53.817,75.05 53.817,74.8 53.667,74.633 53.683,74.467 53.583,74.467 53.467,74.4 53.483,74.283 53.6,74.233 53.55,74.05 53.633,74.067 53.633,73.667 53.533,73.583 53.45,73.45 53.467,73.367 53.533,73.4 53.567,73.25 53.683,73.283 53.883,73.467 53.85,73.683 54.05,73.75 54.067,73.633 54.0,73.5 53.95,73.517 53.983,73.433 53.95,73.417 53.95,73.283 53.983,73.1 54.1,72.933 54.117,72.567 54.05,72.517 54.05,72.65 53.95,72.717 53.983,72.55 53.917,72.483 53.95,72.367 54.05,72.417 54.1,72.35 54.117,72.5 54.183,72.317 54.3,72.267 54.367,72.167 54.367,72.05 54.283,72.117 54.233,72.083 54.183,72.183 54.133,72.167 54.217,72.0 54.25,71.75 54.15,71.75 54.1,71.65 54.183,71.317 54.1,71.167 54.2,71.067 54.25,71.1 54.3,71.017 54.35,71.017 54.333,71.2 54.6,71.2 54.617,71.3 54.667,71.283 54.717,71.117 54.867,71.0 55.083,71.017 55.3,70.8 55.267,70.65 55.283,70.483 55.2,70.367 55.133,70.183 55.367,69.617 55.333,69.183 55.392,69.158 55.433,68.933 55.283,69.0 55.367,68.767 55.2,68.633 55.183,68.183 55.083,68.283 54.967,68.167 54.983,67.833 54.883,67.767 54.85,67.3 54.817,67.267 54.633,66.0 54.717,65.967 54.7,65.833 54.617,65.617 54.65,65.467 54.567,65.483 54.583,65.367 54.533,65.2 54.35,65.217 54.333,65.117 54.433,64.967 54.378,64.827 54.367,64.733 54.4,64.717 54.217,63.562 54.183,63.167 54.117,63.15 54.117,62.817 53.9,62.55 54.0,62.4 54.05,62.45 54.033,62.0 53.967,62.033 54.033,61.717 53.967,61.617 54.083,61.467 54.083,61.317 53.917,61.25 53.967,61.167 53.967,61.033 53.917,60.992 53.883,61.133 53.8,61.2 53.667,61.033 53.667,60.917 53.617,60.917 53.567,61.333 53.6,61.483 53.517,61.583 53.467,61.5 53.517,61.283 53.383,61.15 53.3,61.183 53.267,61.383 53.217,61.467 53.233,61.7 53.15,61.867 53.133,62.117 53.0,62.133 52.95,62.0 53.017,61.883 52.95,61.65 53.017,61.533 52.983,61.033 52.917,61.067 52.783,60.867 52.75,60.717 52.667,60.717 52.517,60.967 52.333,61.067 52.15,60.7 52.167,60.533 52.0,60.133 51.992,60.012 51.9,60.067 51.867,60.167 51.917,60.183 51.783,60.517 51.7,60.383 51.617,60.583 51.6,60.917 51.467,61.0 51.417,61.5 51.267,61.683 51.25,61.583 50.967,61.5
UACN-A1C|48.627,62.682 47.193,64.539 45.418,69.407 45.078,71.918 48.0,71.817 48.729,70.478 49.737,68.517 50.148,66.01 50.034,62.471 48.627,62.682
UACN-A2C|54.633,66.0 54.717,65.967 54.7,65.833 54.617,65.617 54.65,65.467 54.567,65.483 54.583,65.367 54.533,65.2 54.35,65.217 54.333,65.117 54.433,64.967 54.378,64.827 54.367,64.733 54.4,64.717 54.217,63.562 54.183,63.167 54.117,63.15 54.117,62.817 53.9,62.55 54.0,62.4 54.05,62.45 54.033,62.0 53.967,62.033 54.033,61.717 53.967,61.617 54.083,61.467 54.083,61.317 53.917,61.25 53.967,61.167 53.967,61.033 53.917,60.992 53.883,61.133 53.8,61.2 53.667,61.033 53.667,60.917 53.617,60.917 53.567,61.333 53.6,61.483 53.517,61.583 53.467,61.5 53.517,61.283 53.383,61.15 53.3,61.183 53.267,61.383 53.217,61.467 53.233,61.7 53.15,61.867 53.133,62.117 53.0,62.133 52.95,62.0 53.017,61.883 52.95,61.65 53.017,61.533 52.983,61.033 52.917,61.067 52.783,60.867 52.75,60.717 52.667,60.717 52.517,60.967 52.333,61.067 52.15,60.7 52.167,60.533 52.0,60.133 51.992,60.012 51.9,60.067 51.867,60.167 51.917,60.183 51.783,60.517 51.7,60.383 51.617,60.583 51.6,60.917 51.467,61.0 51.417,61.5 51.267,61.683 51.25,61.583 50.967,61.5 50.392,62.415 50.034,62.471 50.148,66.01 49.737,68.517 50.527,68.131 51.365,67.873 52.197,67.564 54.633,66.0
UACN-A3C|49.8,76.183 50.69,78.174 51.028,79.854 52.067,79.05 53.3,77.883 54.0,76.541 54.167,76.417 54.133,76.667 54.233,76.833 54.367,76.85 54.383,76.783 54.433,76.933 54.467,76.933 54.35,76.6 54.35,76.233 54.3,76.2 54.083,75.4 54.0,75.483 53.817,75.05 53.817,74.8 53.667,74.633 53.683,74.467 53.583,74.467 53.467,74.4 53.483,74.283 53.6,74.233 53.55,74.05 53.633,74.067 53.633,73.667 53.533,73.583 53.45,73.45 53.467,73.367 53.533,73.4 53.567,73.25 53.683,73.283 53.883,73.467 53.85,73.683 54.05,73.75 54.067,73.633 54.0,73.5 53.95,73.517 53.983,73.433 53.95,73.417 53.95,73.283 53.983,73.1 54.1,72.933 54.117,72.567 54.05,72.517 54.05,72.65 53.95,72.717 53.983,72.55 53.917,72.483 53.95,72.367 54.05,72.417 54.1,72.35 54.117,72.5 54.183,72.317 54.3,72.267 54.367,72.167 54.367,72.05 54.283,72.117 54.233,72.083 54.183,72.183 54.133,72.167 54.217,72.0 54.25,71.75 54.15,71.75 54.1,71.65 54.183,71.317 54.1,71.167 54.2,71.067 54.25,71.1 54.3,71.017 54.35,71.017 54.333,71.2 54.6,71.2 54.617,71.3 54.667,71.283 54.717,71.117 54.867,71.0 55.083,71.017 55.3,70.8 55.267,70.65 55.283,70.483 55.2,70.367 55.133,70.183 55.367,69.617 55.333,69.183 55.392,69.158 55.433,68.933 55.283,69.0 55.367,68.767 55.2,68.633 55.183,68.183 55.083,68.283 54.967,68.167 54.983,67.833 54.883,67.767 54.85,67.3 54.817,67.267 54.633,66.0 52.197,67.564 51.365,67.873 50.527,68.131 50.362,70.667 50.187,72.646 50.559,75.587 49.8,76.183
UACN-A4C|48.0,71.817 48.133,74.283 48.833,76.183 49.8,76.183 50.559,75.587 50.187,72.646 50.362,70.667 50.527,68.131 49.737,68.517 48.729,70.478 48.0,71.817
UAII|47.193,64.539 46.199,61.714 44.895,60.153 44.643,60.748 44.365,61.1 44.227,61.133 43.5,62.0 42.5,63.833 43.039,65.72 42.854,65.845 42.935,66.1 42.34,66.071 42.359,66.001 41.937,65.998 41.874,66.538 41.777,66.554 41.577,68.037 41.324,69.039 41.703,69.742 41.95,70.383 42.133,70.417 42.0,70.617 42.267,70.947 42.267,70.883 42.333,70.883 42.483,71.0 42.483,71.117 42.567,71.0 42.767,71.267 42.817,71.5 42.767,71.617 42.817,71.833 42.667,72.583 42.558,72.827 42.511,73.306 42.443,73.306 42.42,73.517 42.573,73.418 42.754,73.5 43.1,73.55 43.23,74.326 43.746,74.181 44.251,74.907 45.078,71.918 45.418,69.407 47.193,64.539
UAII-A1I|43.039,65.72 42.854,65.845 42.935,66.1 42.34,66.071 42.359,66.001 41.937,65.998 41.874,66.538 41.777,66.554 41.577,68.037 41.324,69.039 41.703,69.742 41.95,70.383 42.133,70.417 42.0,70.617 42.267,70.947 42.267,70.883 42.333,70.883 42.483,71.0 42.483,71.117 42.567,71.0 42.767,71.267 42.817,71.5 42.767,71.617 42.817,71.833 42.667,72.583 42.558,72.827 42.511,73.306 42.443,73.306 42.42,73.517 42.573,73.418 42.754,73.5 43.1,73.55 43.23,74.326 43.746,74.181 44.251,74.907 45.078,71.918 45.418,69.407 44.03,68.749 43.326,68.579 43.3,68.367 43.426,67.465 43.039,65.72
UAII-A2I|47.193,64.539 46.199,61.714 44.895,60.153 44.643,60.748 44.365,61.1 44.227,61.133 43.5,62.0 42.5,63.833 43.039,65.72 43.426,67.465 43.3,68.367 43.326,68.579 44.03,68.749 45.418,69.407 47.193,64.539
UATT|50.967,61.5 50.392,62.415 48.627,62.682 47.193,64.539 46.199,61.714 44.895,60.153 45.366,58.99 45.595,58.595 45.0,56.0 41.317,56.0 41.317,55.85 41.25,55.533 41.417,55.267 41.833,54.933 41.917,54.95 42.033,54.817 42.35,54.2 42.267,53.45 42.133,53.0 41.783,52.467 42.0,51.5 42.833,49.5 45.917,49.5 46.133,49.433 46.233,49.433 46.3,49.267 46.373,49.187 46.667,48.483 46.717,48.5 46.783,48.617 46.683,48.75 46.7,48.917 46.767,49.0 47.417,48.617 47.433,48.383 47.75,48.05 47.792,47.558 47.839,47.415 47.681,47.385 47.783,47.133 47.833,47.167 48.0,47.017 48.067,47.2 48.1,47.083 48.2,47.1 48.333,46.917 48.433,46.5 48.933,46.767 49.117,47.083 49.333,46.767 49.85,46.917 49.917,47.133 50.117,47.333 50.2,47.25 50.25,47.333 50.333,47.317 50.333,47.4 50.452,47.677 50.1,48.083 49.867,48.217 49.8,48.417 50.019,48.891 50.103,48.757 50.168,48.812 50.258,48.731 50.583,48.65 50.633,48.572 50.663,48.607 50.608,48.7 50.583,48.833 50.783,49.117 50.867,49.433 51.0,49.333 51.133,49.517 51.117,49.75 51.233,49.967 51.333,50.367 51.383,50.333 51.483,50.517 51.6,50.517 51.633,50.567 51.617,50.717 51.583,50.667 51.583,50.75 51.65,50.8 51.683,50.75 51.767,50.75 51.733,50.85 51.683,50.883 51.683,51.267 51.65,51.367 51.567,51.367 51.567,51.25 51.483,51.283 51.483,51.433 51.547,51.58 51.467,51.667 51.517,51.817 51.583,51.783 51.667,51.867 51.65,52.033 51.767,52.35 51.467,52.567 51.5,53.367 51.4,53.617 51.233,53.667 51.2,53.917 51.1,54.15 50.9,54.283 50.833,54.517 50.633,54.417 50.55,54.55 50.633,54.733 50.883,54.7 50.85,54.867 50.933,55.05 50.917,55.1 50.8,55.05 50.733,55.283 50.65,55.333 50.567,55.7 50.767,56.133 50.9,56.183 50.983,56.467 51.083,56.633 51.1,57.183 50.867,57.5 50.95,57.733 51.133,57.75 51.117,58.333 51.033,58.6 50.833,58.6 50.833,58.767 50.717,58.883 50.65,59.483 50.517,59.517 50.583,59.833 50.867,60.033 50.85,60.183 50.683,60.233 50.667,60.817 50.8,61.467 50.967,61.5
UATT-A1B|50.967,61.5 50.392,62.415 48.627,62.682 47.834,59.52 46.833,57.0 48.833,55.167 48.992,52.461 49.893,53.882 50.733,55.283 50.65,55.333 50.567,55.7 50.767,56.133 50.9,56.183 50.983,56.467 51.083,56.633 51.1,57.183 50.867,57.5 50.95,57.733 51.133,57.75 51.117,58.333 51.033,58.6 50.833,58.6 50.833,58.767 50.717,58.883 50.65,59.483 50.517,59.517 50.583,59.833 50.867,60.033 50.85,60.183 50.683,60.233 50.667,60.817 50.8,61.467 50.967,61.5
UATT-A2B|49.086,49.761 48.992,52.461 48.833,55.167 46.833,57.0 46.648,56.683 45.358,53.78 45.68,51.48 45.917,49.5 46.133,49.433 46.233,49.433 46.3,49.267 46.373,49.187 46.667,48.483 46.717,48.5 46.783,48.617 46.683,48.75 46.7,48.917 46.767,49.0 47.417,48.617 47.433,48.383 47.75,48.05 47.792,47.558 47.839,47.415 47.681,47.385 47.783,47.133 47.833,47.167 48.0,47.017 48.067,47.2 48.1,47.083 48.2,47.1 48.333,46.917 48.433,46.5 48.933,46.767 49.117,47.083 49.086,49.761
UATT-A3B|48.627,62.682 47.193,64.539 46.199,61.714 44.895,60.153 45.366,58.99 45.595,58.595 45.4,57.667 45.738,57.667 46.648,56.683 46.833,57.0 47.834,59.52 48.627,62.682
UATT-A4B|49.117,47.083 49.333,46.767 49.85,46.917 49.917,47.133 50.117,47.333 50.2,47.25 50.25,47.333 50.333,47.317 50.333,47.4 50.452,47.677 50.1,48.083 49.867,48.217 49.8,48.417 50.019,48.891 50.103,48.757 50.168,48.812 50.258,48.731 50.583,48.65 50.633,48.572 50.663,48.607 50.608,48.7 50.583,48.833 50.783,49.117 50.867,49.433 51.0,49.333 51.133,49.517 51.117,49.75 51.233,49.967 51.333,50.367 51.383,50.333 51.483,50.517 51.6,50.517 51.633,50.567 51.617,50.717 51.583,50.667 51.583,50.75 51.65,50.8 51.683,50.75 51.767,50.75 51.733,50.85 51.683,50.883 51.683,51.267 51.65,51.367 51.567,51.367 51.567,51.25 51.483,51.283 51.483,51.433 51.547,51.58 51.467,51.667 51.517,51.817 51.583,51.783 51.667,51.867 51.65,52.033 51.767,52.35 51.467,52.567 51.5,53.367 51.4,53.617 51.233,53.667 51.2,53.917 51.1,54.15 50.9,54.283 50.833,54.517 50.633,54.417 50.55,54.55 50.633,54.733 50.883,54.7 50.85,54.867 50.933,55.05 50.917,55.1 50.8,55.05 50.733,55.283 49.893,53.882 48.992,52.461 49.086,49.761 49.117,47.083
UATT-A5B|42.633,50.0 42.833,49.5 45.917,49.5 45.539,52.533 44.822,52.146 44.377,52.152 43.693,52.415 42.436,50.469 42.633,50.0
UATT-A6B|42.436,50.469 43.693,52.415 44.377,52.152 44.822,52.146 45.539,52.533 45.358,53.78 46.648,56.683 45.738,57.667 45.4,57.667 45.0,56.0 41.317,56.0 41.317,55.85 41.25,55.533 41.417,55.267 41.833,54.933 41.917,54.95 42.033,54.817 42.35,54.2 42.267,53.45 42.133,53.0 41.783,52.467 42.0,51.5 42.436,50.469
UBBA|42.0,51.5 37.9,51.5 38.442,48.875 38.417,48.633 38.633,48.45 38.617,48.317 38.733,48.25 38.883,48.033 39.0,48.4 39.283,48.167 39.367,48.4 39.717,48.0 39.483,47.383 38.883,46.55 38.96,46.511 39.002,46.551 39.057,46.548 39.148,46.492 39.25,46.554 39.399,46.385 39.451,46.388 39.446,46.455 39.514,46.501 39.529,46.586 39.571,46.57 39.571,46.426 39.626,46.407 39.6,46.194 39.652,46.15 39.687,46.055 39.785,45.969 39.827,45.833 39.943,45.775 40.019,45.884 40.104,45.903 40.12,45.961 40.272,45.959 40.365,45.651 40.501,45.45 40.539,45.432 40.578,45.464 40.628,45.399 40.728,45.405 40.775,45.55 40.854,45.609 40.927,45.478 41.016,45.443 41.004,45.307 41.038,45.291 41.026,45.224 41.051,45.185 41.081,45.164 41.164,45.196 41.201,45.12 41.195,45.048 41.246,45.062 41.298,45.014 41.47,45.311 41.428,45.389 41.456,45.462 41.375,45.65 41.292,45.702 41.187,45.905 41.182,46.277 41.101,46.368 41.09,46.46 41.061,46.472 41.106,46.551 41.095,46.613 41.283,46.737 41.372,46.653 41.498,46.335 41.573,46.299 41.623,46.191 41.743,46.184 41.771,46.298 41.91,46.428 41.867,46.533 41.8,46.583 41.85,46.75 41.717,46.85 41.717,46.917 41.55,47.017 41.583,47.117 41.317,47.267 41.217,47.55 41.233,47.617 41.183,47.75 41.217,47.8 41.217,47.9 41.483,48.05 41.5,48.233 41.84,48.595 42.633,50.0 42.0,51.5|38.85,46.15 38.9,46.05 38.9,45.867 38.983,45.467 39.167,45.333 39.217,45.167 39.714,44.769 39.746,44.888 39.725,44.937 39.794,45.061 39.675,45.186 39.592,45.171 39.609,45.309 39.539,45.344 39.49,45.473 39.567,45.579 39.6,45.694 39.573,45.806 39.484,45.81 39.456,45.839 39.38,45.789 39.29,46.001 39.114,46.017 39.074,46.071 38.85,46.15
UBBA-S|38.85,46.15 38.9,46.05 38.9,45.867 38.983,45.467 39.167,45.333 39.217,45.167 39.714,44.769 39.746,44.888 39.725,44.937 39.794,45.061 39.675,45.186 39.592,45.171 39.609,45.309 39.539,45.344 39.49,45.473 39.567,45.579 39.6,45.694 39.573,45.806 39.484,45.81 39.456,45.839 39.38,45.789 39.29,46.001 39.114,46.017 39.074,46.071 38.85,46.15
UCFM|42.267,70.947 42.206,73.106 41.78,74.872 40.511,74.874 40.483,75.15 40.65,75.6 40.483,75.733 40.283,75.7 40.283,75.917 40.467,76.3 40.35,76.333 40.75,76.633 41.067,77.067 41.033,77.267 41.033,77.567 41.083,78.15 41.3,78.333 41.4,78.367 41.917,79.783 42.067,79.867 42.067,80.283 42.217,80.25 42.283,80.283 42.417,79.417 42.667,79.133 42.75,79.167 42.667,79.0 42.75,78.583 42.833,78.417 42.833,78.0 42.967,77.0 42.867,76.333 42.933,76.0 42.8,75.667 42.833,75.3 43.23,74.326 43.1,73.55 42.754,73.5 42.573,73.418 42.42,73.517 42.443,73.306 42.511,73.306 42.558,72.827 42.667,72.583 42.817,71.833 42.767,71.617 42.817,71.5 42.767,71.267 42.567,71.0 42.483,71.117 42.483,71.0 42.333,70.883 42.267,70.883 42.267,70.947
UCFO|40.033,70.55 40.1,70.783 40.2,71.95 40.517,72.533 40.667,72.583 41.133,72.117 41.25,71.567 41.585,71.067 42.0,70.933 42.267,70.947 42.206,73.106 41.78,74.872 40.511,74.874 40.5,74.8 40.35,74.833 40.35,74.667 40.13,74.38 40.0,74.0 39.76,73.88 39.68,73.91 39.46,73.86 39.483,73.667 39.333,71.0 39.392,70.774 39.52,70.697 39.606,70.495 39.529,70.299 39.567,70.194 39.669,70.781 40.033,70.55
UDDD|41.298,45.014 41.246,45.062 41.195,45.048 41.201,45.12 41.164,45.196 41.081,45.164 41.051,45.185 41.026,45.224 41.038,45.291 41.004,45.307 41.016,45.443 40.927,45.478 40.854,45.609 40.775,45.55 40.728,45.405 40.628,45.399 40.578,45.464 40.539,45.432 40.501,45.45 40.365,45.651 40.272,45.959 40.12,45.961 40.104,45.903 40.019,45.884 39.943,45.775 39.827,45.833 39.785,45.969 39.687,46.055 39.652,46.15 39.6,46.194 39.626,46.407 39.571,46.426 39.571,46.57 39.529,46.586 39.514,46.501 39.446,46.455 39.451,46.388 39.399,46.385 39.25,46.554 39.148,46.492 39.057,46.548 39.002,46.551 38.96,46.511 38.883,46.55 38.917,46.333 38.85,46.15 39.074,46.071 39.114,46.017 39.29,46.001 39.38,45.789 39.456,45.839 39.484,45.81 39.573,45.806 39.6,45.694 39.567,45.579 39.49,45.473 39.539,45.344 39.609,45.309 39.592,45.171 39.675,45.186 39.794,45.061 39.725,44.937 39.746,44.888 39.714,44.769 40.0,44.4 40.05,44.267 40.017,43.95 40.117,43.65 40.333,43.683 40.483,43.55 40.7,43.75 40.95,43.667 41.033,43.483 41.133,43.467 41.11,43.751 41.16,43.838 41.188,44.165 41.247,44.182 41.208,44.286 41.203,44.348 41.232,44.357 41.182,44.472 41.237,44.609 41.231,44.825 41.253,44.802 41.298,44.818 41.258,44.957 41.298,45.014
UEEE|76.333,114.717 74.333,132.0 73.2,143.583 72.0,158.0 72.5,168.0 70.5,168.0 68.667,165.0 66.55,162.0 66.55,158.0 65.75,158.0 64.0,149.667 63.567,145.5 62.0,145.0 62.0,142.0 60.85,139.95 59.75,138.167 59.167,135.333 58.0,132.0 57.267,131.667 56.917,131.4 56.167,131.0 54.85,129.383 54.667,128.167 54.939,126.368 55.717,124.917 55.5,122.333 56.683,119.667 58.417,119.333 59.6,114.867 59.317,113.883 60.717,108.783 62.0,107.0 65.5,107.0 67.0,106.917 69.25,106.5 70.2,108.183 72.0,112.0 73.833,114.733 76.333,114.717
UGGG|41.517,41.55 41.9,40.333 43.183,39.917 43.567,40.117 43.517,40.567 43.55,40.65 43.333,41.317 43.367,41.383 43.3,41.417 43.2,41.8 43.25,41.867 43.25,42.45 43.083,43.05 42.9,43.35 42.75,43.8 42.625,43.733 42.55,43.967 42.733,44.483 42.733,44.683 42.617,44.783 42.742,44.883 42.717,45.167 42.533,45.333 42.55,45.567 42.487,45.787 42.217,45.617 42.033,45.95 42.0,46.242 41.91,46.428 41.771,46.298 41.743,46.184 41.623,46.191 41.573,46.299 41.498,46.335 41.372,46.653 41.283,46.737 41.191,46.66 41.125,46.653 41.061,46.472 41.09,46.46 41.101,46.368 41.182,46.277 41.199,46.136 41.175,45.965 41.219,45.808 41.292,45.702 41.375,45.65 41.456,45.462 41.428,45.389 41.47,45.311 41.258,44.957 41.298,44.818 41.253,44.802 41.231,44.825 41.237,44.609 41.182,44.472 41.232,44.357 41.203,44.348 41.208,44.286 41.247,44.182 41.188,44.165 41.16,43.838 41.11,43.751 41.133,43.467 41.2,43.35 41.25,43.133 41.3,43.2 41.5,42.883 41.475,42.85 41.583,42.833 41.567,42.6 41.45,42.533 41.517,42.0 41.433,41.833 41.517,41.55
UHHH|62.0,142.0 60.85,139.95 59.75,138.167 59.167,135.333 58.0,132.0 57.267,131.667 56.917,131.4 56.167,131.0 54.85,129.383 54.667,128.167 54.939,126.368 55.717,124.917 55.5,122.333 53.967,121.983 53.433,122.4 53.467,122.483 53.45,122.85 53.508,123.033 53.5,123.15 53.55,123.267 53.533,123.433 53.5,123.483 53.55,123.5 53.5,123.533 53.5,123.567 53.55,123.6 53.483,123.717 53.483,123.883 53.35,124.133 53.367,124.233 53.217,124.433 53.2,124.65 53.1,124.883 53.167,124.883 53.2,125.167 53.1,125.483 53.05,125.5 53.083,125.6 52.983,125.75 52.917,125.667 52.85,125.683 52.883,125.833 52.767,125.967 52.8,126.033 52.767,126.117 52.75,126.05 52.683,126.067 52.667,125.983 52.583,126.0 52.6,126.05 52.533,126.2 52.467,126.183 52.467,126.25 52.4,126.35 52.317,126.317 52.283,126.433 52.217,126.283 52.117,126.567 52.033,126.5 52.033,126.45 51.733,126.667 51.717,126.717 51.6,126.667 51.533,126.833 51.45,126.783 51.35,126.917 51.333,126.833 51.3,126.817 51.25,126.867 51.3,126.867 51.317,126.983 51.067,126.917 50.933,127.1 50.567,127.367 50.467,127.3 50.433,127.35 50.317,127.35 50.233,127.6 50.0,127.483 49.8,127.533 49.567,127.9 49.583,127.967 49.5,128.25 49.583,128.367 49.583,128.767 49.483,128.75 49.45,129.0 49.35,129.1 49.4,129.217 49.35,129.35 49.433,129.4 49.417,129.517 49.283,129.567 49.283,129.717 49.183,129.75 49.117,129.867 49.033,129.917 48.867,130.25 48.9,130.433 48.85,130.5 48.867,130.65 48.617,130.517 48.583,130.6 48.483,130.617 48.5,130.75 48.433,130.733 48.3,130.817 48.183,130.75 48.117,130.65 48.05,130.667 47.917,130.867 47.817,130.95 47.7,130.95 47.733,131.467 47.667,131.6 47.717,131.683 47.667,131.967 47.717,132.0 47.717,132.25 47.75,132.283 47.717,132.567 47.95,132.667 47.933,132.8 48.0,132.867 48.017,133.0 48.05,133.0 48.1,133.15 48.1,133.333 48.067,133.45 48.2,133.783 48.183,133.867 48.25,133.883 48.333,134.033 48.383,134.383 48.35,134.517 48.367,134.55 48.333,134.567 48.283,134.75 48.25,134.667 48.15,134.667 48.05,134.55 47.983,134.55 47.917,134.583 47.9,134.65 47.833,134.667 47.75,134.767 47.5,134.567 47.45,134.483 47.45,134.333 47.333,134.2 47.25,134.15 47.2,134.217 47.117,134.217 47.1,134.133 46.967,134.05 46.933,134.067 46.817,134.017 46.667,134.017 46.467,133.833 46.45,133.9 46.383,133.933 46.35,133.867 46.2,133.85 46.233,133.817 46.15,133.7 46.05,133.733 45.933,133.667 45.933,133.633 45.867,133.583 45.9,133.533 45.85,133.483 45.617,133.417 45.5,133.317 45.517,133.233 45.467,133.15 45.25,133.083 45.15,133.15 45.117,133.133 45.017,132.933 45.267,131.983 45.35,131.883 45.217,131.767 45.233,131.683 45.167,131.65 45.117,131.683 45.0,131.483 44.983,131.5 44.983,131.333 44.917,131.283 44.917,131.083 44.833,130.967 44.7,131.083 44.052,131.297 44.017,131.25 43.883,131.25 43.833,131.2 43.617,131.217 43.533,131.183 43.467,131.3 43.433,131.283 43.4,131.317 43.367,131.267 43.15,131.2 43.017,131.1 42.967,131.133 42.9,131.1 42.917,131.017 42.867,131.033 42.867,130.817 42.833,130.783 42.833,130.7 42.717,130.4 42.7,130.533 42.6,130.633 42.55,130.617 42.55,130.567 42.293,130.697 41.667,131.517 40.502,135.93 43.283,138.0 45.752,139.996 45.752,141.996 44.5,145.667 44.45,145.733 44.05,145.317 43.783,145.25 43.683,145.333 43.617,145.45 43.5,145.367 43.4,145.583 43.433,145.8 43.333,145.867 43.0,146.833 45.0,150.0 54.867,150.0 56.0,146.0 56.417,143.417 58.0,145.75 61.0,146.0 62.0,145.0 62.0,142.0
UHHH-1|53.467,122.483 53.45,122.85 53.508,123.033 53.5,123.15 53.55,123.267 53.533,123.433 53.5,123.483 53.55,123.5 53.5,123.533 53.5,123.567 53.55,123.6 53.483,123.717 53.483,123.883 53.35,124.133 53.367,124.233 53.217,124.433 53.2,124.65 53.1,124.883 53.167,124.883 53.2,125.167 53.1,125.483 53.05,125.5 53.083,125.6 52.983,125.75 52.917,125.667 52.85,125.683 52.883,125.833 52.767,125.967 52.8,126.033 52.767,126.117 52.75,126.05 52.683,126.067 52.667,125.983 52.583,126.0 52.6,126.05 52.533,126.2 52.467,126.183 52.467,126.25 52.4,126.35 52.317,126.317 52.283,126.433 52.217,126.283 52.117,126.567 52.033,126.5 52.033,126.45 51.733,126.667 51.717,126.717 51.6,126.667 51.533,126.833 51.45,126.783 51.35,126.917 51.333,126.833 51.3,126.817 51.25,126.867 51.3,126.867 51.317,126.983 51.067,126.917 50.933,127.1 50.567,127.367 50.467,127.3 50.433,127.35 50.317,127.35 50.233,127.6 50.0,127.483 49.8,127.533 49.567,127.9 49.583,127.967 49.5,128.25 49.583,128.367 49.583,128.767 49.483,128.75 49.45,129.0 49.35,129.1 49.4,129.217 49.35,129.35 49.433,129.4 49.417,129.517 49.283,129.567 49.283,129.717 49.183,129.75 49.117,129.867 49.033,129.917 48.867,130.25 48.9,130.433 48.85,130.5 48.867,130.65 48.617,130.517 48.583,130.6 48.483,130.617 48.5,130.75 48.433,130.733 48.3,130.817 48.183,130.75 48.117,130.65 48.05,130.667 47.917,130.867 47.817,130.95 47.7,130.95 47.733,131.467 47.667,131.6 47.717,131.683 47.667,131.967 47.717,132.0 47.717,132.25 47.75,132.283 47.717,132.567 47.95,132.667 47.933,132.8 48.0,132.867 48.017,133.0 48.05,133.0 48.1,133.15 48.1,133.333 48.067,133.45 48.2,133.783 48.183,133.867 48.25,133.883 48.333,134.033 48.383,134.383 48.35,134.517 48.367,134.55 48.333,134.567 48.283,134.75 48.25,134.667 48.15,134.667 48.05,134.55 47.983,134.55 47.917,134.583 47.9,134.65 47.833,134.667 47.75,134.767 47.5,134.567 47.45,134.483 47.45,134.333 47.333,134.2 47.25,134.15 47.2,134.217 47.117,134.217 47.1,134.133 46.967,134.05 46.933,134.067 46.867,134.033 46.8,134.25 46.825,135.583 47.117,135.85 47.717,136.617 46.658,138.578 47.092,138.708 48.879,138.048 49.75,138.419 50.898,139.729 51.134,141.501 51.798,141.501 52.414,140.382 52.637,140.035 53.09,137.084 54.349,134.686 58.0,132.0 57.267,131.667 56.917,131.4 56.167,131.0 54.85,129.383 54.667,128.167 54.939,126.368 55.717,124.917 55.5,122.333 53.967,121.983 53.5,122.333 53.433,122.4 53.467,122.483
UHHH-2|45.752,139.996 45.752,141.996 44.5,145.667 44.45,145.733 44.05,145.317 43.783,145.25 43.683,145.333 43.617,145.45 43.5,145.367 43.4,145.583 43.433,145.8 43.333,145.867 43.0,146.833 45.0,150.0 54.867,150.0 56.0,146.0 56.417,143.417 58.0,145.75 61.0,146.0 62.0,145.0 62.0,142.0 60.85,139.95 59.75,138.167 59.167,135.333 58.0,132.0 54.349,134.686 53.09,137.084 52.637,140.035 52.414,140.382 51.798,141.501 51.134,141.501 50.898,139.729 49.75,138.419 48.879,138.048 47.092,138.708 46.658,138.578 45.999,140.0 45.752,139.996
UHHH-3|46.867,134.033 46.667,134.017 46.467,133.833 46.45,133.9 46.383,133.933 46.35,133.867 46.2,133.85 46.233,133.817 46.15,133.7 46.05,133.733 45.933,133.667 45.933,133.633 45.867,133.583 45.9,133.533 45.85,133.483 45.617,133.417 45.5,133.317 45.517,133.233 45.467,133.15 45.25,133.083 45.15,133.15 45.117,133.133 45.017,132.933 45.267,131.983 45.35,131.883 45.217,131.767 45.233,131.683 45.167,131.65 45.117,131.683 45.0,131.483 44.983,131.5 44.983,131.333 44.917,131.283 44.917,131.083 44.833,130.967 44.7,131.083 44.052,131.297 44.017,131.25 43.883,131.25 43.833,131.2 43.617,131.217 43.533,131.183 43.467,131.3 43.433,131.283 43.4,131.317 43.367,131.267 43.15,131.2 43.017,131.1 42.967,131.133 42.9,131.1 42.917,131.017 42.867,131.033 42.867,130.817 42.833,130.783 42.833,130.7 42.717,130.4 42.7,130.533 42.6,130.633 42.55,130.617 42.55,130.567 42.293,130.697 41.667,131.517 40.502,135.93 43.283,138.0 45.752,139.996 45.999,140.0 46.658,138.578 47.717,136.617 47.117,135.85 46.825,135.583 46.8,134.25 46.867,134.033
UHHH-HF|45.752,139.996 45.752,141.996 44.5,145.667 44.45,145.733 44.05,145.317 43.783,145.25 43.683,145.333 43.617,145.45 43.5,145.367 43.4,145.583 43.433,145.8 43.333,145.867 43.0,146.833 45.0,150.0 54.867,150.0 56.0,146.0 56.417,143.417 58.0,145.75 61.0,146.0 62.0,145.0 62.0,142.0 60.85,139.95 59.75,138.167 59.167,135.333 58.0,132.0 54.349,134.686 53.09,137.084 52.637,140.035 52.414,140.382 51.798,141.501 51.134,141.501 50.898,139.729 49.75,138.419 48.879,138.048 47.092,138.708 46.658,138.578 45.999,140.0 45.752,139.996
UHMM|90.0,180.0 60.0,180.0 54.817,170.2 54.0,169.0 50.083,159.0 45.0,150.0 54.867,150.0 56.0,146.0 56.417,143.417 58.0,145.75 61.0,146.0 62.0,145.0 63.567,145.5 64.0,149.667 65.75,158.0 66.55,158.0 66.55,162.0 68.667,165.0 70.5,168.0 72.5,168.0 72.0,158.0 73.2,143.583 74.333,132.0 76.333,114.717 78.0,114.75 90.0,169.0 90.0,180.0|90.0,-168.973 65.0,-168.973 62.583,-175.0 61.367,-177.752 60.0,-180.0 90.0,-180.0 90.0,-168.973
UHMM-K1|52.25,157.8 53.326,157.536 53.797,158.183 55.45,156.75 58.014,153.99 59.225,156.732 60.583,160.167 61.433,162.217 62.083,164.25 62.098,166.567 62.048,169.779 61.943,172.703 61.542,180.0 60.0,180.0 54.817,170.2 54.0,169.0 50.083,159.0 52.25,157.8|61.367,-177.752 61.542,-180.0 60.0,-180.0 61.367,-177.752
UHMM-K2|56.0,150.0 58.014,153.99 55.45,156.75 53.797,158.183 53.326,157.536 52.25,157.8 50.083,159.0 45.0,150.0 56.0,150.0
UHMM-N|66.55,162.0 66.499,163.77 65.0,165.5 64.25,164.233 62.95,166.0 62.667,165.583 62.083,164.25 61.433,162.217 60.583,160.167 59.225,156.732 59.744,155.937 60.2,154.686 60.819,152.397 62.502,149.669 64.0,149.667 65.75,158.0 66.55,158.0 66.55,162.0
UHMM-N1|67.5,176.833 67.0,179.0 67.0,180.0 61.542,180.0 61.943,172.703 62.048,169.779 62.098,166.567 62.083,164.25 62.667,165.583 62.95,166.0 63.672,165.041 64.667,170.417 65.452,171.998 67.513,175.86 67.5,176.833|61.542,-180.0 67.0,-180.0 67.0,-168.973 65.0,-168.973 62.583,-175.0 61.367,-177.752 61.542,-180.0
UHMM-N2|72.596,171.419 72.58,180.0 67.0,180.0 67.0,179.0 67.5,176.833 67.513,175.86 65.452,171.998 64.667,170.417 63.672,165.041 64.25,164.233 65.0,165.5 66.499,163.77 66.55,162.0 68.667,165.0 70.5,168.0 72.5,168.0 72.596,171.419|72.58,-180.0 72.0,-168.973 67.0,-168.973 67.0,-180.0 72.58,-180.0
UHMM-O|72.5,168.0 72.0,158.0 73.2,143.583 74.333,132.0 76.333,114.717 78.0,114.75 90.0,169.0 90.0,180.0 72.58,180.0 72.596,171.419 72.5,168.0|90.0,-168.973 72.0,-168.973 72.58,-180.0 90.0,-180.0 90.0,-168.973
UHMM-S|54.867,150.0 56.0,146.0 56.417,143.417 58.0,145.75 61.0,146.0 62.0,145.0 63.567,145.5 64.0,149.667 62.502,149.669 60.819,152.397 60.2,154.686 59.744,155.937 59.225,156.732 58.014,153.99 56.0,150.0 54.867,150.0
UIII|61.267,108.033 60.708,108.782 59.626,112.854 59.323,113.878 59.6,114.862 58.415,119.335 56.69,119.667 55.5,122.333 53.967,121.983 53.5,122.333 53.467,122.15 53.417,122.083 53.383,121.683 53.3,121.3 53.267,120.817 53.25,120.833 53.167,120.683 53.1,120.633 53.083,120.55 52.9,120.333 52.9,120.283 52.867,120.283 52.8,120.167 52.767,120.017 52.583,120.067 52.633,120.45 52.533,120.733 52.35,120.617 52.25,120.75 52.167,120.783 52.033,120.683 52.0,120.717 51.917,120.65 51.667,120.167 51.683,120.083 51.633,120.083 51.367,119.933 51.217,119.817 51.217,119.75 51.133,119.767 51.017,119.683 51.0,119.617 50.9,119.517 50.75,119.483 50.567,119.25 50.4,119.2 50.383,119.117 50.35,119.167 50.35,119.333 50.317,119.367 50.117,119.317 50.017,119.183 49.967,118.983 49.95,118.667 49.817,118.383 49.767,118.367 49.5,117.867 49.633,117.467 49.633,117.283 49.7,117.0 49.833,116.7 49.933,116.6 50.033,116.217 50.0,116.033 49.883,115.75 49.9,115.383 50.183,115.0 50.25,114.633 50.233,114.5 50.283,114.35 49.967,113.483 49.8,113.183 49.667,113.083 49.6,113.083 49.483,112.733 49.55,112.5 49.383,111.883 49.417,111.683 49.35,111.517 49.367,111.367 49.283,111.117 49.183,110.933 49.167,110.583 49.267,110.4 49.167,110.233 49.233,109.517 49.283,109.483 49.367,109.2 49.333,109.0 49.367,108.95 49.333,108.533 49.433,108.35 49.533,108.267 49.667,107.95 49.917,107.967 49.917,107.85 49.983,107.733 49.95,107.7 49.983,107.383 50.033,107.317 49.983,107.25 50.033,107.117 50.2,106.983 50.35,106.533 50.3,106.267 50.35,106.083 50.417,106.05 50.483,105.35 50.3,104.367 50.15,104.05 50.217,103.783 50.133,103.7 50.317,103.217 50.583,102.317 51.333,102.217 51.75,100.517 51.75,100.0 51.883,99.733 52.1,99.0 53.0,99.0 54.0,96.0 55.933,98.0 57.45,97.533 57.933,100.683 58.05,102.5 60.767,106.7 61.267,108.033
UIII-E|59.626,112.854 59.323,113.878 59.6,114.862 58.415,119.335 56.69,119.667 55.5,122.333 53.967,121.983 53.5,122.333 53.467,122.15 53.417,122.083 53.383,121.683 53.3,121.3 53.267,120.817 53.25,120.833 53.167,120.683 53.1,120.633 53.083,120.55 52.9,120.333 52.9,120.283 52.867,120.283 52.8,120.167 52.767,120.017 52.583,120.067 52.633,120.45 52.533,120.733 52.35,120.617 52.25,120.75 52.167,120.783 52.033,120.683 52.0,120.717 51.917,120.65 51.667,120.167 51.683,120.083 51.633,120.083 51.367,119.933 51.217,119.817 51.217,119.75 51.133,119.767 51.017,119.683 51.0,119.617 50.9,119.517 50.75,119.483 50.567,119.25 50.4,119.2 50.383,119.117 50.35,119.167 50.35,119.333 50.317,119.367 50.117,119.317 50.017,119.183 49.967,118.983 49.95,118.667 49.817,118.383 49.767,118.367 49.5,117.867 49.633,117.467 49.633,117.283 49.7,117.0 49.833,116.7 49.933,116.6 50.033,116.217 50.0,116.033 49.883,115.75 49.9,115.383 50.183,115.0 50.25,114.633 50.233,114.5 50.283,114.35 49.967,113.483 49.8,113.183 49.667,113.083 49.6,113.083 49.483,112.733 49.55,112.5 49.383,111.883 49.417,111.683 49.35,111.517 49.367,111.367 49.283,111.117 49.183,110.933 49.167,110.583 49.267,110.4 49.167,110.233 49.233,109.517 49.283,109.483 49.367,109.2 49.333,109.0 49.367,108.95 49.333,108.533 49.433,108.35 49.533,108.267 49.667,107.95 49.917,107.967 52.0,109.0 52.495,109.887 55.643,110.257 55.467,111.258 57.021,111.719 57.661,111.195 58.599,111.99 59.059,112.295 59.626,112.854
UIII-N|61.267,108.033 60.708,108.782 59.626,112.854 59.059,112.295 58.599,111.99 57.661,111.195 57.021,111.719 55.467,111.258 55.751,109.567 55.707,105.051 54.424,103.44 54.148,102.905 54.406,102.287 53.908,101.874 54.994,97.0 55.933,98.0 57.45,97.533 57.933,100.683 58.05,102.5 60.767,106.7 61.267,108.033
UIII-W|54.994,97.0 53.908,101.874 54.406,102.287 54.148,102.905 54.424,103.44 55.707,105.051 55.751,109.567 55.643,110.257 52.495,109.887 52.0,109.0 49.917,107.967 49.917,107.85 49.983,107.733 49.95,107.7 49.983,107.383 50.033,107.317 49.983,107.25 50.033,107.117 50.2,106.983 50.35,106.533 50.3,106.267 50.35,106.083 50.417,106.05 50.483,105.35 50.3,104.367 50.15,104.05 50.217,103.783 50.133,103.7 50.317,103.217 50.583,102.317 51.333,102.217 51.75,100.517 51.75,100.0 51.883,99.733 52.1,99.0 53.0,99.0 54.0,96.0 54.994,97.0
UKBV|51.233,34.45 50.213,33.885 49.313,33.617 48.95,33.367 48.495,33.323 48.125,32.89 47.767,32.833 48.237,29.528 47.889,29.279 47.885,29.204 47.994,29.174 47.994,29.119 47.944,29.056 47.964,28.922 48.133,28.834 48.177,28.57 48.153,28.51 48.172,28.375 48.247,28.342 48.21,28.196 48.256,28.185 48.325,28.051 48.327,27.959 48.422,27.828 49.762,27.85 50.807,27.788 50.85,27.433 51.383,27.75 51.667,29.083 51.467,29.583 51.483,30.133 51.617,30.317 51.783,30.3 52.133,30.383 52.25,30.8 52.283,31.183 52.133,31.683 52.133,31.783 52.015,32.032 52.086,32.303 52.137,32.358 52.218,32.352 52.316,32.401 52.303,32.591 52.255,32.744 52.258,32.932 52.337,33.096 52.364,33.444 52.356,33.741 52.323,33.854 52.193,33.976 52.142,34.116 52.061,34.075 51.996,34.098 51.891,34.227 51.79,34.268 51.768,34.333 51.791,34.4 51.749,34.442 51.724,34.431 51.678,34.136 51.643,34.105 51.517,34.237 51.392,34.222 51.338,34.303 51.244,34.265 51.233,34.45
UKDV|47.112,38.223 46.983,38.333 46.783,37.5 46.573,37.368 46.583,36.7 46.967,36.0 47.108,35.917 47.45,34.8 47.767,32.833 48.125,32.89 48.495,33.323 48.95,33.367 49.313,33.617 50.213,33.885 51.233,34.45 51.25,34.667 51.2,34.667 51.183,34.8 51.233,34.967 51.233,35.117 51.067,35.183 51.083,35.317 51.033,35.417 51.017,35.333 50.667,35.5 50.667,35.417 50.6,35.45 50.6,35.4 50.45,35.583 50.367,35.6 50.433,35.8 50.45,36.033 50.417,36.2 50.3,36.3 50.333,36.433 50.267,36.683 50.35,36.917 50.35,37.167 50.45,37.483 50.367,37.483 50.3,37.65 50.217,37.617 49.933,38.133 49.967,38.2 50.083,38.183 50.083,38.35 50.0,38.35 50.0,38.683 49.983,38.717 49.95,38.7 49.817,39.067 49.883,39.167 49.733,39.383 49.733,39.617 49.633,39.65 49.567,39.817 49.617,40.15 49.567,40.2 49.382,40.143 49.25,40.2 49.05,39.933 49.05,39.667 48.833,39.8 48.6,39.667 48.583,39.833 48.367,39.933 48.333,39.833 48.283,39.883 48.317,39.983 48.233,40.0 48.225,39.95 48.087,39.879 48.05,39.817 47.967,39.821 47.829,39.75 47.829,39.533 47.867,39.458 47.846,39.404 47.878,39.376 47.837,39.117 47.867,39.05 47.862,38.837 47.683,38.763 47.7,38.667 47.642,38.617 47.638,38.454 47.608,38.467 47.608,38.358 47.575,38.354 47.567,38.317 47.521,38.288 47.383,38.3 47.367,38.25 47.3,38.233 47.3,38.333 47.25,38.333 47.217,38.233 47.112,38.223
UKFV|47.108,35.917 46.967,36.0 46.583,36.7 46.573,37.368 45.45,36.683 45.378,36.683 45.307,36.59 45.245,36.595 45.205,36.533 44.933,36.617 44.517,36.667 42.733,36.267 42.783,34.0 42.8,30.75 44.25,30.4 44.767,30.15 46.125,32.908 46.767,32.883 47.733,33.05 47.45,34.8 47.108,35.917
UKLV|51.883,24.967 51.383,27.75 50.85,27.433 50.807,27.788 49.762,27.85 48.422,27.828 48.457,27.739 48.442,27.654 48.495,27.589 48.412,27.381 48.445,27.372 48.447,27.327 48.374,27.286 48.378,27.131 48.435,27.08 48.423,27.02 48.378,27.041 48.365,26.923 48.418,26.873 48.406,26.706 48.241,26.624 48.183,26.316 48.091,26.283 47.999,26.199 47.983,25.933 47.941,25.783 47.933,25.383 47.899,25.233 47.766,25.116 47.733,24.999 47.733,24.883 47.824,24.833 47.866,24.683 47.949,24.633 47.973,24.574 47.983,24.449 47.924,24.366 47.903,24.233 47.971,23.999 47.941,23.866 47.999,23.766 47.983,23.499 48.027,23.343 48.102,23.271 48.12,23.183 48.087,23.133 48.008,23.099 47.991,23.033 48.024,22.933 47.966,22.946 47.96,22.901 47.992,22.85 48.042,22.892 48.117,22.825 48.104,22.604 48.196,22.587 48.258,22.5 48.25,22.379 48.333,22.317 48.364,22.325 48.391,22.248 48.413,22.279 48.425,22.225 48.379,22.126 48.41,22.158 48.579,22.167 48.7,22.358 48.867,22.383 48.992,22.483 49.008,22.542 49.1,22.583 49.017,22.833 49.083,22.9 49.133,22.8 49.233,22.733 49.333,22.8 49.533,22.667 50.05,23.233 50.333,23.683 50.383,23.717 50.417,23.783 50.45,24.05 50.633,24.1 50.717,24.067 50.717,24.033 50.767,24.033 50.767,23.967 50.833,23.967 50.833,24.083 50.867,24.15 50.95,23.983 51.1,23.867 51.15,23.867 51.217,23.75 51.267,23.733 51.283,23.667 51.333,23.65 51.417,23.7 51.45,23.65 51.483,23.667 51.5,23.617 51.883,24.967
UKOV|47.733,33.05 46.767,32.883 46.125,32.908 44.767,30.15 45.15,29.967 45.217,29.667 45.333,29.649 45.399,29.566 45.433,29.416 45.416,29.216 45.283,28.933 45.333,28.799 45.283,28.766 45.233,28.799 45.233,28.666 45.333,28.333 45.449,28.283 45.473,28.205 45.546,28.305 45.487,28.427 45.502,28.512 45.581,28.544 45.685,28.478 45.738,28.522 45.773,28.581 45.781,28.709 45.835,28.786 45.929,28.757 45.973,28.775 46.004,28.978 46.048,29.004 46.092,28.949 46.195,29.066 46.256,28.953 46.33,28.992 46.458,28.932 46.557,29.236 46.488,29.254 46.414,29.324 46.439,29.482 46.412,29.567 46.362,29.583 46.366,29.671 46.436,29.652 46.468,29.748 46.385,29.811 46.358,29.891 46.398,29.943 46.381,30.092 46.426,30.16 46.44,30.05 46.561,29.943 46.759,29.971 46.886,29.886 46.858,29.748 47.044,29.625 47.137,29.581 47.37,29.57 47.309,29.482 47.447,29.309 47.462,29.24 47.848,29.218 47.889,29.279 48.237,29.528 47.733,33.05
UKR|51.45,23.65 51.483,23.667 51.5,23.617 51.883,24.967 51.383,27.75 51.667,29.083 51.467,29.583 51.483,30.133 51.617,30.317 51.783,30.3 52.133,30.383 52.25,30.8 52.283,31.183 52.133,31.683 52.133,31.783 52.015,32.032 52.086,32.303 52.137,32.358 52.218,32.352 52.316,32.401 52.303,32.591 52.255,32.744 52.258,32.932 52.337,33.096 52.362,33.25 52.356,33.741 52.323,33.854 52.193,33.976 52.142,34.116 52.061,34.075 51.996,34.098 51.891,34.227 51.79,34.268 51.779,34.432 51.724,34.431 51.664,34.107 51.517,34.237 51.392,34.222 51.338,34.303 51.281,34.261 51.229,34.278 51.25,34.667 51.2,34.667 51.183,34.8 51.233,34.967 51.233,35.117 51.067,35.183 51.083,35.317 51.033,35.417 51.017,35.333 50.667,35.5 50.667,35.417 50.6,35.45 50.6,35.4 50.45,35.583 50.367,35.6 50.433,35.8 50.45,36.033 50.417,36.2 50.3,36.3 50.333,36.433 50.267,36.683 50.35,36.917 50.35,37.167 50.45,37.483 50.367,37.483 50.3,37.65 50.217,37.617 49.933,38.133 49.967,38.2 50.083,38.183 50.083,38.35 50.0,38.35 50.0,38.683 49.983,38.717 49.95,38.7 49.817,39.067 49.883,39.167 49.733,39.383 49.733,39.617 49.633,39.65 49.567,39.817 49.617,40.15 49.567,40.2 49.382,40.143 49.25,40.2 49.05,39.933 49.05,39.667 48.833,39.8 48.6,39.667 48.583,39.833 48.367,39.933 48.333,39.833 48.283,39.883 48.317,39.983 48.233,40.0 48.225,39.95 48.087,39.879 48.05,39.817 47.967,39.821 47.829,39.75 47.829,39.533 47.867,39.458 47.846,39.404 47.878,39.376 47.837,39.117 47.879,38.879 47.862,38.837 47.812,38.829 47.812,38.796 47.683,38.763 47.7,38.667 47.642,38.617 47.608,38.358 47.521,38.288 47.383,38.3 47.367,38.25 47.3,38.233 47.3,38.333 47.25,38.333 47.217,38.233 47.112,38.223 46.983,38.333 46.783,37.5 45.45,36.683 45.378,36.683 45.307,36.59 45.245,36.595 45.205,36.533 44.933,36.617 44.517,36.667 42.733,36.267 42.783,34.0 42.8,30.75 44.25,30.4 45.15,29.967 45.217,29.667 45.333,29.649 45.399,29.566 45.433,29.416 45.416,29.216 45.283,28.933 45.333,28.799 45.283,28.766 45.233,28.799 45.233,28.666 45.333,28.333 45.449,28.283 45.473,28.205 45.546,28.305 45.487,28.427 45.502,28.512 45.581,28.544 45.685,28.478 45.738,28.522 45.773,28.581 45.781,28.709 45.835,28.786 45.929,28.757 45.973,28.775 46.004,28.978 46.048,29.004 46.092,28.949 46.195,29.066 46.256,28.953 46.33,28.992 46.458,28.932 46.557,29.236 46.488,29.254 46.414,29.324 46.439,29.482 46.412,29.567 46.362,29.583 46.366,29.671 46.436,29.652 46.468,29.748 46.385,29.811 46.358,29.891 46.398,29.943 46.381,30.092 46.426,30.16 46.44,30.05 46.561,29.943 46.759,29.971 46.886,29.886 46.858,29.748 47.044,29.625 47.137,29.581 47.37,29.57 47.309,29.482 47.447,29.309 47.462,29.24 47.848,29.218 47.889,29.279 47.885,29.204 47.994,29.174 47.994,29.119 47.944,29.056 47.964,28.922 48.133,28.834 48.177,28.57 48.153,28.51 48.172,28.375 48.247,28.342 48.21,28.196 48.256,28.185 48.325,28.051 48.327,27.959 48.422,27.828 48.457,27.739 48.442,27.654 48.495,27.589 48.412,27.381 48.445,27.372 48.447,27.327 48.374,27.286 48.378,27.131 48.435,27.08 48.423,27.02 48.378,27.041 48.365,26.923 48.418,26.873 48.406,26.706 48.241,26.624 48.183,26.316 48.091,26.283 47.999,26.199 47.983,25.933 47.941,25.783 47.933,25.383 47.899,25.233 47.766,25.116 47.733,24.883 47.824,24.833 47.866,24.683 47.949,24.633 47.973,24.574 47.983,24.449 47.924,24.366 47.903,24.233 47.971,23.999 47.941,23.866 47.999,23.766 47.983,23.499 48.027,23.343 48.102,23.271 48.12,23.183 48.087,23.133 48.008,23.099 47.991,23.033 48.024,22.933 47.966,22.946 47.96,22.901 47.992,22.85 48.042,22.892 48.117,22.825 48.104,22.604 48.196,22.587 48.258,22.5 48.25,22.379 48.333,22.317 48.364,22.325 48.391,22.248 48.413,22.279 48.425,22.225 48.379,22.126 48.41,22.158 48.579,22.167 48.7,22.358 48.867,22.383 48.992,22.483 49.008,22.542 49.1,22.583 49.017,22.833 49.083,22.9 49.133,22.8 49.233,22.733 49.333,22.8 49.533,22.667 50.05,23.233 50.333,23.683 50.383,23.717 50.417,23.783 50.45,24.05 50.633,24.1 50.717,24.067 50.717,24.033 50.767,24.033 50.767,23.967 50.833,23.967 50.833,24.083 50.867,24.15 50.95,23.983 51.1,23.867 51.15,23.867 51.217,23.75 51.267,23.733 51.283,23.667 51.333,23.65 51.417,23.7 51.45,23.65
ULLL|59.852,26.078 59.883,25.867 60.133,26.55 60.223,27.457 60.392,27.726 60.433,27.685 60.451,27.747 60.538,27.783 60.618,27.893 60.956,28.529 60.952,28.656 61.124,28.82 61.272,29.24 61.461,29.503 61.492,29.496 61.494,29.586 61.574,29.736 61.662,29.832 61.768,30.042 61.819,30.07 62.229,30.738 62.47,31.195 62.665,31.374 62.791,31.446 62.908,31.589 63.032,31.446 63.107,31.267 63.218,31.239 63.406,30.781 63.469,30.48 63.757,29.972 63.822,30.249 63.921,30.323 64.032,30.517 64.133,30.549 64.205,30.466 64.221,30.511 64.262,30.482 64.401,30.047 64.453,30.058 64.538,29.987 64.596,29.99 64.639,30.15 64.736,30.034 64.77,30.094 64.794,30.037 64.791,29.741 64.93,29.611 65.061,29.627 65.103,29.9 65.145,29.817 65.193,29.896 65.21,29.881 65.232,29.637 65.263,29.596 65.343,29.735 65.474,29.729 65.561,29.862 65.636,29.716 65.696,30.004 65.67,30.137 65.824,30.102 66.126,29.922 66.272,29.704 66.542,29.475 66.849,29.059 66.922,29.035 66.954,29.038 67.311,29.551 67.525,29.929 67.677,30.01 67.804,29.659 68.074,29.33 68.197,28.644 68.541,28.433 68.732,28.703 68.867,28.801 68.886,28.466 68.914,28.423 69.052,28.929 69.015,29.057 69.113,29.242 69.229,29.313 69.256,29.278 69.299,29.297 69.318,29.571 69.422,29.846 69.423,30.032 69.551,30.186 69.643,30.137 69.658,30.085 69.653,30.224 69.54,30.516 69.529,30.818 69.557,30.928 69.683,30.945 69.714,30.875 69.738,30.89 69.794,30.817 70.0,31.133 70.167,32.083 71.397,32.05 71.5,32.083 74.0,32.05 74.0,35.0 81.0,35.0 81.0,32.0 90.0,32.0 90.0,169.0 78.0,114.75 77.333,89.5 75.333,81.833 74.5,70.683 73.667,70.917 73.667,68.667 71.519,66.304 70.83,65.66 69.964,66.184 68.867,66.783 68.43,68.0 67.75,67.36 67.307,66.64 66.46,63.43 65.711,62.09 64.456,60.064 63.171,59.711 62.0,59.5 61.168,57.211 60.717,55.7 60.0,52.0 60.0,50.0 60.333,48.667 60.067,46.333 59.517,45.498 58.767,45.0 58.778,42.417 58.733,39.56 58.583,35.817 58.2,34.567 57.35,32.55 56.917,31.167 55.603,30.951 55.626,30.851 55.59,30.813 55.589,30.769 55.662,30.729 55.634,30.675 55.705,30.655 55.75,30.532 55.807,30.489 55.807,30.374 55.833,30.288 55.866,30.281 55.831,30.116 55.861,29.894 55.776,29.778 55.801,29.752 55.777,29.625 55.702,29.509 55.757,29.358 55.9,29.397 55.916,29.482 55.958,29.443 56.031,29.089 55.986,28.861 55.958,28.843 55.965,28.746 56.074,28.64 56.1,28.681 56.114,28.548 56.087,28.423 56.109,28.375 56.059,28.374 56.058,28.32 56.145,28.159 56.279,28.247 56.368,28.181 56.45,28.179 56.522,28.11 56.572,28.142 56.587,28.057 56.661,28.017 56.752,27.902 56.82,27.977 56.876,27.852 56.846,27.671 56.911,27.674 56.938,27.731 57.015,27.716 57.081,27.757 57.103,27.733 57.165,27.825 57.254,27.873 57.294,27.86 57.44,27.524 57.458,27.512 57.501,27.568 57.529,27.55 57.539,27.356 57.517,27.333 57.576,27.328 57.6,27.383 57.665,27.388 57.705,27.434 57.705,27.524 57.726,27.542 57.797,27.509 57.83,27.56 57.827,27.767 57.862,27.829 57.903,27.813 57.928,27.702 57.997,27.695 58.016,27.613 58.113,27.586 58.215,27.481 58.303,27.495 58.38,27.55 58.78,27.36 58.985,27.726 59.254,27.916 59.311,28.18 59.323,28.159 59.388,28.207 59.457,28.099 59.612,27.637 59.852,26.078
ULLL-AM|66.922,29.035 66.954,29.038 67.311,29.551 67.525,29.929 67.677,30.01 67.804,29.659 68.074,29.33 68.197,28.644 68.541,28.433 68.732,28.703 68.867,28.801 68.886,28.466 68.914,28.423 69.052,28.929 69.015,29.057 69.113,29.242 69.229,29.313 69.256,29.278 69.299,29.297 69.318,29.571 69.422,29.846 69.423,30.032 69.551,30.186 69.643,30.137 69.658,30.085 69.653,30.224 69.54,30.516 69.529,30.818 69.557,30.928 69.683,30.945 69.714,30.875 69.738,30.89 69.794,30.817 70.0,31.133 70.167,32.083 71.397,32.05 71.5,32.083 74.0,32.05 74.0,35.0 81.0,35.0 81.0,32.0 90.0,32.0 90.0,169.0 78.0,114.75 77.333,89.5 75.333,81.833 74.5,70.683 73.667,70.917 73.667,68.667 71.519,66.304 71.167,57.65 70.717,57.6 69.467,58.567 68.967,59.317 68.467,59.7 67.0,57.967 67.033,55.133 66.783,51.883 65.817,50.0 64.967,50.233 62.85,46.85 62.583,46.167 62.6,43.317 61.717,42.183 61.983,37.1 63.833,36.433 64.55,36.0 65.067,35.167 66.0,36.65 66.333,35.083 66.417,29.583 66.542,29.475 66.849,29.059 66.922,29.035
ULLL-AR|61.983,37.1 63.833,36.433 64.55,36.0 65.067,35.167 66.0,36.65 66.0,38.5 66.25,40.0 66.783,42.5 65.839,44.267 65.817,50.0 64.967,50.233 62.85,46.85 62.583,46.167 62.6,43.317 61.717,42.183 61.983,37.1
ULLL-KT|60.21,47.538 60.067,46.333 60.133,45.917 60.35,45.467 60.567,45.217 60.75,45.083 61.233,42.583 61.717,42.183 62.6,43.317 62.583,46.167 62.317,46.233 61.05,48.233 60.333,48.667 60.21,47.538
ULLL-MO|74.0,32.05 74.0,35.0 81.0,35.0 81.0,32.0 90.0,32.0 90.0,169.0 78.0,114.75 77.333,89.5 75.333,81.833 74.5,70.683 73.667,70.917 73.667,68.667 71.519,66.304 71.167,57.65 73.9,58.0 73.0,48.617 70.5,49.5 68.667,43.267 71.5,32.083 74.0,32.05
ULLL-MR|66.542,29.475 66.849,29.059 66.954,29.038 67.311,29.551 67.525,29.929 67.677,30.01 67.804,29.659 68.074,29.33 68.197,28.644 68.541,28.433 68.732,28.703 68.867,28.801 68.886,28.466 68.914,28.423 69.052,28.929 69.015,29.057 69.113,29.242 69.229,29.313 69.256,29.278 69.299,29.297 69.318,29.571 69.422,29.846 69.423,30.032 69.551,30.186 69.643,30.137 69.658,30.085 69.653,30.224 69.54,30.516 69.529,30.818 69.557,30.928 69.683,30.945 69.714,30.875 69.738,30.89 69.794,30.817 70.0,31.133 70.167,32.083 71.397,32.05 71.5,32.083 68.667,43.267 66.783,42.5 66.25,40.0 66.0,38.5 66.0,36.65 66.333,35.083 66.417,29.583 66.542,29.475
ULLL-NM|70.717,57.6 69.467,58.567 68.967,59.317 68.467,59.7 67.0,57.967 67.033,55.133 66.783,51.883 65.817,50.0 65.839,44.267 66.783,42.5 68.667,43.267 70.5,49.5 73.0,48.617 73.9,58.0 70.717,57.6
ULLL-R|59.447,28.109 59.612,27.637 59.883,25.867 60.133,26.55 60.223,27.457 60.392,27.726 60.433,27.685 60.451,27.747 60.538,27.783 60.618,27.893 60.956,28.529 60.952,28.656 61.124,28.82 61.272,29.24 61.461,29.503 61.492,29.496 61.494,29.586 61.574,29.736 61.662,29.832 61.768,30.042 61.819,30.07 62.229,30.738 62.47,31.195 62.665,31.374 62.791,31.446 62.908,31.589 63.032,31.446 63.107,31.267 63.218,31.239 63.406,30.781 63.469,30.48 63.757,29.972 63.822,30.249 63.921,30.323 64.032,30.517 64.133,30.549 64.205,30.466 64.221,30.511 64.262,30.482 64.401,30.047 64.453,30.058 64.538,29.987 64.596,29.99 64.639,30.15 64.736,30.034 64.77,30.094 64.794,30.037 64.791,29.741 64.93,29.611 65.061,29.627 65.103,29.9 65.145,29.817 65.193,29.896 65.21,29.881 65.232,29.637 65.263,29.596 65.343,29.735 65.474,29.729 65.561,29.862 65.636,29.716 65.696,30.004 65.67,30.137 65.824,30.102 66.126,29.922 66.272,29.704 66.417,29.583 66.333,35.083 66.0,36.65 65.067,35.167 64.55,36.0 63.833,36.433 61.983,37.1 61.333,37.283 61.067,35.533 60.967,35.55 60.833,35.483 60.45,35.15 58.583,35.817 58.2,34.567 57.35,32.55 56.917,31.167 55.603,30.951 55.626,30.851 55.589,30.769 55.662,30.729 55.634,30.675 55.705,30.655 55.75,30.532 55.807,30.489 55.807,30.374 55.833,30.288 55.866,30.281 55.831,30.116 55.861,29.894 55.776,29.778 55.801,29.752 55.777,29.625 55.702,29.509 55.757,29.358 55.9,29.397 55.916,29.482 55.958,29.443 56.031,29.089 55.986,28.861 55.958,28.843 55.965,28.746 56.074,28.64 56.1,28.681 56.114,28.548 56.087,28.423 56.109,28.375 56.059,28.374 56.058,28.32 56.145,28.159 56.279,28.247 56.368,28.181 56.45,28.179 56.522,28.11 56.572,28.142 56.587,28.057 56.661,28.017 56.752,27.902 56.82,27.977 56.876,27.852 56.846,27.671 56.911,27.674 56.938,27.731 57.015,27.716 57.081,27.757 57.103,27.733 57.165,27.825 57.254,27.873 57.294,27.86 57.44,27.524 57.458,27.512 57.501,27.568 57.539,27.53 57.517,27.333 57.576,27.328 57.6,27.383 57.665,27.388 57.705,27.434 57.726,27.542 57.797,27.509 57.83,27.56 57.827,27.767 57.862,27.829 57.903,27.813 57.928,27.702 57.997,27.695 58.016,27.613 58.113,27.586 58.215,27.481 58.303,27.495 58.38,27.55 58.78,27.36 58.985,27.726 59.254,27.916 59.311,28.18 59.323,28.159 59.388,28.207 59.447,28.109
ULLL-R1|59.905,30.595 61.258,30.595 61.269,32.618 61.067,35.533 60.967,35.55 60.833,35.483 60.45,35.15 59.652,35.42 59.614,31.947 59.681,31.158 59.905,30.595
ULLL-R2|58.2,34.567 57.35,32.55 57.763,31.071 57.973,30.66 58.357,30.514 58.502,30.319 58.896,30.663 59.32,30.879 59.502,31.147 59.681,31.158 59.614,31.947 59.652,35.42 58.583,35.817 58.2,34.567
ULLL-R3|58.053,27.603 58.113,27.586 58.215,27.481 58.303,27.495 58.38,27.55 58.78,27.36 58.985,27.726 59.143,27.814 59.186,27.889 59.269,27.942 59.311,28.18 59.323,28.159 59.364,28.212 59.318,29.265 59.601,30.29 59.681,31.158 59.502,31.147 59.32,30.879 58.896,30.663 58.502,30.319 58.513,29.829 58.393,29.534 58.175,29.134 58.191,28.783 58.053,27.603
ULLL-R4|59.371,28.211 59.457,28.099 59.612,27.637 59.883,25.867 60.133,26.55 60.223,27.457 60.392,27.726 60.433,27.685 60.451,27.747 60.538,27.783 60.618,27.893 60.956,28.529 60.952,28.656 61.124,28.82 61.272,29.24 61.461,29.503 61.492,29.496 61.494,29.586 61.258,30.595 59.905,30.595 59.681,31.158 59.601,30.29 59.318,29.265 59.371,28.211
ULLL-R5|61.574,29.736 61.662,29.832 61.768,30.042 61.819,30.07 62.229,30.738 62.47,31.195 62.665,31.374 62.791,31.446 62.908,31.589 63.032,31.446 63.107,31.267 63.218,31.239 63.406,30.781 63.469,30.48 63.757,29.972 63.822,30.249 63.921,30.323 64.032,30.517 64.133,30.549 64.205,30.466 64.221,30.511 64.262,30.482 64.401,30.047 64.453,30.058 64.538,29.987 64.596,29.99 64.639,30.15 64.736,30.034 64.77,30.094 64.794,30.037 64.791,29.741 64.93,29.611 65.061,29.627 65.103,29.9 65.145,29.817 65.193,29.896 65.21,29.881 65.232,29.637 65.263,29.596 65.343,29.735 65.474,29.729 65.561,29.862 65.636,29.716 65.696,30.004 65.67,30.137 65.824,30.102 66.126,29.922 66.272,29.704 66.417,29.583 66.333,35.083 66.0,36.65 65.067,35.167 64.55,36.0 63.833,36.433 61.983,37.1 61.333,37.283 61.067,35.533 61.269,32.618 61.258,30.595 61.494,29.586 61.574,29.736
ULLL-R6|56.917,31.167 55.603,30.951 55.626,30.851 55.589,30.769 55.662,30.729 55.634,30.675 55.705,30.655 55.75,30.532 55.807,30.489 55.807,30.374 55.833,30.288 55.866,30.281 55.831,30.116 55.861,29.894 55.776,29.778 55.801,29.752 55.777,29.625 55.702,29.509 55.757,29.358 55.9,29.397 55.916,29.482 55.958,29.443 56.031,29.089 55.986,28.861 55.958,28.843 55.965,28.746 56.074,28.64 56.1,28.681 56.114,28.548 56.087,28.423 56.109,28.375 56.059,28.374 56.058,28.32 56.145,28.159 56.279,28.247 56.368,28.181 56.45,28.179 56.522,28.11 56.572,28.142 56.587,28.057 56.661,28.017 56.752,27.902 56.82,27.977 56.876,27.852 56.846,27.671 56.911,27.674 56.938,27.731 57.015,27.716 57.081,27.757 57.103,27.733 57.165,27.825 57.254,27.873 57.294,27.86 57.44,27.524 57.458,27.512 57.501,27.568 57.529,27.55 57.539,27.356 57.517,27.333 57.576,27.328 57.6,27.383 57.665,27.388 57.705,27.434 57.705,27.524 57.726,27.542 57.797,27.509 57.83,27.56 57.827,27.767 57.862,27.829 57.903,27.813 57.928,27.702 57.997,27.695 58.001,27.635 58.039,27.609 58.191,28.783 58.175,29.134 58.393,29.534 58.513,29.829 58.502,30.319 58.357,30.514 57.973,30.66 57.763,31.071 57.35,32.55 56.917,31.167
ULLL-S|71.52,66.322 70.83,65.66 69.964,66.184 68.867,66.783 68.43,68.0 67.75,67.36 67.307,66.64 66.46,63.43 65.711,62.09 64.456,60.064 63.171,59.711 62.0,59.5 61.168,57.211 60.717,55.7 60.0,52.0 60.0,50.0 60.333,48.667 61.05,48.233 62.317,46.233 62.583,46.167 62.85,46.85 64.967,50.233 65.817,50.0 66.783,51.883 67.033,55.133 67.0,57.967 68.467,59.7 68.967,59.317 69.467,58.567 70.717,57.6 71.167,57.65 71.52,66.322
ULLL-SW|59.428,28.135 59.612,27.637 59.883,25.867 60.133,26.55 60.223,27.457 60.392,27.726 60.433,27.685 60.451,27.747 60.538,27.783 60.618,27.893 60.956,28.529 60.952,28.656 61.124,28.82 61.272,29.24 61.461,29.503 61.492,29.496 61.494,29.586 61.258,30.595 59.905,30.595 59.681,31.158 59.502,31.147 59.32,30.879 58.896,30.663 58.502,30.319 58.513,29.829 58.393,29.534 58.175,29.134 58.191,28.783 58.039,27.609 58.113,27.586 58.215,27.481 58.303,27.495 58.38,27.55 58.78,27.36 58.985,27.726 59.254,27.916 59.311,28.18 59.323,28.159 59.388,28.207 59.428,28.135
ULLL-W|58.769,41.44 58.695,38.268 58.583,35.817 60.45,35.15 60.833,35.483 60.967,35.55 61.067,35.533 61.333,37.283 61.983,37.1 61.717,42.183 61.233,42.583 60.75,45.083 60.567,45.217 60.35,45.467 60.133,45.917 60.067,46.333 59.517,45.498 58.767,45.0 58.769,41.44
ULLL-WK|58.737,39.785 58.583,35.817 60.45,35.15 60.833,35.483 60.967,35.55 61.067,35.533 61.333,37.283 61.983,37.1 61.717,42.183 62.6,43.317 62.583,46.167 62.317,46.233 61.05,48.233 60.333,48.667 60.067,46.333 59.517,45.498 58.767,45.0 58.778,42.417 58.737,39.785
UMKK|54.458,19.642 55.85,17.55 56.095,18.019 55.282,20.957 55.246,21.276 55.291,21.389 55.194,21.502 55.188,21.627 55.076,21.952 55.086,22.035 55.026,22.071 55.064,22.232 55.048,22.469 55.072,22.581 55.02,22.612 54.903,22.846 54.797,22.881 54.709,22.733 54.641,22.751 54.603,22.698 54.499,22.695 54.402,22.757 54.394,22.817 54.365,22.788 54.317,21.467 54.458,19.642
UMMV|56.166,28.151 56.058,28.32 56.059,28.374 56.109,28.375 56.087,28.423 56.114,28.548 56.1,28.681 56.074,28.64 55.965,28.746 55.958,28.843 55.986,28.861 56.031,29.089 55.958,29.443 55.916,29.482 55.9,29.397 55.757,29.358 55.702,29.509 55.777,29.625 55.801,29.752 55.776,29.778 55.861,29.894 55.831,30.116 55.866,30.281 55.833,30.288 55.807,30.374 55.807,30.489 55.75,30.532 55.705,30.655 55.634,30.675 55.662,30.729 55.589,30.769 55.626,30.851 55.609,30.936 55.517,30.967 55.483,30.9 55.4,30.933 55.283,30.833 55.167,31.0 55.033,31.017 55.033,30.917 55.0,30.95 54.95,30.917 54.95,30.833 54.8,30.75 54.7,31.033 54.683,30.983 54.667,31.183 54.633,31.25 54.517,31.1 54.467,31.25 54.25,31.333 54.117,31.8 54.05,31.883 53.817,31.767 53.817,32.117 53.733,32.45 53.7,32.5 53.667,32.417 53.6,32.433 53.467,32.617 53.467,32.75 53.333,32.65 53.3,32.483 53.183,32.35 53.1,32.183 53.117,31.833 53.233,31.633 53.2,31.6 53.217,31.417 53.033,31.333 53.033,31.25 52.867,31.55 52.817,31.5 52.667,31.517 52.567,31.667 52.517,31.55 52.483,31.55 52.5,31.633 52.317,31.6 52.267,31.733 52.183,31.683 52.2,31.783 52.115,31.793 52.283,31.183 52.25,30.8 52.133,30.383 51.783,30.3 51.617,30.317 51.483,30.133 51.467,29.583 51.667,29.083 51.383,27.75 51.883,24.967 51.5,23.617 51.533,23.567 51.717,23.55 51.8,23.633 51.833,23.617 51.983,23.683 52.083,23.65 52.183,23.483 52.233,23.183 52.283,23.167 52.567,23.45 52.667,23.917 52.967,23.95 53.083,23.883 53.167,23.917 53.25,23.817 53.633,23.6 53.75,23.6 53.767,23.567 53.933,23.517 53.9,23.8 53.939,24.196 53.891,24.411 53.995,24.657 53.948,24.747 53.971,24.803 54.066,24.807 54.252,25.32 54.253,25.543 54.155,25.572 54.136,25.715 54.167,25.783 54.245,25.779 54.329,25.585 54.556,25.729 54.786,25.771 54.881,25.855 55.0,26.217 55.138,26.272 55.101,26.451 55.143,26.669 55.265,26.856 55.296,26.852 55.302,26.81 55.319,26.459 55.607,26.647 55.681,26.631 55.813,26.978 55.807,27.556 56.166,28.151
UMMV-N|54.17,30.618 53.938,30.204 53.782,30.185 53.818,29.391 53.891,29.17 53.856,28.713 53.884,28.021 54.103,27.338 54.435,26.8 54.579,25.732 54.786,25.771 54.881,25.855 55.0,26.217 55.138,26.272 55.101,26.451 55.143,26.669 55.265,26.856 55.296,26.852 55.302,26.81 55.319,26.459 55.607,26.647 55.681,26.631 55.813,26.978 55.807,27.556 56.193,28.187 56.145,28.159 56.058,28.32 56.059,28.374 56.109,28.375 56.087,28.423 56.114,28.548 56.1,28.681 56.074,28.64 55.965,28.746 55.958,28.843 55.986,28.861 56.031,29.089 55.958,29.443 55.916,29.482 55.9,29.397 55.757,29.358 55.702,29.509 55.777,29.625 55.801,29.752 55.776,29.778 55.861,29.894 55.831,30.116 55.866,30.281 55.833,30.288 55.807,30.374 55.807,30.489 55.75,30.532 55.705,30.655 55.634,30.675 55.662,30.729 55.589,30.769 55.626,30.851 55.609,30.936 55.517,30.967 55.483,30.9 55.4,30.933 55.283,30.833 55.167,31.0 55.033,31.017 55.033,30.917 55.0,30.95 54.95,30.917 54.95,30.833 54.8,30.75 54.7,31.033 54.683,30.983 54.667,31.183 54.633,31.25 54.517,31.1 54.467,31.25 54.25,31.333 54.17,30.618
UMMV-S|54.25,31.333 54.117,31.8 54.05,31.883 53.817,31.767 53.817,32.117 53.733,32.45 53.7,32.5 53.667,32.417 53.6,32.433 53.467,32.617 53.467,32.75 53.333,32.65 53.3,32.483 53.183,32.35 53.1,32.183 53.117,31.833 53.233,31.633 53.2,31.6 53.217,31.417 53.033,31.333 53.033,31.25 52.867,31.55 52.817,31.5 52.667,31.517 52.567,31.667 52.517,31.55 52.483,31.55 52.5,31.633 52.317,31.6 52.267,31.733 52.183,31.683 52.2,31.783 52.115,31.793 52.283,31.183 52.25,30.8 52.133,30.383 51.783,30.3 51.617,30.317 51.483,30.133 51.467,29.583 51.667,29.083 51.383,27.75 51.579,26.667 51.784,26.794 52.166,26.86 52.69,27.238 53.118,27.676 53.618,27.69 53.884,28.021 53.856,28.713 53.891,29.17 53.818,29.391 53.782,30.185 53.938,30.204 54.17,30.618 54.25,31.333
UMMV-W|51.579,26.667 51.883,24.967 51.5,23.617 51.533,23.567 51.717,23.55 51.8,23.633 51.833,23.617 51.983,23.683 52.083,23.65 52.183,23.483 52.233,23.183 52.283,23.167 52.567,23.45 52.667,23.917 52.967,23.95 53.083,23.883 53.167,23.917 53.25,23.817 53.633,23.6 53.75,23.6 53.767,23.567 53.933,23.517 53.9,23.8 53.939,24.196 53.891,24.411 53.995,24.657 53.948,24.747 53.971,24.803 54.066,24.807 54.252,25.32 54.267,25.457 54.253,25.543 54.155,25.572 54.136,25.715 54.167,25.783 54.245,25.779 54.329,25.585 54.579,25.732 54.435,26.8 54.103,27.338 53.884,28.021 53.618,27.69 53.118,27.676 52.69,27.238 52.166,26.86 51.784,26.794 51.579,26.667
UNKL|55.933,98.0 54.0,96.0 53.0,99.0 52.1,99.0 52.147,98.925 51.817,98.667 51.717,98.317 51.467,98.233 51.017,97.833 50.867,98.017 50.75,97.967 50.55,98.317 49.95,97.85 49.95,97.583 49.75,97.3 49.933,96.817 49.9,96.683 49.967,96.8 49.9,96.433 50.017,96.083 50.033,95.85 49.967,95.733 49.967,95.067 50.05,94.983 50.033,94.633 50.567,94.283 50.617,93.0 50.783,93.017 50.767,92.767 50.7,92.75 50.7,92.617 50.767,92.617 50.783,92.45 50.9,92.367 50.7,92.25 50.717,91.75 50.567,91.65 50.533,91.45 49.917,89.667 51.0,89.45 51.533,88.283 52.833,89.05 54.583,88.667 56.067,89.083 57.3,88.183 58.75,87.933 60.917,83.0 63.45,84.8 66.55,82.783 68.667,80.0 70.867,78.583 71.883,76.0 72.983,74.467 73.667,70.917 74.5,70.683 75.333,81.833 77.333,89.5 78.0,114.75 76.333,114.717 73.833,114.733 72.0,112.0 70.2,108.183 69.25,106.5 67.0,106.917 65.5,107.0 62.0,107.0 61.267,108.033 60.767,106.7 58.05,102.5 57.933,100.683 57.45,97.533 55.933,98.0
UNKL-N|66.55,82.783 68.667,80.0 70.867,78.583 71.883,76.0 72.983,74.467 73.667,70.917 74.5,70.683 75.333,81.833 77.333,89.5 78.0,114.75 76.333,114.717 73.833,114.733 72.0,112.0 70.2,108.183 69.25,106.5 67.0,106.917 65.5,107.0 62.0,107.0 62.431,97.471 62.783,94.0 63.167,88.0 63.45,84.8 66.55,82.783
UNKL-N1|67.888,95.0 67.479,95.0 66.55,82.783 68.667,80.0 70.867,78.583 71.883,76.0 72.983,74.467 73.667,70.917 74.5,70.683 75.333,81.833 77.333,89.5 78.0,114.75 76.333,114.717 73.833,114.733 72.0,112.0 70.2,108.183 69.25,106.5 67.0,106.917 67.888,95.0
UNKL-N2|63.45,84.8 63.167,88.0 62.783,94.0 62.431,97.471 62.0,107.0 65.5,107.0 67.0,106.917 67.888,95.0 67.479,95.0 66.55,82.783 63.45,84.8
UNKL-S|55.933,98.0 54.0,96.0 53.0,99.0 52.1,99.0 52.147,98.925 51.817,98.667 51.717,98.317 51.467,98.233 51.017,97.833 50.867,98.017 50.75,97.967 50.55,98.317 49.95,97.85 49.95,97.583 49.75,97.3 49.933,96.817 49.9,96.683 49.967,96.8 49.9,96.433 50.017,96.083 50.033,95.85 49.967,95.733 49.967,95.067 50.05,94.983 50.033,94.633 50.567,94.283 50.617,93.0 50.783,93.017 50.767,92.767 50.7,92.75 50.7,92.617 50.767,92.617 50.783,92.45 50.9,92.367 50.7,92.25 50.717,91.75 50.567,91.65 50.533,91.45 49.917,89.667 51.0,89.45 51.533,88.283 52.833,89.05 54.583,88.667 56.067,89.083 57.3,88.183 58.75,87.933 60.917,83.0 63.45,84.8 63.167,88.0 62.783,94.0 62.431,97.471 62.0,107.0 61.267,108.033 60.767,106.7 58.05,102.5 57.933,100.683 57.45,97.533 55.933,98.0
UNKL-S1|54.0,96.0 53.0,99.0 52.1,99.0 52.147,98.925 51.817,98.667 51.717,98.317 51.467,98.233 51.017,97.833 50.867,98.017 50.75,97.967 50.55,98.317 49.95,97.85 49.95,97.583 49.75,97.3 49.933,96.817 49.9,96.683 49.967,96.8 49.9,96.433 50.017,96.083 50.033,95.85 49.967,95.733 49.967,95.067 50.05,94.983 50.033,94.633 50.567,94.283 50.617,93.0 50.783,93.017 50.767,92.767 50.7,92.75 50.7,92.617 50.767,92.617 50.783,92.45 50.9,92.367 50.7,92.25 50.717,91.75 50.567,91.65 50.533,91.45 49.917,89.667 51.0,89.45 51.533,88.283 52.833,89.05 54.583,88.667 55.0,88.783 55.05,91.067 54.772,92.492 54.0,96.0
UNKL-S2|54.0,96.0 54.772,92.492 55.05,91.067 55.0,88.783 56.067,89.083 57.3,88.183 58.75,87.933 60.25,90.217 60.417,93.067 60.35,94.5 59.167,93.333 57.45,97.533 55.933,98.0 54.0,96.0
UNKL-S3|63.45,84.8 63.167,88.0 62.783,94.0 62.431,97.471 62.0,107.0 61.267,108.033 60.767,106.7 58.05,102.5 57.933,100.683 57.45,97.533 59.167,93.333 60.35,94.5 60.417,93.067 60.25,90.217 58.75,87.933 60.917,83.0 63.45,84.8
UNNT|60.917,83.0 60.667,80.167 60.95,77.383 60.85,77.033 60.717,77.05 60.35,76.483 59.0,73.867 58.167,72.8 57.7,71.167 55.667,69.217 55.392,69.158 55.333,69.183 55.367,69.617 55.133,70.183 55.2,70.367 55.283,70.483 55.267,70.65 55.3,70.8 55.083,71.017 54.867,71.0 54.717,71.117 54.667,71.283 54.617,71.3 54.6,71.2 54.333,71.2 54.35,71.017 54.3,71.017 54.25,71.1 54.2,71.067 54.1,71.167 54.183,71.317 54.1,71.65 54.15,71.75 54.25,71.75 54.217,72.0 54.133,72.167 54.183,72.183 54.233,72.083 54.283,72.117 54.367,72.05 54.367,72.167 54.3,72.267 54.183,72.317 54.117,72.5 54.1,72.35 54.05,72.417 53.95,72.367 53.917,72.483 53.983,72.55 53.95,72.717 54.05,72.65 54.05,72.517 54.117,72.567 54.1,72.933 53.983,73.1 53.95,73.283 53.95,73.417 53.983,73.433 53.95,73.517 54.0,73.5 54.067,73.633 54.05,73.75 53.85,73.683 53.883,73.467 53.683,73.283 53.567,73.25 53.533,73.4 53.467,73.367 53.45,73.45 53.533,73.583 53.633,73.667 53.633,74.067 53.55,74.05 53.6,74.233 53.483,74.283 53.467,74.4 53.583,74.467 53.683,74.467 53.667,74.633 53.817,74.8 53.817,75.05 54.0,75.483 54.083,75.4 54.3,76.2 54.35,76.233 54.35,76.6 54.467,76.933 54.433,76.933 54.383,76.783 54.367,76.85 54.233,76.833 54.133,76.667 54.167,76.417 54.0,76.541 53.3,77.883 52.067,79.05 50.75,80.067 50.85,80.067 50.833,80.183 50.9,80.183 50.967,80.45 51.1,80.483 51.133,80.433 51.217,80.433 51.217,80.617 51.3,80.667 51.25,80.917 51.217,80.917 51.167,81.067 51.217,81.117 51.183,81.15 50.95,81.067 50.983,81.4 50.867,81.45 50.75,81.45 50.767,81.767 50.8,81.783 50.8,82.017 50.733,82.15 50.767,82.25 50.75,82.55 50.817,82.7 50.917,82.733 50.9,82.983 51.017,83.1 51.017,83.433 50.983,83.417 50.883,83.8 50.783,83.95 50.3,84.233 50.217,84.333 50.25,84.467 50.1,84.917 50.0,85.033 50.0,84.983 49.883,84.983 49.867,85.1 49.633,85.2 49.55,85.933 49.5,85.933 49.483,85.967 49.517,86.1 49.467,86.167 49.583,86.233 49.8,86.617 49.8,86.8 49.7,86.767 49.633,86.617 49.567,86.617 49.533,86.783 49.45,86.8 49.417,86.9 49.35,86.9 49.267,87.033 49.25,87.167 49.2,87.267 49.115,87.288 49.083,87.417 49.25,88.133 49.367,88.1 49.467,88.183 49.517,88.633 49.45,88.867 49.55,88.917 49.467,88.983 49.55,89.217 49.65,89.233 49.583,89.383 49.7,89.683 49.783,89.75 49.817,89.633 49.917,89.667 51.0,89.45 51.533,88.283 52.833,89.05 54.583,88.667 56.067,89.083 57.3,88.183 58.75,87.933 60.917,83.0
UNNT-C|58.167,72.8 57.3,74.933 57.05,77.0 57.283,79.717 57.017,82.067 57.152,84.973 57.0,86.0 57.0,87.05 56.667,88.667 56.067,89.083 54.583,88.667 54.45,85.75 54.35,85.483 54.233,85.383 53.983,84.75 54.122,83.403 54.027,82.783 54.0,79.583 53.55,77.42 53.967,76.583 54.167,76.417 54.133,76.667 54.233,76.833 54.367,76.85 54.383,76.783 54.433,76.933 54.467,76.933 54.35,76.6 54.35,76.233 54.3,76.2 54.083,75.4 54.0,75.483 53.817,75.05 53.817,74.8 53.667,74.633 53.683,74.467 53.583,74.467 53.467,74.4 53.483,74.283 53.6,74.233 53.55,74.05 53.633,74.067 53.633,73.667 53.533,73.583 53.45,73.45 53.467,73.367 53.533,73.4 53.567,73.25 53.683,73.283 53.883,73.467 53.85,73.683 54.05,73.75 54.067,73.633 54.0,73.5 53.95,73.517 53.983,73.433 53.95,73.417 53.95,73.283 53.983,73.1 54.1,72.933 54.117,72.567 54.05,72.517 54.05,72.65 53.95,72.717 53.983,72.55 53.917,72.483 53.95,72.367 54.05,72.417 54.1,72.35 54.117,72.5 54.183,72.317 54.3,72.267 54.367,72.167 54.367,72.05 54.283,72.117 54.233,72.083 54.183,72.183 54.133,72.167 54.217,72.0 54.25,71.75 54.15,71.75 54.1,71.65 54.183,71.317 54.1,71.167 54.2,71.067 54.25,71.1 54.3,71.017 54.35,71.017 54.333,71.2 54.6,71.2 54.617,71.3 54.667,71.283 54.717,71.117 54.867,71.0 55.083,71.017 55.3,70.8 55.267,70.65 55.283,70.483 55.2,70.367 55.133,70.183 55.367,69.617 55.333,69.183 55.392,69.158 55.667,69.217 57.7,71.167 58.167,72.8
UNNT-E|55.367,78.3 57.05,77.0 57.283,79.717 57.017,82.067 57.152,84.973 57.0,86.0 57.0,87.05 56.667,88.667 56.067,89.083 54.583,88.667 54.45,85.75 54.35,85.483 54.233,85.383 53.983,84.75 54.122,83.403 54.027,82.783 54.0,79.583 53.55,77.42 53.967,76.583 54.167,76.417 54.133,76.667 54.233,76.833 54.367,76.85 54.383,76.783 54.433,76.933 54.467,76.933 55.367,78.3
UNNT-N|60.917,83.0 60.667,80.167 60.95,77.383 60.85,77.033 60.717,77.05 60.35,76.483 59.0,73.867 58.167,72.8 57.3,74.933 57.05,77.0 57.283,79.717 57.017,82.067 57.152,84.973 57.0,86.0 57.0,87.05 56.667,88.667 57.3,88.183 58.75,87.933 60.917,83.0
UNNT-S|54.583,88.667 54.45,85.75 54.35,85.483 54.233,85.383 53.983,84.75 54.122,83.403 54.027,82.783 54.0,79.583 53.55,77.42 53.3,77.883 52.85,78.333 52.067,79.05 50.75,80.067 50.85,80.067 50.833,80.183 50.9,80.183 50.967,80.45 51.1,80.483 51.133,80.433 51.217,80.433 51.217,80.617 51.3,80.667 51.25,80.917 51.217,80.917 51.167,81.067 51.217,81.117 51.183,81.15 50.95,81.067 50.983,81.4 50.867,81.45 50.75,81.45 50.767,81.767 50.8,81.783 50.8,82.017 50.733,82.15 50.767,82.25 50.75,82.55 50.817,82.7 50.917,82.733 50.9,82.983 51.017,83.1 51.017,83.433 50.983,83.417 50.883,83.8 50.783,83.95 50.3,84.233 50.217,84.333 50.25,84.467 50.1,84.917 50.0,85.033 50.0,84.983 49.883,84.983 49.867,85.1 49.633,85.2 49.55,85.933 49.5,85.933 49.483,85.967 49.517,86.1 49.467,86.167 49.583,86.233 49.8,86.617 49.8,86.8 49.7,86.767 49.633,86.617 49.567,86.617 49.533,86.783 49.45,86.8 49.417,86.9 49.35,86.9 49.267,87.033 49.25,87.167 49.2,87.267 49.115,87.288 49.083,87.417 49.25,88.133 49.367,88.1 49.467,88.183 49.517,88.633 49.45,88.867 49.55,88.917 49.467,88.983 49.55,89.217 49.65,89.233 49.583,89.383 49.7,89.683 49.783,89.75 49.817,89.633 49.917,89.667 51.0,89.45 51.533,88.283 52.833,89.05 54.583,88.667
UNNT-W|58.167,72.8 57.7,71.167 55.667,69.217 55.392,69.158 55.333,69.183 55.367,69.617 55.133,70.183 55.2,70.367 55.283,70.483 55.267,70.65 55.3,70.8 55.083,71.017 54.867,71.0 54.717,71.117 54.667,71.283 54.617,71.3 54.6,71.2 54.333,71.2 54.35,71.017 54.3,71.017 54.25,71.1 54.2,71.067 54.1,71.167 54.183,71.317 54.1,71.65 54.15,71.75 54.25,71.75 54.217,72.0 54.133,72.167 54.183,72.183 54.233,72.083 54.283,72.117 54.367,72.05 54.367,72.167 54.3,72.267 54.183,72.317 54.117,72.5 54.1,72.35 54.05,72.417 53.95,72.367 53.917,72.483 53.983,72.55 53.95,72.717 54.05,72.65 54.05,72.517 54.117,72.567 54.1,72.933 53.983,73.1 53.95,73.283 53.95,73.417 53.983,73.433 53.95,73.517 54.0,73.5 54.067,73.633 54.05,73.75 53.85,73.683 53.883,73.467 53.683,73.283 53.567,73.25 53.533,73.4 53.467,73.367 53.45,73.45 53.533,73.583 53.633,73.667 53.633,74.067 53.55,74.05 53.6,74.233 53.483,74.283 53.467,74.4 53.583,74.467 53.683,74.467 53.667,74.633 53.817,74.8 53.817,75.05 54.0,75.483 54.083,75.4 54.3,76.2 54.35,76.233 54.35,76.6 54.467,76.933 55.367,78.3 57.05,77.0 57.3,74.933 58.167,72.8
URRV|49.983,41.417 50.75,43.033 51.1,43.633 51.2,44.983 50.603,45.847 50.452,47.677 50.333,47.4 50.333,47.317 50.25,47.333 50.2,47.25 50.117,47.333 49.917,47.133 49.85,46.917 49.333,46.767 49.117,47.083 48.933,46.767 48.433,46.5 48.333,46.917 48.2,47.1 48.1,47.083 48.067,47.2 48.0,47.017 47.833,47.167 47.783,47.133 47.681,47.385 47.839,47.415 47.792,47.558 47.75,48.05 47.433,48.383 47.417,48.617 46.767,49.0 46.7,48.917 46.683,48.75 46.783,48.617 46.717,48.5 46.667,48.483 46.373,49.187 46.3,49.267 46.233,49.433 46.133,49.433 45.917,49.5 42.833,49.5 42.633,50.0 41.84,48.595 41.5,48.233 41.483,48.05 41.217,47.9 41.217,47.8 41.183,47.75 41.233,47.617 41.217,47.55 41.317,47.267 41.583,47.117 41.55,47.017 41.717,46.917 41.717,46.85 41.85,46.75 41.8,46.583 41.867,46.533 42.0,46.242 42.033,45.95 42.217,45.617 42.487,45.787 42.55,45.567 42.533,45.333 42.717,45.167 42.742,44.883 42.617,44.783 42.733,44.683 42.733,44.483 42.55,43.967 42.625,43.733 42.75,43.8 42.9,43.35 43.083,43.05 43.25,42.45 43.25,41.867 43.2,41.8 43.3,41.417 43.367,41.383 43.333,41.317 43.55,40.65 43.517,40.567 43.567,40.117 43.188,39.917 41.9,40.333 42.683,37.717 42.733,36.267 44.517,36.667 44.933,36.617 45.205,36.533 45.245,36.595 45.307,36.59 45.378,36.683 45.45,36.683 46.783,37.5 46.983,38.333 47.112,38.223 47.217,38.233 47.25,38.333 47.3,38.333 47.3,38.233 47.367,38.25 47.383,38.3 47.521,38.288 47.608,38.358 47.642,38.617 47.7,38.667 47.683,38.763 47.862,38.837 47.867,39.05 47.837,39.117 47.878,39.376 47.846,39.404 47.867,39.458 47.829,39.533 47.829,39.75 47.967,39.821 48.05,39.817 48.087,39.879 48.225,39.95 48.233,40.0 48.317,39.983 48.283,39.883 48.333,39.833 48.367,39.933 48.583,39.833 48.6,39.667 48.833,39.8 49.05,39.667 49.05,39.933 49.25,40.2 49.382,40.143 49.983,41.417
USSV|55.183,68.183 55.083,68.283 54.967,68.167 54.983,67.833 54.883,67.767 54.85,67.3 54.817,67.267 54.633,66.0 54.717,65.967 54.7,65.833 54.617,65.617 54.65,65.467 54.567,65.483 54.583,65.367 54.533,65.2 54.35,65.217 54.333,65.117 54.433,64.967 54.378,64.827 54.367,64.733 54.4,64.717 54.217,63.562 54.183,63.167 54.117,63.15 54.117,62.817 53.9,62.55 54.0,62.4 54.05,62.45 54.033,62.0 53.967,62.033 54.033,61.717 53.967,61.617 54.083,61.467 54.083,61.317 53.917,61.25 53.967,61.167 53.967,61.033 53.917,60.992 53.883,61.133 53.8,61.2 53.667,61.033 53.667,60.917 53.617,60.917 53.567,61.333 53.6,61.483 53.517,61.583 53.467,61.5 53.517,61.283 53.383,61.15 53.3,61.183 53.267,61.383 53.217,61.467 53.233,61.7 53.15,61.867 53.133,62.117 53.0,62.133 52.95,62.0 53.017,61.883 52.95,61.65 53.017,61.533 52.983,61.033 52.917,61.067 52.783,60.867 52.75,60.717 52.667,60.717 52.517,60.967 52.333,61.067 52.15,60.7 52.167,60.533 52.0,60.133 51.992,60.012 52.583,58.317 53.267,57.567 54.2,58.65 55.7,57.883 56.5,56.083 56.5,53.667 56.417,52.2 56.367,51.883 56.467,50.8 57.3,47.917 57.233,46.75 58.167,46.933 58.767,45.0 59.517,45.498 60.067,46.333 60.333,48.667 60.0,50.0 60.0,52.0 60.717,55.7 61.168,57.211 62.0,59.5 62.083,63.2 61.283,63.667 60.75,63.7 59.5,64.133 59.033,63.733 57.817,64.133 57.383,63.75 57.0,63.75 56.867,65.033 55.817,68.333 55.667,69.217 55.392,69.158 55.433,68.933 55.283,69.0 55.367,68.767 55.2,68.633 55.183,68.183
USSV-C|56.5,56.083 57.368,56.944 58.005,58.558 58.646,58.306 58.87,60.962 58.493,62.446 58.714,63.844 57.817,64.133 57.383,63.75 57.0,63.75 56.274,63.521 55.666,62.844 55.396,63.077 55.154,63.121 55.011,61.797 54.792,61.153 54.735,60.574 54.705,58.398 55.7,57.883 56.5,56.083
USSV-E|61.168,57.211 62.0,59.5 62.083,63.2 61.283,63.667 60.75,63.7 59.5,64.133 59.033,63.733 57.817,64.133 57.383,63.75 57.0,63.75 56.867,65.033 55.817,68.333 55.667,69.217 55.392,69.158 55.433,68.933 55.283,69.0 55.367,68.767 55.2,68.633 55.183,68.183 55.083,68.283 54.967,68.167 54.983,67.833 54.883,67.767 54.85,67.3 54.817,67.267 54.633,66.0 54.717,65.967 54.7,65.833 54.617,65.617 54.65,65.467 54.567,65.483 54.583,65.367 54.533,65.2 54.35,65.217 54.333,65.117 54.433,64.967 54.378,64.827 54.367,64.733 54.4,64.717 54.217,63.562 54.183,63.167 54.117,63.15 54.117,62.817 53.9,62.55 54.0,62.4 54.05,62.45 54.033,62.0 53.967,62.033 54.033,61.717 53.967,61.617 54.083,61.467 54.083,61.317 53.917,61.25 53.967,61.167 53.967,61.033 53.917,60.992 53.883,61.133 53.8,61.2 53.667,61.033 53.667,60.917 53.617,60.917 53.567,61.333 53.6,61.483 53.517,61.583 53.467,61.5 53.517,61.283 53.383,61.15 53.3,61.183 53.267,61.383 53.217,61.467 53.233,61.7 53.15,61.867 53.133,62.117 53.0,62.133 52.95,62.0 53.017,61.883 52.95,61.65 53.017,61.533 52.983,61.033 52.917,61.067 52.783,60.867 52.75,60.717 52.667,60.717 52.517,60.967 52.333,61.067 52.15,60.7 52.167,60.533 52.0,60.133 51.992,60.012 52.583,58.317 53.267,57.567 54.2,58.65 55.7,57.883 56.5,56.083 57.368,56.944 58.005,58.558 59.588,57.918 61.168,57.211
USSV-N|60.0,52.0 60.717,55.7 61.168,57.211 62.0,59.5 62.083,63.2 61.283,63.667 60.75,63.7 59.5,64.133 59.033,63.733 58.714,63.844 58.493,62.446 58.87,60.962 58.646,58.306 58.259,55.93 58.469,52.111 60.0,52.0
USSV-P|56.5,56.083 56.5,53.667 56.417,52.2 56.367,51.883 56.467,50.8 57.3,47.917 57.233,46.75 58.167,46.933 58.767,45.0 59.517,45.498 60.067,46.333 60.333,48.667 60.0,50.0 60.0,52.0 58.469,52.111 58.259,55.93 58.646,58.306 58.005,58.558 57.368,56.944 56.5,56.083
USSV-S|55.183,68.183 55.083,68.283 54.967,68.167 54.983,67.833 54.883,67.767 54.85,67.3 54.817,67.267 54.633,66.0 54.717,65.967 54.7,65.833 54.617,65.617 54.65,65.467 54.567,65.483 54.583,65.367 54.533,65.2 54.35,65.217 54.333,65.117 54.433,64.967 54.378,64.827 54.367,64.733 54.4,64.717 54.217,63.562 54.183,63.167 54.117,63.15 54.117,62.817 53.9,62.55 54.0,62.4 54.05,62.45 54.033,62.0 53.967,62.033 54.033,61.717 53.967,61.617 54.083,61.467 54.083,61.317 53.917,61.25 53.967,61.167 53.967,61.033 53.917,60.992 53.883,61.133 53.8,61.2 53.667,61.033 53.667,60.917 53.617,60.917 53.567,61.333 53.6,61.483 53.517,61.583 53.467,61.5 53.517,61.283 53.383,61.15 53.3,61.183 53.267,61.383 53.217,61.467 53.233,61.7 53.15,61.867 53.133,62.117 53.0,62.133 52.95,62.0 53.017,61.883 52.95,61.65 53.017,61.533 52.983,61.033 52.917,61.067 52.783,60.867 52.75,60.717 52.667,60.717 52.517,60.967 52.333,61.067 52.15,60.7 52.167,60.533 52.0,60.133 51.992,60.012 52.583,58.317 53.267,57.567 54.2,58.65 54.705,58.398 54.735,60.574 54.792,61.153 55.011,61.797 55.154,63.121 55.396,63.077 55.666,62.844 56.274,63.521 57.0,63.75 56.867,65.033 55.817,68.333 55.667,69.217 55.392,69.158 55.433,68.933 55.283,69.0 55.367,68.767 55.2,68.633 55.183,68.183
USSV-W|56.5,56.083 56.5,53.667 56.417,52.2 56.367,51.883 56.467,50.8 57.3,47.917 57.233,46.75 58.167,46.933 58.767,45.0 59.517,45.498 60.067,46.333 60.333,48.667 60.0,50.0 60.0,52.0 60.717,55.7 61.168,57.211 59.588,57.918 58.005,58.558 57.368,56.944 56.5,56.083
USTV|67.4,81.667 66.55,82.783 63.45,84.8 60.917,83.0 60.667,80.167 60.95,77.383 60.85,77.033 60.717,77.05 60.35,76.483 59.0,73.867 58.167,72.8 57.7,71.167 55.667,69.217 55.817,68.333 56.867,65.033 57.0,63.75 57.383,63.75 57.817,64.133 59.033,63.733 59.5,64.133 60.75,63.7 61.283,63.667 62.083,63.2 62.0,59.5 63.171,59.711 64.456,60.064 65.711,62.09 66.46,63.43 67.307,66.64 67.75,67.36 68.43,68.0 68.867,66.783 69.964,66.184 70.83,65.66 71.519,66.304 73.667,68.667 73.667,70.917 72.983,74.467 71.883,76.0 70.867,78.583 68.667,80.0 67.4,81.667
USTV-C|64.456,60.064 64.9,64.167 64.917,66.0 64.833,72.333 63.45,71.533 63.5,72.867 64.0,75.833 63.35,77.5 63.167,84.583 60.917,83.0 60.667,80.167 60.95,77.383 60.85,77.033 60.717,77.05 60.35,76.483 59.0,73.867 58.803,73.608 59.296,71.744 59.583,69.352 59.355,67.035 59.5,64.133 60.75,63.7 61.283,63.667 62.083,63.2 62.0,59.5 63.171,59.711 64.456,60.064
USTV-E|63.167,84.583 63.35,77.5 64.0,75.833 63.5,72.867 61.4,70.917 60.88,70.96 60.631,70.482 59.583,69.352 59.296,71.744 58.803,73.608 59.0,73.867 60.35,76.483 60.717,77.05 60.85,77.033 60.95,77.383 60.667,80.167 60.917,83.0 63.167,84.583
USTV-N|67.4,81.667 66.55,82.783 63.45,84.8 63.167,84.583 63.35,77.5 64.0,75.833 63.5,72.867 63.45,71.533 64.833,72.333 64.917,66.0 64.9,64.167 64.456,60.064 65.711,62.09 66.46,63.43 67.307,66.64 67.75,67.36 68.43,68.0 68.867,66.783 69.964,66.184 70.83,65.66 71.519,66.304 73.667,68.667 73.667,70.917 72.983,74.467 71.883,76.0 70.867,78.583 68.667,80.0 67.4,81.667
USTV-S|59.5,64.133 59.355,67.035 59.583,69.352 59.296,71.744 58.803,73.608 58.167,72.8 57.7,71.167 55.667,69.217 55.817,68.333 56.867,65.033 57.0,63.75 57.383,63.75 57.817,64.133 59.033,63.733 59.5,64.133
USTV-W|64.456,60.064 64.9,64.167 64.917,66.0 64.833,72.333 63.45,71.533 63.5,72.867 61.4,70.917 60.88,70.96 60.631,70.482 59.583,69.352 59.355,67.035 59.5,64.133 60.75,63.7 61.283,63.667 62.083,63.2 62.0,59.5 63.171,59.711 64.456,60.064
UTAA|35.6,61.267 35.688,61.211 35.717,61.25 35.887,61.254 35.967,61.132 36.131,61.242 36.377,61.162 36.566,61.192 36.661,61.144 36.632,60.35 37.003,60.055 37.123,59.711 37.127,59.532 37.506,59.332 37.514,59.203 37.7,58.817 37.65,58.783 37.633,58.683 37.7,58.575 37.617,58.433 37.675,58.247 37.767,58.2 37.917,57.7 37.917,57.483 37.979,57.358 38.067,57.383 38.283,57.217 38.168,57.051 38.256,56.751 38.235,56.411 38.181,56.338 38.061,56.337 38.104,55.686 38.083,55.5 39.283,55.567 40.055,56.452 40.317,57.617 40.404,60.269 39.917,60.25 38.633,61.4 37.622,61.897 36.627,61.463 35.6,61.267
UTAK|38.083,55.5 37.933,55.083 37.733,54.8 37.533,54.75 37.333,54.233 37.35,53.917 37.9,51.5 42.0,51.5 41.783,52.467 42.133,53.0 42.267,53.45 42.35,54.2 42.033,54.817 41.917,54.95 41.833,54.933 41.417,55.267 41.25,55.533 41.317,55.85 41.317,56.0 40.317,57.617 40.055,56.452 39.283,55.567 38.083,55.5
UTAT|42.0,57.0 42.5,58.833 42.3,59.55 42.0,60.0 41.333,60.25 41.167,61.333 40.467,62.167 40.317,57.617 41.317,56.0 42.0,57.0
UTAV|38.633,61.4 39.917,60.25 40.404,60.269 40.467,62.167 39.933,62.583 38.283,65.533 38.0,66.667 37.333,66.533 37.383,66.15 37.55,65.8 37.55,65.717 37.25,65.533 37.217,65.0 37.117,64.75 36.933,64.75 36.608,64.633 36.433,64.617 36.167,64.283 36.083,64.05 36.0,64.05 35.867,63.133 35.833,63.1 35.7,63.25 35.617,63.067 35.417,63.083 35.25,62.617 35.3,62.467 35.133,62.3 35.45,62.0 35.616,61.276 36.627,61.463 37.622,61.897 38.633,61.4
UTDD|37.2,67.783 37.324,67.845 37.42,67.785 37.629,67.868 37.751,68.044 37.924,68.142 37.922,68.276 38.195,68.408 38.387,68.07 38.805,68.075 38.914,68.204 39.021,68.077 39.016,67.681 39.144,67.674 39.231,67.341 39.304,67.336 39.323,67.477 39.481,67.454 39.525,67.393 39.537,67.47 39.578,67.459 39.601,67.631 39.661,67.707 39.562,68.11 39.531,68.525 39.663,68.63 39.843,68.635 39.843,68.78 39.977,68.808 39.982,68.833 39.856,68.852 39.911,68.938 40.052,68.857 40.054,68.975 40.151,69.024 40.078,68.632 40.136,68.501 40.231,69.043 40.187,69.306 40.301,69.249 40.279,69.309 40.346,69.339 40.466,69.269 40.491,69.287 40.543,69.208 40.594,69.344 40.783,69.348 40.785,69.388 40.752,69.407 40.814,69.493 40.704,69.583 40.625,69.724 40.704,69.826 40.75,70.061 40.831,70.125 40.827,70.212 40.891,70.355 41.014,70.378 41.041,70.444 40.985,70.553 40.721,70.802 40.563,70.588 40.552,70.518 40.504,70.483 40.456,70.323 40.381,70.386 40.358,70.543 40.1,70.783 40.033,70.55 40.243,70.005 40.072,69.512 39.946,69.541 39.92,69.424 40.025,69.358 39.916,69.292 39.812,69.272 39.698,69.338 39.542,69.345 39.533,69.499 39.597,69.701 39.529,69.868 39.59,70.119 39.529,70.299 39.606,70.495 39.52,70.697 39.392,70.774 39.333,71.0 39.483,73.667 39.383,73.683 39.25,73.6 39.0,73.833 38.883,73.717 38.6,73.8 38.533,74.05 38.683,74.117 38.667,74.4 38.467,74.833 38.067,74.8 38.05,74.933 37.4,75.233 37.317,75.117 37.283,74.917 37.242,74.917 37.233,74.883 37.333,74.833 37.383,74.717 37.4,74.3 37.233,73.8 37.25,73.617 37.283,73.617 37.333,73.767 37.433,73.767 37.467,73.433 37.433,73.367 37.467,73.333 37.4,73.2 37.417,73.15 37.333,73.083 37.208,72.783 37.025,72.675 36.983,72.317 36.683,71.817 36.683,71.65 36.75,71.567 37.067,71.433 37.917,71.583 37.95,71.517 37.883,71.333 37.933,71.25 38.217,71.375 38.3,71.317 38.317,71.217 38.4,71.133 38.417,71.083 38.392,71.05 38.483,71.0 38.467,70.95 38.433,70.958 38.425,70.917 38.467,70.875 38.408,70.683 38.367,70.692 38.337,70.608 38.283,70.6 38.267,70.558 38.117,70.5 38.05,70.367 37.967,70.267 37.942,70.275 37.925,70.217 37.95,70.175 37.85,70.183 37.817,70.275 37.7,70.3 37.617,70.267 37.517,70.133 37.6,69.9 37.592,69.55 37.45,69.383 37.333,69.383 37.217,69.45 37.092,69.25 37.317,68.983 37.333,68.883 37.275,68.925 37.317,68.846 37.308,68.808 37.254,68.833 37.242,68.808 37.283,68.767 37.271,68.683 37.217,68.65 37.092,68.308 37.0,68.267 37.025,68.217 36.925,68.025 37.067,67.875 37.083,67.783 37.2,67.783
UUWV|52.25,31.7 52.267,31.733 52.317,31.6 52.5,31.633 52.483,31.55 52.517,31.55 52.567,31.667 52.667,31.517 52.817,31.5 52.867,31.55 53.033,31.25 53.033,31.333 53.217,31.417 53.2,31.6 53.233,31.633 53.117,31.833 53.1,32.183 53.183,32.35 53.3,32.483 53.333,32.65 53.467,32.75 53.467,32.617 53.6,32.433 53.667,32.417 53.7,32.5 53.733,32.45 53.817,32.117 53.817,31.767 54.05,31.883 54.117,31.8 54.25,31.333 54.467,31.25 54.517,31.1 54.633,31.25 54.667,31.183 54.683,30.983 54.7,31.033 54.8,30.75 54.95,30.833 54.95,30.917 55.0,30.95 55.033,30.917 55.033,31.017 55.167,31.0 55.283,30.833 55.4,30.933 55.483,30.9 55.517,30.967 55.609,30.936 56.917,31.167 57.35,32.55 58.2,34.567 58.583,35.817 58.733,39.56 58.778,42.417 58.767,45.0 58.167,46.933 55.6,46.433 54.817,46.583 54.633,43.85 53.5,42.467 52.333,42.867 51.533,42.583 50.75,43.033 49.382,40.143 49.5,40.2 49.567,40.2 49.617,40.15 49.567,39.817 49.633,39.65 49.733,39.617 49.733,39.383 49.883,39.167 49.817,39.067 49.95,38.7 49.983,38.717 50.0,38.683 50.0,38.35 50.083,38.35 50.083,38.183 49.967,38.2 49.933,38.133 50.217,37.617 50.3,37.65 50.367,37.483 50.45,37.483 50.35,37.167 50.35,36.917 50.267,36.683 50.333,36.433 50.3,36.3 50.417,36.2 50.45,36.033 50.433,35.8 50.367,35.6 50.45,35.583 50.6,35.4 50.6,35.45 50.667,35.417 50.667,35.5 51.017,35.333 51.033,35.417 51.083,35.317 51.067,35.183 51.233,35.117 51.233,34.967 51.183,34.8 51.2,34.667 51.25,34.667 51.229,34.278 51.281,34.261 51.338,34.303 51.392,34.222 51.517,34.237 51.664,34.107 51.724,34.431 51.779,34.432 51.79,34.268 51.891,34.227 51.996,34.098 52.061,34.075 52.142,34.116 52.193,33.976 52.323,33.854 52.356,33.741 52.362,33.25 52.337,33.096 52.258,32.932 52.255,32.744 52.303,32.591 52.316,32.401 52.218,32.352 52.137,32.358 52.086,32.303 52.015,32.032 52.115,31.793 52.2,31.783 52.183,31.683 52.25,31.7
UUWV-E|52.239,38.697 52.153,38.268 53.256,37.406 54.458,37.839 54.346,38.239 54.233,38.898 54.833,39.39 54.633,43.85 53.5,42.467 52.333,42.867 52.499,40.477 52.389,38.931 52.239,38.697
UUWV-N|54.683,30.983 54.7,31.033 54.8,30.75 54.95,30.833 54.95,30.917 55.0,30.95 55.033,30.917 55.033,31.017 55.167,31.0 55.283,30.833 55.4,30.933 55.483,30.9 55.517,30.967 55.609,30.936 56.917,31.167 57.35,32.55 58.2,34.567 58.583,35.817 58.733,39.56 58.778,42.417 58.767,45.0 58.167,46.933 55.6,46.433 54.817,46.583 54.633,43.85 54.834,39.39 55.276,35.591 54.809,34.034 54.633,31.25 54.667,31.183 54.683,30.983
UUWV-NE|58.167,46.933 55.6,46.433 54.817,46.583 54.633,43.85 54.834,39.39 55.55,39.998 56.026,39.634 56.43,38.995 56.996,40.324 57.143,40.86 58.778,42.437 58.767,45.0 58.167,46.933
UUWV-NW|56.718,36.821 56.093,36.058 56.319,34.499 56.704,31.125 56.917,31.167 57.35,32.55 58.2,34.567 58.583,35.817 58.722,39.152 58.778,42.437 57.143,40.86 56.996,40.324 56.43,38.995 57.038,37.995 57.108,37.712 56.718,36.821
UUWV-S|52.115,31.793 52.2,31.783 52.183,31.683 52.267,31.733 52.317,31.6 52.5,31.633 52.483,31.55 52.517,31.55 52.567,31.667 52.667,31.517 52.817,31.5 52.867,31.55 53.033,31.25 53.033,31.333 53.217,31.417 53.2,31.6 53.233,31.633 53.117,31.833 53.1,32.183 53.183,32.35 53.3,32.483 53.333,32.65 53.467,32.75 53.467,32.617 53.6,32.433 53.667,32.417 53.7,32.5 53.733,32.45 53.817,32.117 53.817,31.767 54.05,31.883 54.117,31.8 54.25,31.333 54.467,31.25 54.517,31.1 54.633,31.25 54.809,34.034 55.276,35.591 54.834,39.39 54.633,43.85 53.5,42.467 52.333,42.867 51.533,42.583 50.75,43.033 49.382,40.143 49.5,40.2 49.567,40.2 49.617,40.15 49.567,39.817 49.633,39.65 49.733,39.617 49.733,39.383 49.883,39.167 49.817,39.067 49.95,38.7 49.983,38.717 50.0,38.683 50.0,38.35 50.083,38.35 50.083,38.183 49.967,38.2 49.933,38.133 50.217,37.617 50.3,37.65 50.367,37.483 50.45,37.483 50.35,37.167 50.35,36.917 50.267,36.683 50.333,36.433 50.3,36.3 50.417,36.2 50.45,36.033 50.433,35.8 50.367,35.6 50.45,35.583 50.6,35.4 50.6,35.45 50.667,35.417 50.667,35.5 51.017,35.333 51.033,35.417 51.083,35.317 51.067,35.183 51.233,35.117 51.233,34.967 51.183,34.8 51.2,34.667 51.25,34.667 51.229,34.278 51.281,34.261 51.338,34.303 51.392,34.222 51.517,34.237 51.664,34.107 51.724,34.431 51.779,34.432 51.79,34.268 51.891,34.227 51.996,34.098 52.061,34.075 52.142,34.116 52.193,33.976 52.323,33.854 52.356,33.741 52.362,33.25 52.337,33.096 52.258,32.932 52.255,32.744 52.303,32.591 52.316,32.401 52.218,32.352 52.137,32.358 52.086,32.303 52.015,32.032 52.115,31.793
UUWV-SE|50.35,36.917 50.316,36.821 50.754,37.43 51.372,38.884 51.772,38.797 52.153,38.268 53.256,37.406 54.458,37.839 54.346,38.239 54.233,38.898 54.833,39.39 54.633,43.85 53.5,42.467 52.333,42.867 51.533,42.583 50.75,43.033 49.382,40.143 49.5,40.2 49.567,40.2 49.617,40.15 49.567,39.817 49.633,39.65 49.733,39.617 49.733,39.383 49.883,39.167 49.817,39.067 49.95,38.7 49.983,38.717 50.0,38.683 50.0,38.35 50.083,38.35 50.083,38.183 49.967,38.2 49.933,38.133 50.217,37.617 50.3,37.65 50.367,37.483 50.45,37.483 50.35,37.167 50.35,36.917
UUWV-SW|52.115,31.793 52.2,31.783 52.183,31.683 52.267,31.733 52.317,31.6 52.5,31.633 52.483,31.55 52.517,31.55 52.567,31.667 52.667,31.517 52.817,31.5 52.867,31.55 53.033,31.25 53.033,31.333 53.217,31.417 53.2,31.6 53.233,31.633 53.117,31.833 53.1,32.183 53.183,32.35 53.3,32.483 53.333,32.65 53.467,32.75 53.467,32.617 53.6,32.433 53.667,32.417 53.7,32.5 53.733,32.45 53.817,32.117 53.817,31.767 54.05,31.883 54.117,31.8 54.25,31.333 54.467,31.25 54.517,31.1 54.633,31.25 54.809,34.034 55.276,35.591 54.733,36.648 54.6,37.331 54.458,37.839 53.256,37.406 52.153,38.268 51.772,38.797 51.372,38.884 50.754,37.43 50.316,36.821 50.267,36.683 50.333,36.433 50.3,36.3 50.417,36.2 50.45,36.033 50.433,35.8 50.367,35.6 50.45,35.583 50.6,35.4 50.6,35.45 50.667,35.417 50.667,35.5 51.017,35.333 51.033,35.417 51.083,35.317 51.067,35.183 51.233,35.117 51.233,34.967 51.183,34.8 51.2,34.667 51.25,34.667 51.229,34.278 51.281,34.261 51.338,34.303 51.392,34.222 51.517,34.237 51.664,34.107 51.724,34.431 51.779,34.432 51.79,34.268 51.891,34.227 51.996,34.098 52.061,34.075 52.142,34.116 52.193,33.976 52.323,33.854 52.356,33.741 52.362,33.25 52.337,33.096 52.258,32.932 52.255,32.744 52.303,32.591 52.316,32.401 52.218,32.352 52.137,32.358 52.086,32.303 52.015,32.032 52.115,31.793
UUWV-W|54.633,31.25 54.667,31.183 54.683,30.983 54.7,31.033 54.8,30.75 54.95,30.833 54.95,30.917 55.0,30.95 55.033,30.917 55.033,31.017 55.167,31.0 55.283,30.833 55.4,30.933 55.483,30.9 55.517,30.967 55.609,30.936 56.704,31.125 56.319,34.499 56.093,36.058 55.914,35.847 55.753,35.539 55.276,35.591 54.809,34.034 54.633,31.25
UWWW|54.817,46.583 54.633,43.85 53.5,42.467 52.333,42.867 51.533,42.583 50.75,43.033 51.1,43.633 51.2,44.983 50.603,45.847 50.452,47.677 50.1,48.083 49.867,48.217 49.8,48.417 50.019,48.891 50.103,48.757 50.168,48.812 50.258,48.731 50.583,48.65 50.633,48.572 50.663,48.607 50.608,48.7 50.583,48.833 50.783,49.117 50.867,49.433 51.0,49.333 51.133,49.517 51.117,49.75 51.233,49.967 51.333,50.367 51.383,50.333 51.483,50.517 51.6,50.517 51.633,50.567 51.617,50.717 51.583,50.667 51.583,50.75 51.65,50.8 51.683,50.75 51.767,50.75 51.733,50.85 51.683,50.883 51.683,51.267 51.65,51.367 51.567,51.367 51.567,51.25 51.483,51.283 51.483,51.433 51.547,51.58 51.467,51.667 51.517,51.817 51.583,51.783 51.667,51.867 51.65,52.033 51.767,52.35 51.467,52.567 51.5,53.367 51.4,53.617 51.233,53.667 51.2,53.917 51.1,54.15 50.9,54.283 50.833,54.517 50.633,54.417 50.55,54.55 50.633,54.733 50.883,54.7 50.85,54.867 50.933,55.05 50.917,55.1 50.8,55.05 50.733,55.283 50.65,55.333 50.567,55.7 50.767,56.133 50.9,56.183 50.983,56.467 51.083,56.633 51.1,57.183 50.867,57.5 50.95,57.733 51.133,57.75 51.117,58.333 51.033,58.6 50.833,58.6 50.833,58.767 50.717,58.883 50.65,59.483 50.517,59.517 50.583,59.833 50.867,60.033 50.85,60.183 50.683,60.233 50.667,60.817 50.8,61.467 51.25,61.583 51.267,61.683 51.417,61.5 51.467,61.0 51.6,60.917 51.617,60.583 51.7,60.383 51.783,60.517 51.917,60.183 51.867,60.167 51.9,60.067 51.992,60.012 52.583,58.317 53.267,57.567 54.2,58.65 55.7,57.883 56.5,56.083 56.5,53.667 56.417,52.2 56.367,51.883 56.467,50.8 57.3,47.917 57.233,46.75 55.6,46.433 54.817,46.583
UWWW-E|56.5,53.667 54.879,53.251 54.607,51.416 54.649,50.973 54.256,50.973 53.51,50.177 52.778,49.98 52.655,50.777 52.105,51.367 51.767,52.35 51.467,52.567 51.5,53.367 51.4,53.617 51.233,53.667 51.2,53.917 51.1,54.15 50.9,54.283 50.833,54.517 50.633,54.417 50.55,54.55 50.633,54.733 50.883,54.7 50.85,54.867 50.933,55.05 50.917,55.1 50.8,55.05 50.733,55.283 50.65,55.333 50.567,55.7 50.767,56.133 50.9,56.183 50.983,56.467 51.083,56.633 51.1,57.183 50.867,57.5 50.95,57.733 51.133,57.75 51.117,58.333 51.033,58.6 50.833,58.6 50.833,58.767 50.717,58.883 50.65,59.483 50.517,59.517 50.583,59.833 50.867,60.033 50.85,60.183 50.683,60.233 50.667,60.817 50.8,61.467 51.25,61.583 51.267,61.683 51.417,61.5 51.467,61.0 51.6,60.917 51.617,60.583 51.7,60.383 51.783,60.517 51.917,60.183 51.867,60.167 51.9,60.067 51.992,60.012 52.583,58.317 53.267,57.567 54.2,58.65 55.7,57.883 56.5,56.083 56.5,53.667
UWWW-KG|56.953,49.146 56.467,50.8 56.413,51.378 56.145,51.405 55.937,51.04 55.333,50.648 55.219,51.227 55.072,51.483 54.607,51.416 54.867,48.25 55.779,47.953 56.183,47.9 56.183,48.367 56.433,49.0 56.953,49.146
UWWW-LG|54.867,48.25 54.733,50.0 54.367,50.167 53.967,50.167 53.867,49.8 53.9,49.217 53.383,48.033 52.767,48.3 52.567,46.95 52.883,46.867 53.85,46.367 54.817,46.583 54.867,48.25
UWWW-N|55.113,58.189 54.516,55.297 54.729,53.461 54.879,53.251 54.607,51.416 54.867,48.25 54.817,46.583 55.6,46.433 57.233,46.75 57.3,47.917 56.467,50.8 56.367,51.883 56.417,52.2 56.5,53.667 56.5,56.083 55.7,57.883 55.113,58.189
UWWW-SE|54.879,53.251 54.607,51.416 54.649,50.973 54.256,50.973 53.51,50.177 52.778,49.98 52.655,50.777 52.105,51.367 51.767,52.35 51.467,52.567 51.5,53.367 51.4,53.617 51.233,53.667 51.2,53.917 51.1,54.15 50.9,54.283 50.833,54.517 50.633,54.417 50.55,54.55 50.633,54.733 50.883,54.7 50.85,54.867 50.933,55.05 50.917,55.1 50.8,55.05 50.733,55.283 50.65,55.333 50.567,55.7 50.767,56.133 50.9,56.183 50.983,56.467 51.083,56.633 51.1,57.183 50.867,57.5 50.95,57.733 51.133,57.75 51.117,58.333 51.033,58.6 50.833,58.6 50.833,58.767 50.717,58.883 50.65,59.483 50.517,59.517 50.583,59.833 50.867,60.033 50.85,60.183 50.683,60.233 50.667,60.817 50.8,61.467 51.25,61.583 51.267,61.683 51.417,61.5 51.467,61.0 51.6,60.917 51.617,60.583 51.7,60.383 51.783,60.517 51.917,60.183 51.867,60.167 51.9,60.067 51.992,60.012 52.583,58.317 53.267,57.567 54.2,58.65 55.113,58.189 54.516,55.297 54.729,53.461 54.879,53.251
UWWW-SG|54.733,50.0 54.607,51.416 54.108,52.138 53.904,51.522 53.546,51.55 53.122,52.409 52.933,52.0 52.467,51.883 51.767,52.35 51.65,52.033 51.667,51.867 51.583,51.783 51.517,51.817 51.467,51.667 51.547,51.58 51.483,51.433 51.483,51.283 51.567,51.25 51.567,51.367 51.65,51.367 51.683,51.267 51.683,50.883 51.733,50.85 52.767,48.3 53.383,48.033 53.9,49.217 53.867,49.8 53.967,50.167 54.367,50.167 54.733,50.0
UWWW-SW|54.817,46.583 54.633,43.85 53.5,42.467 52.333,42.867 51.533,42.583 50.75,43.033 51.1,43.633 51.2,44.983 50.603,45.847 50.452,47.677 50.1,48.083 49.867,48.217 49.8,48.417 50.019,48.891 50.103,48.757 50.168,48.812 50.258,48.731 50.583,48.65 50.633,48.572 50.663,48.607 50.608,48.7 50.583,48.833 50.783,49.117 50.867,49.433 51.0,49.333 51.133,49.517 51.117,49.75 51.233,49.967 51.333,50.367 51.383,50.333 51.483,50.517 51.6,50.517 51.633,50.567 51.617,50.717 51.583,50.667 51.583,50.75 51.65,50.8 51.683,50.75 51.767,50.75 51.733,50.85 51.683,50.883 51.683,51.267 51.65,51.367 51.567,51.367 51.567,51.25 51.483,51.283 51.483,51.433 51.547,51.58 51.467,51.667 51.517,51.817 51.583,51.783 51.667,51.867 51.65,52.033 51.767,52.35 52.105,51.367 52.655,50.777 52.778,49.98 53.51,50.177 54.256,50.973 54.649,50.973 54.867,48.25 54.817,46.583
UWWW-W|54.817,46.583 54.633,43.85 53.5,42.467 52.333,42.867 51.533,42.583 50.75,43.033 51.1,43.633 51.2,44.983 50.603,45.847 50.452,47.677 50.1,48.083 49.867,48.217 49.8,48.417 50.019,48.891 50.103,48.757 50.168,48.812 50.258,48.731 50.583,48.65 50.633,48.572 50.663,48.607 50.608,48.7 50.583,48.833 50.783,49.117 50.867,49.433 51.0,49.333 51.133,49.517 51.117,49.75 51.233,49.967 51.333,50.367 51.383,50.333 51.483,50.517 51.6,50.517 51.633,50.567 51.617,50.717 51.583,50.667 51.583,50.75 51.65,50.8 51.683,50.75 51.767,50.75 51.733,50.85 51.683,50.883 51.683,51.267 51.65,51.367 51.567,51.367 51.567,51.25 51.483,51.283 51.483,51.433 51.547,51.58 51.467,51.667 51.517,51.817 51.583,51.783 51.667,51.867 51.65,52.033 51.767,52.35 52.105,51.367 52.655,50.777 52.778,49.98 53.51,50.177 54.256,50.973 54.649,50.973 54.607,51.416 54.879,53.251 56.5,53.667 56.417,52.2 56.367,51.883 56.467,50.8 57.3,47.917 57.233,46.75 55.6,46.433 54.817,46.583
UZSD|40.467,62.167 41.4,63.9 41.0,66.0 40.117,67.8 39.578,67.459 39.537,67.47 39.525,67.393 39.481,67.454 39.323,67.477 39.304,67.336 39.231,67.341 39.144,67.674 39.016,67.681 39.021,68.077 38.914,68.204 38.805,68.075 38.387,68.07 38.195,68.408 37.922,68.276 37.924,68.142 37.751,68.044 37.629,67.868 37.42,67.785 37.324,67.845 37.2,67.783 37.283,67.5 37.183,67.283 37.383,67.0 37.333,66.533 38.0,66.667 38.283,65.533 39.933,62.583 40.467,62.167
UZTR|42.5,63.833 43.04,65.72 42.854,65.845 42.935,66.1 42.34,66.071 42.359,66.001 41.937,65.998 41.874,66.538 41.777,66.554 41.577,68.037 41.324,69.039 41.703,69.742 41.95,70.383 42.133,70.417 42.0,70.617 42.267,70.947 42.0,70.933 41.585,71.067 41.25,71.567 41.133,72.117 40.667,72.583 40.517,72.533 40.2,71.95 40.1,70.783 40.358,70.543 40.381,70.386 40.456,70.323 40.504,70.483 40.552,70.518 40.563,70.588 40.721,70.802 40.985,70.553 41.041,70.444 41.014,70.378 40.891,70.355 40.827,70.212 40.831,70.125 40.75,70.061 40.704,69.826 40.625,69.724 40.704,69.583 40.814,69.493 40.752,69.407 40.785,69.388 40.783,69.348 40.594,69.344 40.543,69.208 40.491,69.287 40.466,69.269 40.346,69.339 40.279,69.309 40.301,69.249 40.187,69.306 40.231,69.043 40.136,68.501 40.078,68.632 40.151,69.024 40.054,68.975 40.052,68.857 39.911,68.938 39.856,68.852 39.982,68.833 39.977,68.808 39.843,68.78 39.843,68.635 39.663,68.63 39.531,68.525 39.562,68.11 39.661,67.707 39.601,67.631 39.578,67.459 40.117,67.8 41.0,66.0 41.4,63.9 40.467,62.167 41.167,61.333 41.333,60.25 42.0,60.0 42.3,59.55 42.5,58.833 42.0,57.0 41.317,56.0 45.0,56.0 45.595,58.595 45.366,58.99 44.643,60.748 44.365,61.1 44.227,61.133 43.5,62.0 42.5,63.833|39.59,70.119 39.529,69.868 39.597,69.701 39.533,69.499 39.542,69.345 39.698,69.338 39.812,69.272 39.916,69.292 40.025,69.358 39.92,69.424 39.946,69.541 40.072,69.512 40.243,70.005 40.033,70.55 39.669,70.781 39.567,70.194 39.59,70.119
VAAH|21.506,72.552 21.383,72.394 21.337,72.208 21.192,72.09 20.801,71.466 22.068,70.707 22.133,70.588 22.27,70.513 22.386,70.523 22.497,70.601 22.804,70.65 22.863,71.2 23.368,70.846 23.963,68.748 23.926,68.347 23.963,68.748 24.351,68.788 24.265,69.127 24.277,69.642 24.133,69.86 24.355,70.241 24.399,70.577 24.225,70.617 24.395,71.095 24.558,70.958 24.722,71.092 25.413,70.679 24.864,73.414 24.971,73.504 25.063,73.643 25.118,73.893 25.093,74.063 25.0,74.249 25.0,76.0 21.0,76.009 21.526,73.314 21.357,73.248 21.506,72.552
VABB|17.968,69.433 17.847,68.858 21.21,68.858 21.098,69.776 20.951,70.266 20.767,71.15 20.801,71.466 21.192,72.09 21.337,72.208 21.383,72.394 21.506,72.552 21.357,73.248 21.526,73.314 21.0,76.009 16.667,76.0 16.283,73.0 16.862,71.665 17.968,69.433
VABB-LC|17.114,74.471 16.862,74.067 16.714,73.684 16.624,73.28 16.593,72.866 16.624,72.452 16.714,72.049 16.862,71.665 17.064,71.311 17.316,70.996 17.611,70.727 17.943,70.51 18.303,70.352 18.683,70.255 19.073,70.222 19.464,70.255 19.846,70.352 20.211,70.51 20.547,70.727 20.798,70.996 20.767,71.15 20.801,71.466 21.192,72.09 21.337,72.208 21.383,72.394 21.506,72.552 21.357,73.248 21.526,73.314 21.351,74.149 20.201,73.616 19.751,73.666 20.301,75.249 21.0,76.009 19.233,76.0 19.351,74.999 19.273,74.36 19.013,73.648 18.873,73.488 18.734,73.413 18.501,73.394 18.282,73.488 17.268,74.249 17.114,74.471
VABB-U5|22.11,62.81 23.496,64.495 23.497,68.267 23.926,68.347 23.963,68.748 23.368,70.846 22.863,71.2 22.804,70.65 22.497,70.601 22.386,70.523 22.27,70.513 22.133,70.588 22.068,70.707 20.801,71.466 20.767,71.15 20.951,70.266 21.098,69.776 21.21,68.858 19.306,68.858 22.11,62.81
VABF|19.8,60.0 23.496,64.495 23.497,68.267 23.926,68.347 23.963,68.748 24.351,68.788 24.265,69.127 24.277,69.642 24.133,69.86 24.355,70.241 24.399,70.577 24.225,70.617 24.395,71.095 24.558,70.958 24.722,71.092 25.413,70.679 24.864,73.414 24.971,73.504 25.063,73.643 25.118,73.893 25.093,74.063 25.0,74.249 25.0,79.082 23.18,80.059 22.481,80.354 21.503,80.594 18.717,82.0 19.717,77.167 19.317,76.001 16.667,76.0 16.283,73.0 15.0,73.583 15.001,72.0 7.502,72.0 7.502,70.0 3.083,70.0 0.002,68.0 -6.0,68.0 -6.0,60.0 19.8,60.0
VABF-OC|22.11,62.81 19.306,68.858 17.847,68.858 17.968,69.433 16.862,71.665 16.283,73.0 15.0,73.583 15.001,72.0 7.502,72.0 7.502,70.0 3.083,70.0 0.002,68.0 -6.0,68.0 -6.0,60.0 19.8,60.0 22.11,62.81
VABF-UAC|22.11,62.81 23.496,64.495 23.497,68.267 23.926,68.347 23.963,68.748 24.351,68.788 24.265,69.127 24.277,69.642 24.133,69.86 24.355,70.241 24.399,70.577 24.225,70.617 24.395,71.095 24.558,70.958 24.722,71.092 25.413,70.679 24.864,73.414 24.971,73.504 25.063,73.643 25.118,73.893 25.093,74.063 25.0,74.249 25.0,79.082 23.18,80.059 22.481,80.354 21.503,80.594 20.519,81.09 18.412,80.09 18.977,77.997 18.992,77.467 19.233,76.0 16.667,76.0 16.283,73.0 16.862,71.665 17.968,69.433 17.847,68.858 19.306,68.858 22.11,62.81
VANP|25.0,76.0 25.0,79.082 23.18,80.059 22.481,80.354 21.503,80.594 18.717,82.0 19.717,77.167 19.317,76.001 25.0,76.0
VANP-UAC|25.0,76.0 25.0,79.082 23.18,80.059 22.481,80.354 21.503,80.594 20.519,81.09 18.412,80.09 18.977,77.997 18.992,77.467 19.233,76.0 25.0,76.0
VCCF|10.0,80.0 10.0,82.0 6.0,92.0 -2.0,92.0 -2.0,78.0 6.0,78.0 10.0,80.0
VDPF|11.748,102.937 11.431,102.888 9.998,102.254 8.856,102.539 10.662,103.923 10.548,104.05 10.478,104.291 10.495,104.354 10.41,104.503 10.53,104.593 10.525,104.876 10.628,104.95 10.711,105.093 10.879,105.034 10.956,105.11 10.917,105.112 10.85,105.357 10.966,105.43 10.95,105.545 11.026,105.778 10.906,105.864 10.86,105.86 10.837,105.934 10.903,105.954 10.812,106.073 10.79,106.192 10.912,106.146 10.976,106.15 10.978,106.207 11.077,106.177 11.098,106.149 11.071,106.11 11.294,105.872 11.535,105.883 11.598,105.811 11.658,105.851 11.642,105.959 11.775,106.037 11.753,106.193 11.672,106.307 11.7,106.388 11.667,106.449 11.769,106.419 11.867,106.467 11.972,106.418 11.969,106.722 12.075,106.795 12.06,106.919 12.089,106.999 12.271,107.157 12.325,107.35 12.246,107.434 12.345,107.546 12.588,107.589 12.789,107.565 12.954,107.489 13.357,107.626 13.516,107.618 13.737,107.536 13.788,107.456 13.979,107.458 14.011,107.368 14.081,107.374 14.111,107.339 14.235,107.407 14.318,107.395 14.415,107.45 14.41,107.493 14.617,107.557 14.736,107.552 14.527,107.091 14.325,106.759 14.531,106.612 14.347,106.019 13.964,106.147 14.154,105.602 14.166,105.281 14.343,105.263 14.168,105.079 14.368,104.913 14.377,104.68 14.335,104.546 14.368,104.146 14.318,103.963 14.402,103.646 14.335,103.23 14.185,102.963 14.018,102.913 13.752,102.73 13.668,102.596 13.618,102.63 13.552,102.538 13.552,102.38 13.285,102.363 13.018,102.53 12.685,102.546 12.452,102.796 12.181,102.737 11.748,102.937
VEBN|25.0,79.082 25.134,78.999 25.6,79.598 25.284,79.832 25.893,80.032 25.432,80.462 26.504,81.288 26.788,81.41 27.484,82.748 27.45,83.183 27.334,83.337 27.433,83.454 27.467,83.633 27.334,83.914 27.417,83.881 27.417,84.048 27.484,84.114 27.367,84.314 27.317,84.614 27.05,84.631 26.834,85.031 25.526,83.919 24.742,84.944 24.209,84.456 22.971,84.129 23.18,80.059 25.0,79.082
VECC|26.479,86.913 26.55,87.047 26.417,87.081 26.334,87.364 26.417,87.431 26.367,87.614 25.918,88.092 25.834,88.139 25.842,88.281 25.534,88.589 25.542,88.831 25.367,88.872 25.176,89.047 25.159,88.664 25.326,88.514 24.851,88.364 24.867,88.247 24.934,88.214 24.667,88.081 24.509,88.164 24.309,88.764 24.101,88.731 24.001,88.797 23.851,88.714 23.851,88.631 23.667,88.597 23.501,88.831 23.309,88.756 23.226,89.047 23.101,88.897 22.585,88.928 21.0,92.0 18.388,92.0 20.571,86.627 22.971,84.129 24.209,84.456 24.742,84.944 24.744,87.041 25.615,87.555 26.479,86.913
VECC-E|20.571,86.627 22.367,87.948 22.676,88.448 22.585,88.928 21.0,92.0 18.388,92.0 20.571,86.627
VECC-N|23.124,88.041 24.739,85.31 24.744,87.041 25.615,87.555 26.479,86.913 26.55,87.047 26.417,87.081 26.334,87.364 26.417,87.431 26.367,87.614 25.918,88.092 25.834,88.139 25.842,88.281 25.534,88.589 25.542,88.831 25.367,88.872 25.176,89.047 25.159,88.664 25.326,88.514 24.851,88.364 24.867,88.247 24.934,88.214 24.667,88.081 24.509,88.164 24.309,88.764 24.101,88.731 24.001,88.797 23.851,88.714 23.851,88.631 23.667,88.597 23.501,88.831 23.309,88.756 23.226,89.047 23.101,88.897 23.23,88.643 23.259,88.448 23.23,88.253 23.124,88.041
VECC-W|24.739,85.31 23.124,88.041 23.23,88.253 23.259,88.448 23.23,88.643 23.101,88.897 22.585,88.928 22.676,88.448 22.367,87.948 20.571,86.627 22.971,84.129 24.209,84.456 24.742,84.944 24.739,85.31
VECF|26.367,87.614 26.417,87.881 26.334,88.031 26.45,88.131 26.851,88.236 27.15,88.031 27.85,88.214 27.95,88.083 28.15,88.65 27.984,88.914 27.4,88.831 27.333,88.933 27.325,89.003 27.5,88.997 28.117,89.483 28.185,89.9 28.161,90.206 28.071,90.373 28.117,90.714 28.0,91.067 28.07,91.328 27.8,91.694 27.727,91.888 27.892,92.255 27.801,92.331 27.95,92.663 28.117,92.633 28.425,93.213 28.55,93.2 28.675,93.333 28.783,93.833 28.9,94.0 29.017,94.0 29.017,94.133 29.167,94.283 29.334,94.846 29.2,94.83 29.2,94.996 29.15,95.096 29.15,95.3 29.391,96.049 29.214,96.271 29.159,96.297 29.113,96.183 29.025,96.2 29.067,96.346 28.784,96.629 28.717,96.617 28.717,96.529 28.667,96.467 28.633,96.483 28.533,96.333 28.5,96.383 28.417,96.263 28.417,96.467 28.467,96.583 28.467,96.667 28.367,96.775 28.383,96.9 28.317,97.0 28.383,97.117 28.2,97.367 27.883,97.383 27.917,97.283 27.617,96.9 27.483,96.9 27.1,97.15 27.167,96.9 27.317,96.817 27.367,96.633 27.3,96.55 27.217,96.083 26.883,95.733 26.9,95.667 26.8,95.6 26.817,95.517 26.7,95.45 26.667,95.15 26.5,95.1 26.167,95.1 26.083,95.183 25.933,95.033 25.733,95.05 25.45,94.667 25.183,94.6 25.133,94.733 24.767,94.617 24.567,94.467 23.833,94.133 23.9,94.0 23.917,93.833 24.017,93.75 23.95,93.533 24.1,93.35 23.733,93.4 23.15,93.367 23.0,93.267 23.05,93.167 22.717,93.1 22.35,93.2 22.183,93.15 22.2,93.05 22.1,93.05 22.1,93.0 21.983,93.0 22.017,92.95 21.95,92.9 22.067,92.867 22.15,92.7 22.017,92.667 21.967,92.617 22.152,92.61 22.868,92.41 22.935,92.344 23.701,92.26 23.635,92.21 23.735,92.16 23.618,92.044 23.701,91.96 23.485,91.977 23.435,91.944 23.401,91.86 23.268,91.794 23.085,91.844 22.935,91.71 22.935,91.66 23.235,91.444 23.218,91.394 23.068,91.427 23.035,91.394 23.068,91.344 23.151,91.294 23.401,91.244 23.601,91.127 23.751,91.144 23.768,91.194 23.835,91.227 23.901,91.194 24.001,91.294 24.001,91.344 24.118,91.361 24.118,91.577 24.218,91.627 24.168,91.727 24.218,91.744 24.218,91.86 24.151,91.894 24.335,91.91 24.401,91.96 24.401,92.11 24.518,92.094 24.551,92.144 24.835,92.244 24.868,92.277 24.901,92.46 25.018,92.377 25.168,92.06 25.118,91.66 25.168,91.161 25.134,90.927 25.134,90.411 25.284,89.811 25.734,89.794 25.918,89.827 26.151,89.678 26.218,89.678 26.218,89.644 26.168,89.661 26.151,89.594 26.134,89.644 26.068,89.661 26.018,89.594 25.951,89.594 25.984,89.328 26.168,89.111 26.351,89.078 26.384,88.944 26.234,89.061 26.201,88.961 26.268,88.894 26.218,88.878 26.284,88.678 26.251,88.678 26.284,88.628 26.318,88.678 26.601,88.394 26.501,88.361 26.334,88.544 26.334,88.461 26.284,88.378 26.184,88.345 26.168,88.245 26.101,88.175 26.018,88.192 25.918,88.092 25.834,88.139 25.842,88.281 25.534,88.589 25.542,88.831 25.367,88.872 25.176,89.047 25.159,88.664 25.326,88.514 24.851,88.364 24.867,88.247 24.934,88.214 24.667,88.081 24.509,88.164 24.309,88.764 24.101,88.731 24.001,88.797 23.851,88.714 23.851,88.631 23.667,88.597 23.501,88.831 23.309,88.756 23.226,89.047 23.101,88.897 22.585,88.928 21.635,89.161 21.0,92.0 14.0,92.0 15.7,85.9 18.683,82.817 18.717,82.0 21.503,80.594 22.481,80.354 23.18,80.059 25.134,78.999 25.6,79.598 25.284,79.832 26.4,80.198 26.759,80.894 27.156,81.55 27.484,82.748 27.45,83.183 27.334,83.337 27.433,83.454 27.467,83.633 27.334,83.914 27.417,83.881 27.417,84.048 27.484,84.114 27.367,84.314 27.317,84.614 27.05,84.631 26.834,85.031 26.834,85.148 26.75,85.181 26.817,85.721 26.65,85.731 26.55,85.864 26.65,86.031 26.567,86.214 26.6,86.298 26.4,86.764 26.55,87.047 26.417,87.081 26.334,87.364 26.417,87.431 26.367,87.614
VECF-OC|20.252,87.448 18.388,92.0 14.0,92.0 15.7,85.9 16.622,84.946 20.252,87.448
VECF-UAC|26.367,87.614 26.417,87.881 26.334,88.031 26.45,88.131 26.851,88.236 27.15,88.031 27.85,88.214 27.95,88.083 28.15,88.65 27.984,88.914 27.4,88.831 27.333,88.933 27.325,89.003 27.5,88.997 28.117,89.483 28.185,89.9 28.161,90.206 28.071,90.373 28.117,90.714 28.0,91.067 28.07,91.328 27.8,91.694 27.727,91.888 27.892,92.255 27.801,92.331 27.95,92.663 28.117,92.633 28.425,93.213 28.55,93.2 28.675,93.333 28.783,93.833 28.9,94.0 29.017,94.0 29.017,94.133 29.167,94.283 29.334,94.846 29.2,94.83 29.2,94.996 29.15,95.096 29.15,95.3 29.391,96.049 29.214,96.271 29.159,96.297 29.113,96.183 29.025,96.2 29.067,96.346 28.784,96.629 28.717,96.617 28.717,96.529 28.667,96.467 28.633,96.483 28.533,96.333 28.5,96.383 28.417,96.263 28.417,96.467 28.467,96.583 28.467,96.667 28.367,96.775 28.383,96.9 28.317,97.0 28.383,97.117 28.2,97.367 27.883,97.383 27.917,97.283 27.617,96.9 27.483,96.9 27.1,97.15 27.167,96.9 27.317,96.817 27.367,96.633 27.3,96.55 27.217,96.083 26.883,95.733 26.9,95.667 26.8,95.6 26.817,95.517 26.7,95.45 26.667,95.15 26.5,95.1 26.167,95.1 26.083,95.183 25.933,95.033 25.733,95.05 25.45,94.667 25.183,94.6 25.133,94.733 24.767,94.617 24.567,94.467 23.833,94.133 23.9,94.0 23.917,93.833 24.017,93.75 23.95,93.533 24.1,93.35 23.733,93.4 23.15,93.367 23.0,93.267 23.05,93.167 22.717,93.1 22.35,93.2 22.183,93.15 22.2,93.05 22.1,93.05 22.1,93.0 21.983,93.0 22.017,92.95 21.95,92.9 22.067,92.867 22.15,92.7 22.017,92.667 21.967,92.617 22.152,92.61 22.868,92.41 22.935,92.344 23.701,92.26 23.635,92.21 23.735,92.16 23.618,92.044 23.701,91.96 23.485,91.977 23.435,91.944 23.401,91.86 23.268,91.794 23.085,91.844 22.935,91.71 22.935,91.66 23.235,91.444 23.218,91.394 23.068,91.427 23.035,91.394 23.068,91.344 23.151,91.294 23.401,91.244 23.601,91.127 23.751,91.144 23.768,91.194 23.835,91.227 23.901,91.194 24.001,91.294 24.001,91.344 24.118,91.361 24.118,91.577 24.218,91.627 24.168,91.727 24.218,91.744 24.218,91.86 24.151,91.894 24.335,91.91 24.401,91.96 24.401,92.11 24.518,92.094 24.551,92.144 24.835,92.244 24.868,92.277 24.901,92.46 25.018,92.377 25.168,92.06 25.118,91.66 25.168,91.161 25.134,90.927 25.134,90.411 25.284,89.811 25.734,89.794 25.918,89.827 26.151,89.678 26.218,89.678 26.218,89.644 26.168,89.661 26.151,89.594 26.134,89.644 26.068,89.661 26.018,89.594 25.951,89.594 25.984,89.328 26.168,89.111 26.351,89.078 26.384,88.944 26.234,89.061 26.201,88.961 26.268,88.894 26.218,88.878 26.284,88.678 26.251,88.678 26.284,88.628 26.318,88.678 26.601,88.394 26.501,88.361 26.334,88.544 26.334,88.461 26.284,88.378 26.184,88.345 26.168,88.245 26.101,88.175 26.018,88.192 25.918,88.092 25.834,88.139 25.842,88.281 25.534,88.589 25.542,88.831 25.367,88.872 25.176,89.047 25.159,88.664 25.326,88.514 24.851,88.364 24.867,88.247 24.934,88.214 24.667,88.081 24.509,88.164 24.309,88.764 24.101,88.731 24.001,88.797 23.851,88.714 23.851,88.631 23.667,88.597 23.501,88.831 23.309,88.756 23.226,89.047 23.101,88.897 22.585,88.928 21.0,92.0 18.388,92.0 20.252,87.448 16.094,84.598 16.768,82.646 17.836,81.222 18.412,80.09 20.519,81.09 21.503,80.594 22.481,80.354 23.18,80.059 25.134,78.999 25.6,79.598 25.284,79.832 26.4,80.198 26.759,80.894 27.156,81.55 27.484,82.748 27.45,83.183 27.334,83.337 27.433,83.454 27.467,83.633 27.334,83.914 27.417,83.881 27.417,84.048 27.484,84.114 27.367,84.314 27.317,84.614 27.05,84.631 26.834,85.031 26.834,85.148 26.75,85.181 26.817,85.721 26.65,85.731 26.55,85.864 26.65,86.031 26.567,86.214 26.6,86.298 26.4,86.764 26.55,87.047 26.417,87.081 26.334,87.364 26.417,87.431 26.367,87.614
VECF-UBN|25.134,78.999 25.6,79.598 25.284,79.832 26.4,80.198 26.759,80.894 27.156,81.55 27.484,82.748 27.45,83.183 27.334,83.337 27.433,83.454 27.467,83.633 27.334,83.914 27.417,83.881 27.417,84.048 27.484,84.114 27.367,84.314 27.317,84.614 27.05,84.631 26.834,85.031 26.834,85.148 26.75,85.181 24.739,85.31 24.742,84.944 23.732,83.436 23.965,80.349 23.18,80.059 25.134,78.999
VECF-UBS|21.984,85.157 20.571,86.627 20.252,87.448 16.094,84.598 16.768,82.646 17.836,81.222 18.412,80.09 20.519,81.09 21.503,80.594 21.012,81.604 20.907,82.601 21.054,83.783 21.984,85.157
VECF-UGT|26.367,87.614 26.417,87.881 26.334,88.031 26.45,88.131 26.851,88.236 27.15,88.031 27.85,88.214 27.95,88.083 28.15,88.65 27.984,88.914 27.4,88.831 27.333,88.933 27.325,89.003 27.5,88.997 28.117,89.483 28.185,89.9 28.161,90.206 28.071,90.373 28.117,90.714 28.0,91.067 28.07,91.328 27.8,91.694 27.727,91.888 27.892,92.255 27.801,92.331 27.95,92.663 28.117,92.633 28.425,93.213 28.55,93.2 28.675,93.333 28.783,93.833 28.9,94.0 29.017,94.0 29.017,94.133 29.167,94.283 29.334,94.846 29.2,94.83 29.2,94.996 29.15,95.096 29.15,95.3 29.391,96.049 29.214,96.271 29.159,96.297 29.113,96.183 29.025,96.2 29.067,96.346 28.784,96.629 28.717,96.617 28.717,96.529 28.667,96.467 28.633,96.483 28.533,96.333 28.5,96.383 28.417,96.263 28.417,96.467 28.467,96.583 28.467,96.667 28.367,96.775 28.383,96.9 28.317,97.0 28.383,97.117 28.2,97.367 27.883,97.383 27.917,97.283 27.617,96.9 27.483,96.9 27.1,97.15 27.167,96.9 27.317,96.817 27.367,96.633 27.3,96.55 27.217,96.083 26.883,95.733 26.9,95.667 26.8,95.6 26.817,95.517 26.7,95.45 26.667,95.15 26.5,95.1 26.167,95.1 26.083,95.183 25.933,95.033 25.733,95.05 25.45,94.667 25.183,94.6 25.133,94.733 24.767,94.617 24.567,94.467 23.833,94.133 23.9,94.0 23.917,93.833 24.017,93.75 23.95,93.533 24.1,93.35 23.733,93.4 23.15,93.367 23.0,93.267 23.05,93.167 22.717,93.1 22.35,93.2 22.183,93.15 22.2,93.05 22.1,93.05 22.1,93.0 21.983,93.0 22.017,92.95 21.95,92.9 22.067,92.867 22.15,92.7 22.017,92.667 21.967,92.617 22.152,92.61 22.868,92.41 22.935,92.344 23.701,92.26 23.635,92.21 23.735,92.16 23.618,92.044 23.701,91.96 23.485,91.977 23.435,91.944 23.401,91.86 23.268,91.794 23.085,91.844 22.935,91.71 22.935,91.66 23.235,91.444 23.218,91.394 23.068,91.427 23.035,91.394 23.068,91.344 23.151,91.294 23.401,91.244 23.601,91.127 23.751,91.144 23.768,91.194 23.835,91.227 23.901,91.194 24.001,91.294 24.001,91.344 24.118,91.361 24.118,91.577 24.218,91.627 24.168,91.727 24.218,91.744 24.218,91.86 24.151,91.894 24.335,91.91 24.401,91.96 24.401,92.11 24.518,92.094 24.551,92.144 24.835,92.244 24.868,92.277 24.901,92.46 25.018,92.377 25.168,92.06 25.118,91.66 25.168,91.161 25.134,90.927 25.134,90.411 25.284,89.811 25.734,89.794 25.918,89.827 26.151,89.678 26.218,89.678 26.218,89.644 26.168,89.661 26.151,89.594 26.134,89.644 26.068,89.661 26.018,89.594 25.951,89.594 25.984,89.328 26.168,89.111 26.351,89.078 26.384,88.944 26.234,89.061 26.201,88.961 26.268,88.894 26.218,88.878 26.284,88.678 26.251,88.678 26.284,88.628 26.318,88.678 26.601,88.394 26.501,88.361 26.334,88.544 26.334,88.461 26.284,88.378 26.184,88.345 26.168,88.245 26.101,88.175 26.018,88.192 25.918,88.092 26.367,87.614
VECF-UKE|20.84,86.347 22.367,87.948 22.676,88.448 22.585,88.928 21.0,92.0 18.388,92.0 20.571,86.627 20.84,86.347
VECF-UKN|23.101,88.897 23.23,88.643 23.259,88.448 23.23,88.253 23.124,88.041 24.739,85.31 26.75,85.181 26.817,85.721 26.65,85.731 26.55,85.864 26.65,86.031 26.567,86.214 26.6,86.298 26.4,86.764 26.55,87.047 26.417,87.081 26.334,87.364 26.417,87.431 26.367,87.614 25.918,88.092 25.834,88.139 25.842,88.281 25.534,88.589 25.542,88.831 25.367,88.872 25.176,89.047 25.159,88.664 25.326,88.514 24.851,88.364 24.867,88.247 24.934,88.214 24.667,88.081 24.509,88.164 24.309,88.764 24.101,88.731 24.001,88.797 23.851,88.714 23.851,88.631 23.667,88.597 23.501,88.831 23.309,88.756 23.226,89.047 23.101,88.897
VECF-UKW|24.739,85.31 23.124,88.041 23.23,88.253 23.259,88.448 23.23,88.643 23.101,88.897 22.585,88.928 22.676,88.448 22.367,87.948 20.84,86.347 22.971,84.129 23.732,83.436 24.742,84.944 24.739,85.31
VECF-URP|21.503,80.594 22.481,80.354 23.18,80.059 23.965,80.349 23.732,83.436 22.971,84.129 21.984,85.157 21.054,83.783 20.907,82.601 21.012,81.604 21.503,80.594
VEGF|26.367,87.614 26.417,87.881 26.334,88.031 26.45,88.131 26.851,88.236 27.15,88.031 27.85,88.214 27.95,88.083 28.15,88.65 27.984,88.914 27.4,88.831 27.333,88.933 27.325,89.003 27.5,88.997 28.117,89.483 28.185,89.9 28.161,90.206 28.071,90.373 28.117,90.714 28.0,91.067 28.07,91.328 27.8,91.694 27.727,91.888 27.892,92.255 27.801,92.331 27.95,92.663 28.117,92.633 28.425,93.213 28.55,93.2 28.675,93.333 28.783,93.833 28.9,94.0 29.017,94.0 29.017,94.133 29.167,94.283 29.334,94.846 29.2,94.83 29.2,94.996 29.15,95.096 29.15,95.3 29.391,96.049 29.214,96.271 29.159,96.297 29.113,96.183 29.025,96.2 29.067,96.346 28.784,96.629 28.717,96.617 28.717,96.529 28.667,96.467 28.633,96.483 28.533,96.333 28.5,96.383 28.417,96.263 28.417,96.467 28.467,96.583 28.467,96.667 28.367,96.775 28.383,96.9 28.317,97.0 28.383,97.117 28.2,97.367 27.883,97.383 27.917,97.283 27.617,96.9 27.483,96.9 27.1,97.15 27.167,96.9 27.317,96.817 27.367,96.633 27.3,96.55 27.217,96.083 26.883,95.733 26.9,95.667 26.8,95.6 26.817,95.517 26.7,95.45 26.667,95.15 26.5,95.1 26.167,95.1 26.083,95.183 25.933,95.033 25.733,95.05 25.45,94.667 25.183,94.6 25.133,94.733 24.767,94.617 24.567,94.467 23.833,94.133 23.9,94.0 23.917,93.833 24.017,93.75 23.95,93.533 24.1,93.35 23.733,93.4 23.15,93.367 23.0,93.267 23.05,93.167 22.717,93.1 22.35,93.2 22.183,93.15 22.2,93.05 22.1,93.05 22.1,93.0 21.983,93.0 22.017,92.95 21.95,92.9 22.067,92.867 22.15,92.7 22.017,92.667 21.967,92.617 22.152,92.61 22.868,92.41 22.935,92.344 23.701,92.26 23.635,92.21 23.735,92.16 23.618,92.044 23.701,91.96 23.485,91.977 23.435,91.944 23.401,91.86 23.268,91.794 23.085,91.844 22.935,91.71 22.935,91.66 23.235,91.444 23.218,91.394 23.068,91.427 23.035,91.394 23.068,91.344 23.151,91.294 23.401,91.244 23.601,91.127 23.751,91.144 23.768,91.194 23.835,91.227 23.901,91.194 24.001,91.294 24.001,91.344 24.118,91.361 24.118,91.577 24.218,91.627 24.168,91.727 24.218,91.744 24.218,91.86 24.151,91.894 24.335,91.91 24.401,91.96 24.401,92.11 24.518,92.094 24.551,92.144 24.835,92.244 24.868,92.277 24.901,92.46 25.018,92.377 25.168,92.06 25.118,91.66 25.168,91.161 25.134,90.927 25.134,90.411 25.284,89.811 25.734,89.794 25.918,89.827 26.151,89.678 26.218,89.678 26.218,89.644 26.168,89.661 26.151,89.594 26.134,89.644 26.068,89.661 26.018,89.594 25.951,89.594 25.984,89.328 26.168,89.111 26.351,89.078 26.384,88.944 26.234,89.061 26.201,88.961 26.268,88.894 26.218,88.878 26.284,88.678 26.251,88.678 26.284,88.628 26.318,88.678 26.601,88.394 26.501,88.361 26.334,88.544 26.334,88.461 26.284,88.378 26.184,88.345 26.168,88.245 26.101,88.175 26.018,88.192 25.918,88.092 26.367,87.614
VGFR|21.0,92.0 21.635,89.161 22.585,88.928 23.101,88.897 23.226,89.047 23.309,88.756 23.501,88.831 23.667,88.597 23.851,88.631 23.851,88.714 24.001,88.797 24.101,88.731 24.309,88.764 24.509,88.164 24.667,88.081 24.934,88.214 24.867,88.247 24.851,88.364 25.326,88.514 25.159,88.664 25.176,89.047 25.367,88.872 25.542,88.831 25.534,88.589 25.842,88.281 25.834,88.139 25.918,88.092 26.018,88.192 26.101,88.175 26.168,88.245 26.184,88.345 26.284,88.378 26.334,88.461 26.334,88.544 26.501,88.361 26.601,88.394 26.318,88.678 26.284,88.628 26.251,88.678 26.284,88.678 26.218,88.878 26.268,88.894 26.201,88.961 26.234,89.061 26.384,88.944 26.351,89.078 26.168,89.111 25.984,89.328 25.951,89.594 26.018,89.594 26.068,89.661 26.134,89.644 26.151,89.594 26.168,89.661 26.218,89.644 26.218,89.678 26.151,89.678 25.918,89.827 25.734,89.794 25.284,89.811 25.134,90.411 25.134,90.927 25.168,91.161 25.118,91.66 25.168,92.06 25.018,92.377 24.901,92.46 24.868,92.277 24.835,92.244 24.551,92.144 24.518,92.094 24.401,92.11 24.401,91.96 24.335,91.91 24.151,91.894 24.218,91.86 24.218,91.744 24.168,91.727 24.218,91.627 24.118,91.577 24.118,91.361 24.001,91.344 24.001,91.294 23.901,91.194 23.835,91.227 23.768,91.194 23.751,91.144 23.601,91.127 23.401,91.244 23.151,91.294 23.068,91.344 23.035,91.394 23.068,91.427 23.218,91.394 23.235,91.444 22.935,91.66 22.935,91.71 23.085,91.844 23.268,91.794 23.401,91.86 23.435,91.944 23.485,91.977 23.701,91.96 23.618,92.044 23.735,92.16 23.635,92.21 23.701,92.26 22.935,92.344 22.868,92.41 22.152,92.61 21.0,92.0
VHHK|23.0,117.5 21.0,117.5 16.667,114.0 19.5,111.5 21.108,111.5 21.683,113.268 22.159,113.698 22.229,113.666 22.409,113.829 22.581,114.268 22.609,114.398 22.541,114.467 22.397,114.513 22.503,114.778 22.54,115.88 22.82,116.095 22.683,116.501 23.0,117.5
VIAR|31.733,75.666 32.0,75.999 32.005,76.912 29.959,75.741 29.017,72.971 29.895,73.392 30.0,73.648 30.196,73.971 30.382,73.873 31.075,74.618 31.262,74.516 31.576,74.628 31.768,74.497 32.114,75.069 32.162,75.218 31.733,75.666
VIDF|35.517,77.85 35.433,77.9 35.483,77.95 35.5,78.1 35.467,78.117 35.383,78.0 35.183,78.067 35.133,78.15 35.083,78.1 34.683,78.267 34.65,78.417 34.617,78.417 34.617,78.567 34.333,79.0 34.2,78.967 34.067,78.717 34.033,78.8 33.967,78.733 33.867,78.733 33.767,78.8 33.667,78.717 33.483,78.833 33.3,79.083 33.233,79.083 33.2,79.2 33.033,79.167 33.0,79.267 32.883,79.3 32.833,79.267 32.783,79.3 32.517,79.267 32.467,79.133 32.367,79.133 32.333,78.967 32.467,78.767 32.683,78.75 32.6,78.633 32.533,78.433 32.417,78.5 32.25,78.517 32.2,78.467 31.917,78.767 31.783,78.733 31.617,78.867 31.517,78.75 31.45,78.817 31.317,78.783 31.317,78.867 31.133,79.017 31.1,79.417 31.05,79.433 31.05,79.517 30.967,79.617 31.017,79.75 30.983,79.883 30.783,80.067 30.717,80.083 30.6,80.217 30.5,80.583 30.4,80.767 30.333,80.817 30.267,81.033 30.208,81.05 30.233,80.9 29.767,80.348 29.583,80.382 29.45,80.215 29.25,80.265 28.983,80.032 28.8,80.048 28.533,80.548 28.65,80.532 28.433,81.067 28.317,81.148 28.283,81.283 27.983,81.581 27.817,81.931 27.9,81.998 27.65,82.448 27.684,82.681 27.484,82.748 27.156,81.55 26.759,80.894 26.4,80.198 25.284,79.832 25.6,79.598 25.134,78.999 25.0,79.082 25.0,74.249 25.093,74.063 25.118,73.893 25.063,73.643 24.971,73.504 24.864,73.414 25.413,70.679 25.721,70.654 25.693,70.264 26.061,70.088 26.582,70.185 26.607,69.843 26.822,69.445 27.117,69.567 27.347,69.741 27.634,70.047 28.053,70.353 27.932,70.662 27.697,70.737 27.949,71.871 28.531,72.235 28.885,72.525 29.017,72.971 29.895,73.392 30.0,73.648 30.196,73.971 30.382,73.873 31.075,74.618 31.262,74.516 31.576,74.628 31.768,74.497 32.114,75.069 32.214,75.377 32.421,75.19 32.52,74.66 32.839,74.696 32.744,74.41 33.034,74.276 33.234,73.966 33.499,74.206 33.75,73.96 33.978,74.321 34.063,73.892 34.272,74.002 34.428,73.778 34.71,74.07 34.763,74.526 34.489,75.816 34.647,76.038 34.589,76.236 34.791,76.433 34.66,76.919 34.912,76.95 35.033,77.082 35.517,77.85
VIDF-LD1|31.517,78.75 31.45,78.817 31.317,78.783 31.317,78.867 31.133,79.017 31.1,79.417 31.05,79.433 31.05,79.517 30.967,79.617 31.017,79.75 30.983,79.883 30.783,80.067 30.717,80.083 30.6,80.217 30.5,80.583 30.4,80.767 30.333,80.817 30.267,81.033 30.208,81.05 30.233,80.9 29.767,80.348 29.583,80.382 29.45,80.215 29.25,80.265 28.983,80.032 28.8,80.048 28.533,80.548 28.431,80.508 27.217,79.365 26.587,79.041 27.336,77.953 28.567,77.094 28.999,77.671 30.097,78.609 31.517,78.75
VIDF-LD2|28.567,77.094 27.336,77.953 25.893,80.032 25.284,79.832 25.6,79.598 25.134,78.999 25.0,79.082 25.0,76.0 27.339,76.585 28.567,77.094
VIDF-LD3|26.227,72.929 25.0,73.541 24.864,73.414 25.413,70.679 25.721,70.654 25.693,70.264 26.061,70.088 26.582,70.185 26.607,69.843 26.822,69.445 27.117,69.567 27.347,69.741 27.634,70.047 28.053,70.353 27.932,70.662 27.697,70.737 27.949,71.871 28.472,72.198 28.459,75.317 28.567,77.094 27.339,76.585 26.549,76.379 27.369,74.645 26.227,72.929
VIDF-LD4|28.472,72.198 28.885,72.525 29.017,72.971 29.895,73.392 30.0,73.648 30.196,73.971 30.382,73.873 31.075,74.618 31.262,74.516 31.576,74.628 31.768,74.497 32.114,75.069 32.162,75.218 31.733,75.666 32.0,75.999 32.0,78.694 31.917,78.767 31.783,78.733 31.617,78.867 31.517,78.75 30.097,78.609 28.999,77.671 28.567,77.094 28.459,75.317 28.472,72.198
VIDF-UAC|32.162,75.218 31.733,75.666 32.0,75.999 32.0,78.694 31.917,78.767 31.783,78.733 31.617,78.867 31.517,78.75 31.45,78.817 31.317,78.783 31.317,78.867 31.133,79.017 31.1,79.417 31.05,79.433 31.05,79.517 30.967,79.617 31.017,79.75 30.983,79.883 30.783,80.067 30.717,80.083 30.6,80.217 30.5,80.583 30.4,80.767 30.333,80.817 30.267,81.033 30.208,81.05 30.233,80.9 29.767,80.348 29.583,80.382 29.45,80.215 29.25,80.265 28.983,80.032 28.8,80.048 28.533,80.548 28.65,80.532 28.433,81.067 28.317,81.148 28.283,81.283 27.983,81.581 27.817,81.931 27.9,81.998 27.65,82.448 27.684,82.681 27.484,82.748 27.156,81.55 26.759,80.894 26.4,80.198 25.284,79.832 25.6,79.598 25.134,78.999 25.0,79.082 25.0,74.249 25.093,74.063 25.118,73.893 25.063,73.643 24.971,73.504 24.864,73.414 25.413,70.679 25.721,70.654 25.693,70.264 26.061,70.088 26.582,70.185 26.607,69.843 26.822,69.445 27.117,69.567 27.347,69.741 27.634,70.047 28.053,70.353 27.932,70.662 27.697,70.737 27.949,71.871 28.531,72.235 28.885,72.525 29.017,72.971 29.895,73.392 30.0,73.648 30.196,73.971 30.382,73.873 31.075,74.618 31.262,74.516 31.576,74.628 31.768,74.497 32.114,75.069 32.162,75.218
VIDF-UD1|28.999,77.671 30.097,78.609 31.517,78.75 31.45,78.817 31.317,78.783 31.317,78.867 31.133,79.017 31.1,79.417 31.05,79.433 31.05,79.517 30.967,79.617 31.017,79.75 30.983,79.883 30.783,80.067 30.717,80.083 30.6,80.217 30.5,80.583 30.4,80.767 30.333,80.817 30.267,81.033 30.208,81.05 30.233,80.9 29.767,80.348 29.583,80.382 29.45,80.215 29.25,80.265 28.983,80.032 28.8,80.048 28.533,80.548 28.65,80.532 28.433,81.067 28.317,81.148 28.283,81.283 27.983,81.581 27.817,81.931 27.9,81.998 27.65,82.448 27.684,82.681 27.484,82.748 27.156,81.55 26.759,80.894 26.4,80.198 25.893,80.032 27.336,77.953 28.386,78.25 28.999,77.671
VIDF-UD2|27.339,76.585 27.257,76.725 27.161,77.58 27.336,77.953 25.893,80.032 25.284,79.832 25.6,79.598 25.134,78.999 25.0,79.082 25.0,76.0 27.339,76.585
VIDF-UD3|27.339,76.585 25.0,76.0 25.0,74.249 25.093,74.063 25.118,73.893 25.063,73.643 24.971,73.504 24.864,73.414 25.413,70.679 25.721,70.654 25.693,70.264 26.061,70.088 26.582,70.185 26.607,69.843 26.822,69.445 27.117,69.567 27.347,69.741 27.634,70.047 28.053,70.353 27.932,70.662 27.697,70.737 27.949,71.871 28.472,72.198 28.459,75.317 28.0,75.356 27.339,76.585
VIDF-UD4|28.472,72.198 28.885,72.525 29.017,72.971 29.895,73.392 30.0,73.648 30.196,73.971 30.382,73.873 31.075,74.618 31.262,74.516 31.576,74.628 31.768,74.497 32.114,75.069 32.162,75.218 31.733,75.666 32.0,75.999 32.0,78.694 31.917,78.767 31.783,78.733 31.617,78.867 31.517,78.75 30.097,78.609 28.999,77.671 29.825,76.134 28.858,75.499 28.459,75.317 28.472,72.198
VIDF-UD5|28.459,75.317 28.858,75.499 29.825,76.134 28.999,77.671 28.386,78.25 27.336,77.953 27.161,77.58 27.257,76.725 28.0,75.356 28.459,75.317
VIJP|26.227,72.929 27.369,74.645 26.549,76.379 25.0,76.0 25.0,74.249 25.093,74.063 25.118,73.893 25.093,73.723 25.0,73.541 26.227,72.929
VILK|26.587,79.041 27.217,79.365 28.431,80.508 28.533,80.548 28.65,80.532 28.433,81.067 28.317,81.148 28.283,81.283 27.983,81.581 27.817,81.931 27.9,81.998 27.65,82.448 27.684,82.681 27.484,82.748 26.788,81.41 26.504,81.288 25.432,80.462 25.893,80.032 26.587,79.041
VIUX|32.162,75.218 32.214,75.377 32.421,75.19 32.52,74.66 32.839,74.696 32.744,74.41 33.034,74.276 33.234,73.966 33.499,74.206 33.75,73.96 33.978,74.321 34.063,73.892 34.272,74.002 34.428,73.778 34.71,74.07 34.763,74.526 34.489,75.816 34.647,76.038 34.589,76.236 34.791,76.433 34.66,76.919 34.912,76.95 35.033,77.082 35.517,77.85 35.433,77.9 35.483,77.95 35.5,78.1 35.467,78.117 35.383,78.0 35.183,78.067 35.133,78.15 35.083,78.1 34.683,78.267 34.65,78.417 34.617,78.417 34.617,78.567 34.333,79.0 34.2,78.967 34.067,78.717 34.033,78.8 33.967,78.733 33.867,78.733 33.767,78.8 33.667,78.717 33.483,78.833 33.3,79.083 33.233,79.083 33.2,79.2 33.033,79.167 33.0,79.267 32.883,79.3 32.833,79.267 32.783,79.3 32.517,79.267 32.467,79.133 32.367,79.133 32.333,78.967 32.467,78.767 32.683,78.75 32.6,78.633 32.533,78.433 32.417,78.5 32.25,78.517 32.2,78.467 32.0,78.694 32.0,75.999 31.733,75.666 32.162,75.218
VLVT|14.343,105.263 14.166,105.281 14.154,105.602 13.964,106.147 14.347,106.019 14.531,106.612 14.325,106.759 14.527,107.091 14.736,107.552 14.88,107.567 14.95,107.497 14.993,107.604 15.263,107.691 15.837,107.227 15.913,107.392 16.128,107.427 16.07,107.294 16.504,106.694 17.047,106.422 18.232,105.523 18.243,105.308 18.481,105.108 18.672,105.21 18.86,104.662 19.301,103.957 19.44,104.128 19.51,104.149 19.649,104.056 19.585,104.599 19.791,104.831 19.933,104.837 20.003,104.976 20.211,104.935 20.264,104.709 20.51,104.546 20.641,104.633 21.003,104.146 20.843,103.798 20.655,103.678 20.8,103.487 20.829,103.173 21.232,102.885 21.632,103.027 21.737,102.89 21.856,102.853 21.681,102.757 21.67,102.684 21.832,102.668 22.4,102.15 22.45,102.042 22.45,101.917 22.4,101.9 22.4,101.867 22.492,101.8 22.5,101.75 22.417,101.65 22.283,101.633 22.283,101.567 22.233,101.55 22.142,101.6 21.983,101.617 21.85,101.733 21.658,101.771 21.633,101.85 21.583,101.85 21.583,101.767 21.3,101.75 21.233,101.85 21.217,101.783 21.15,101.783 21.15,101.717 21.2,101.683 21.183,101.617 21.233,101.6 21.25,101.558 21.233,101.383 21.183,101.283 21.25,101.242 21.383,101.258 21.465,101.184 21.258,100.817 20.925,100.583 20.917,100.667 20.817,100.667 20.783,100.333 20.258,100.075 20.267,100.133 20.417,100.292 20.4,100.367 20.184,100.513 20.209,100.613 19.868,100.513 19.751,100.422 19.518,100.563 19.585,100.638 19.518,100.763 19.635,100.888 19.601,101.18 19.618,101.28 19.485,101.28 19.435,101.23 19.151,101.28 19.051,101.363 18.876,101.263 18.668,101.28 18.435,101.08 18.335,101.188 18.051,101.197 17.868,101.047 17.585,101.005 17.501,101.13 17.91,101.613 17.918,101.713 18.101,101.78 18.051,101.896 18.235,102.08 18.218,102.163 17.993,102.421 17.968,102.63 17.851,102.613 18.035,102.946 17.985,103.03 18.135,103.08 18.268,103.18 18.301,103.263 18.368,103.213 18.468,103.43 18.335,103.88 18.351,103.98 17.651,104.479 17.551,104.696 17.351,104.829 17.101,104.796 17.035,104.746 16.552,104.779 16.235,105.029 16.135,105.063 16.002,105.446 15.852,105.363 15.685,105.663 15.402,105.596 15.368,105.496 15.318,105.629 15.135,105.479 14.968,105.629 14.735,105.546 14.56,105.546 14.385,105.429 14.343,105.263
VNSM|30.233,80.9 30.208,81.05 30.05,81.233 30.15,81.25 30.167,81.35 30.417,81.383 30.433,81.481 30.383,81.567 30.45,81.583 30.35,82.165 30.1,82.248 30.017,82.515 29.683,82.998 29.617,83.231 29.217,83.598 29.35,83.914 29.25,84.214 28.917,84.181 28.933,84.264 28.833,84.448 28.767,84.448 28.767,84.648 28.617,84.767 28.683,85.214 28.384,85.164 28.284,85.348 28.35,85.498 28.167,85.881 27.95,85.998 27.933,86.083 28.1,86.067 28.217,86.164 27.984,86.264 27.967,86.483 28.05,86.5 28.134,86.714 27.85,87.214 27.883,87.55 27.834,87.897 27.934,87.997 27.85,88.214 27.15,88.031 26.851,88.236 26.45,88.131 26.334,88.031 26.417,87.881 26.367,87.614 26.417,87.431 26.334,87.364 26.417,87.081 26.55,87.047 26.4,86.764 26.6,86.298 26.567,86.214 26.65,86.031 26.55,85.864 26.65,85.731 26.817,85.721 26.75,85.181 26.834,85.148 26.834,85.031 27.05,84.631 27.317,84.614 27.367,84.314 27.484,84.114 27.417,84.048 27.417,83.881 27.334,83.914 27.467,83.633 27.433,83.454 27.334,83.337 27.45,83.183 27.484,82.748 27.684,82.681 27.65,82.448 27.9,81.998 27.817,81.931 27.983,81.581 28.283,81.283 28.317,81.148 28.433,81.067 28.65,80.532 28.533,80.548 28.8,80.048 28.983,80.032 29.25,80.265 29.45,80.215 29.583,80.382 29.767,80.348 30.233,80.9
VOBG|12.758,76.454 12.758,77.142 12.842,77.142 13.017,77.431 13.0,78.417 12.75,78.417 12.468,79.282 12.432,79.291 12.191,79.188 11.969,79.048 11.771,78.874 11.602,78.67 11.466,78.442 11.367,78.194 11.306,77.933 11.302,77.416 11.967,77.517 12.067,77.217 11.635,76.999 12.758,76.454
VOBL|15.95,77.517 15.967,78.75 14.383,78.9 14.017,79.267 13.595,78.952 13.402,78.87 13.0,78.8 13.017,77.431 12.842,77.142 12.758,77.142 12.758,76.454 13.483,76.083 14.011,76.371 14.417,76.783 14.667,76.6 15.95,77.517
VOCI|9.5,76.967 9.5,76.117 10.617,74.333 12.375,75.254 12.758,76.454 11.635,76.999 12.067,77.217 11.967,77.517 11.302,77.416 10.95,77.45 10.6,77.767 10.3,77.45 9.5,76.967
VOHS|16.667,76.0 19.317,76.001 19.717,77.167 18.717,82.0 17.25,82.0 15.983,79.217 15.95,77.517 16.667,76.0
VOMF|15.001,72.0 15.0,73.583 16.283,73.0 16.667,76.0 19.317,76.001 19.717,77.167 18.717,82.0 18.683,82.817 15.7,85.9 14.0,92.0 13.5,94.417 6.0,94.416 6.0,92.0 10.0,82.0 10.002,81.782 10.0,80.0 6.0,78.0 6.0,74.0 7.5,74.0 7.502,72.0 15.001,72.0
VOMF-OC|12.66,83.556 16.094,84.598 16.622,84.946 15.7,85.9 14.0,92.0 13.5,94.417 6.0,94.416 6.0,92.0 10.0,82.0 10.002,81.782 10.628,82.59 11.022,82.938 11.464,83.218 11.944,83.422 12.451,83.547 12.66,83.556
VOMF-UAC|15.001,72.0 15.0,73.583 16.283,73.0 16.667,76.0 19.233,76.0 18.992,77.467 18.977,77.997 18.412,80.09 17.836,81.222 16.768,82.646 16.094,84.598 12.66,83.556 12.451,83.547 11.944,83.422 11.464,83.218 11.022,82.938 10.628,82.59 10.002,81.782 10.0,80.0 9.0,79.5 7.0,77.0 6.0,77.0 6.0,74.0 7.5,74.0 7.502,72.0 15.001,72.0
VOMF-UBL|16.433,74.183 16.667,76.0 15.95,77.517 15.967,78.75 14.383,78.9 14.017,79.267 13.595,78.952 13.402,78.87 13.0,78.8 13.017,77.236 13.285,77.225 13.558,77.346 14.667,76.6 14.933,76.1 14.783,75.967 15.85,74.617 16.433,74.183
VOMF-UBW|16.433,74.183 16.667,76.0 16.013,77.383 13.705,77.67 13.652,77.499 13.558,77.346 14.667,76.6 14.933,76.1 14.783,75.967 15.85,74.617 16.433,74.183
VOMF-UHS|19.233,76.0 18.992,77.467 18.977,77.997 18.412,80.09 17.836,81.222 17.25,82.0 15.983,79.217 15.95,77.517 16.667,76.0 19.233,76.0
VOMF-UML|16.433,74.183 15.85,74.617 14.783,75.967 14.933,76.1 14.667,76.6 13.558,77.346 13.285,77.225 13.017,77.236 13.017,77.431 12.842,77.142 12.758,77.142 12.758,76.454 11.635,76.999 11.427,76.918 10.433,76.242 10.067,75.212 10.617,74.333 10.25,74.117 11.0,73.1 11.0,72.0 15.001,72.0 15.0,73.583 16.283,73.0 16.433,74.183
VOMF-UMM|11.358,78.129 11.466,78.442 11.602,78.67 11.771,78.874 11.969,79.048 12.191,79.188 12.432,79.291 12.468,79.282 12.75,78.417 13.0,78.417 13.0,78.8 13.402,78.87 13.595,78.952 14.017,79.267 14.383,78.9 15.967,78.75 15.983,79.217 17.25,82.0 16.768,82.646 16.094,84.598 15.7,85.9 12.66,83.556 12.451,83.547 11.944,83.422 11.464,83.218 11.022,82.938 10.628,82.59 10.002,81.782 10.0,79.667 11.05,78.283 11.358,78.129
VOMF-UTV|11.0,72.0 11.0,73.1 10.25,74.117 10.617,74.333 10.067,75.212 10.433,76.242 11.427,76.918 12.067,77.217 11.967,77.517 11.302,77.416 11.306,77.933 11.358,78.129 11.05,78.283 10.0,79.667 10.0,80.0 9.0,79.5 7.0,77.0 6.0,77.0 6.0,74.0 7.5,74.0 7.502,72.0 11.0,72.0
VOML|16.367,73.567 16.667,76.0 15.95,77.517 14.667,76.6 14.417,76.783 14.011,76.371 13.483,76.083 12.758,76.454 12.375,75.254 10.25,74.117 11.0,73.1 11.0,72.0 15.001,72.0 15.0,73.583 16.283,73.0 16.367,73.567
VOMM|18.683,82.817 15.7,85.9 12.66,83.556 12.451,83.547 11.944,83.422 11.464,83.218 11.022,82.938 10.628,82.59 10.002,81.782 10.0,79.667 11.05,78.283 11.358,78.129 11.466,78.442 11.602,78.67 11.771,78.874 11.969,79.048 12.191,79.188 12.432,79.291 12.468,79.282 12.75,78.417 13.0,78.417 13.0,78.8 13.402,78.87 13.595,78.952 14.017,79.267 14.383,78.9 15.967,78.75 15.983,79.217 17.25,82.0 18.717,82.0 18.683,82.817
VOMM-S|13.529,78.924 13.264,79.369 12.993,80.171 13.823,84.454 12.66,83.556 12.451,83.547 11.944,83.422 11.464,83.218 11.022,82.938 10.628,82.59 10.002,81.782 10.0,79.667 11.05,78.283 11.358,78.129 11.466,78.442 11.602,78.67 11.771,78.874 11.969,79.048 12.191,79.188 12.432,79.291 12.468,79.282 12.75,78.417 13.0,78.417 13.0,78.8 13.198,78.82 13.529,78.924
VOTV|7.502,72.0 11.0,72.0 11.0,73.1 10.25,74.117 10.617,74.333 9.5,76.117 9.5,76.967 10.3,77.45 10.6,77.767 10.95,77.45 11.302,77.416 11.306,77.933 11.358,78.129 11.05,78.283 10.0,79.667 10.0,80.0 9.0,79.5 7.0,77.0 6.0,77.0 6.0,74.0 7.5,74.0 7.502,72.0
VRMF|6.0,78.0 -2.0,78.0 -6.0,75.0 -6.0,68.0 0.002,68.0 3.083,70.0 7.502,70.0 7.5,74.0 6.0,74.0 6.0,78.0
VTBB|7.0,103.0 6.75,102.667 6.25,102.25 6.25,102.065 6.15,102.065 5.95,101.899 5.883,101.915 5.766,101.799 5.8,101.765 5.8,101.699 5.883,101.665 5.95,101.582 5.8,101.232 5.716,101.232 5.666,101.149 5.816,101.015 5.952,101.113 6.269,101.113 6.269,100.863 6.452,100.83 6.519,100.73 6.469,100.647 6.594,100.33 6.669,100.33 6.711,100.28 6.736,100.163 6.436,100.114 6.436,99.996 6.544,99.88 6.436,99.514 6.502,99.497 7.252,97.997 10.0,96.503 9.998,98.579 10.527,98.854 10.64,98.808 11.467,99.475 11.608,99.517 11.615,99.604 11.832,99.686 12.065,99.595 12.165,99.612 12.217,99.533 12.607,99.47 12.79,99.27 13.05,99.183 13.183,99.189 13.183,99.282 13.833,99.15 14.0,99.0 14.133,99.0 14.342,98.717 14.893,98.221 15.2,98.25 15.383,98.632 15.975,98.622 16.083,98.733 16.083,98.85 16.267,98.933 16.525,98.933 16.359,98.738 16.75,98.542 16.9,98.567 17.842,97.717 18.043,97.754 18.225,97.671 18.396,97.667 18.325,97.5 18.521,97.405 18.46,97.461 18.559,97.793 18.836,97.771 18.871,97.673 18.932,97.635 19.117,97.783 19.353,97.765 19.583,97.848 19.665,97.985 19.832,98.017 19.626,98.221 19.675,99.017 20.056,99.104 20.083,99.225 20.033,99.3 20.126,99.604 20.359,99.508 20.31,99.583 20.303,99.827 20.383,99.929 20.258,100.075 20.267,100.133 20.417,100.292 20.4,100.367 20.184,100.513 20.209,100.613 19.868,100.513 19.751,100.422 19.518,100.563 19.585,100.638 19.518,100.763 19.635,100.888 19.601,101.18 19.618,101.28 19.485,101.28 19.435,101.23 19.151,101.28 19.051,101.363 18.876,101.263 18.668,101.28 18.435,101.08 18.335,101.188 18.051,101.197 17.868,101.047 17.585,101.005 17.501,101.13 17.91,101.613 17.918,101.713 18.101,101.78 18.051,101.896 18.235,102.08 18.218,102.163 17.993,102.421 17.968,102.63 17.851,102.613 18.035,102.946 17.985,103.03 18.135,103.08 18.268,103.18 18.301,103.263 18.368,103.213 18.468,103.43 18.335,103.88 18.351,103.98 17.651,104.479 17.551,104.696 17.351,104.829 17.101,104.796 17.035,104.746 16.552,104.779 16.235,105.029 16.135,105.063 16.002,105.446 15.852,105.363 15.685,105.663 15.402,105.596 15.368,105.496 15.318,105.629 15.135,105.479 14.968,105.629 14.735,105.546 14.56,105.546 14.385,105.429 14.343,105.263 14.168,105.079 14.368,104.913 14.377,104.68 14.335,104.546 14.368,104.146 14.318,103.963 14.402,103.646 14.335,103.23 14.185,102.963 14.018,102.913 13.752,102.73 13.668,102.596 13.618,102.63 13.552,102.538 13.552,102.38 13.285,102.363 13.018,102.53 12.685,102.546 12.452,102.796 12.181,102.737 11.748,102.937 11.431,102.888 9.998,102.254 7.0,103.0
VTBB-1N|18.043,97.754 18.225,97.671 18.396,97.667 18.325,97.5 18.521,97.405 18.46,97.461 18.559,97.793 18.836,97.771 18.871,97.673 18.932,97.635 19.117,97.783 19.353,97.765 19.583,97.848 19.665,97.985 19.832,98.017 19.626,98.221 19.675,99.017 20.056,99.104 20.083,99.225 20.033,99.3 20.126,99.604 20.359,99.508 20.31,99.583 20.303,99.827 20.383,99.929 20.258,100.075 20.267,100.133 20.417,100.292 20.4,100.367 20.184,100.513 20.209,100.613 19.868,100.513 19.751,100.422 19.518,100.563 19.585,100.638 19.518,100.763 19.635,100.888 19.601,101.18 19.618,101.28 19.485,101.28 19.435,101.23 19.151,101.28 19.051,101.363 18.876,101.263 18.668,101.28 18.435,101.08 18.335,101.188 18.051,101.197 17.868,101.047 17.585,101.005 17.0,100.755 16.8,100.819 16.634,100.8 16.534,100.751 16.297,100.749 16.525,98.933 16.359,98.738 16.75,98.542 16.9,98.567 17.842,97.717 18.043,97.754
VTBB-1S|11.002,100.997 11.485,99.997 11.615,99.604 11.832,99.686 12.065,99.595 12.165,99.612 12.217,99.533 12.607,99.47 12.79,99.27 13.05,99.183 13.183,99.189 13.183,99.282 13.584,99.201 13.918,100.597 13.335,100.83 12.417,100.851 10.692,101.417 11.002,100.997
VTBB-2N|16.206,102.348 16.297,100.749 16.534,100.751 16.634,100.8 16.8,100.819 17.0,100.755 17.585,101.005 17.501,101.13 17.91,101.613 17.918,101.713 18.101,101.78 18.051,101.896 18.235,102.08 18.218,102.163 17.993,102.421 17.968,102.63 17.851,102.613 18.035,102.946 17.985,103.03 16.163,103.0 16.206,102.348
VTBB-2S|9.133,99.916 10.313,98.743 10.527,98.854 10.64,98.808 11.467,99.475 11.608,99.517 11.615,99.604 11.485,99.997 11.002,100.997 10.692,101.417 10.046,101.628 9.044,100.004 9.133,99.916
VTBB-3N|14.604,100.12 16.267,98.933 16.525,98.933 16.297,100.749 16.225,102.05 13.918,100.597 14.604,100.12
VTBB-3S|8.87,100.003 6.788,100.0 8.115,98.306 9.999,97.822 9.998,98.579 10.313,98.743 9.044,100.004 8.87,100.003
VTBB-4N|13.723,99.773 13.584,99.201 13.833,99.15 14.0,99.0 14.133,99.0 14.342,98.717 14.893,98.221 15.2,98.25 15.383,98.632 15.975,98.622 16.083,98.733 16.083,98.85 16.267,98.933 13.918,100.597 13.723,99.773
VTBB-4S|8.115,98.306 6.665,100.156 6.436,100.114 6.436,99.996 6.544,99.88 6.436,99.514 6.502,99.497 7.252,97.997 10.0,96.503 9.999,97.822 8.115,98.306
VTBB-5N|16.924,103.008 17.985,103.03 18.135,103.08 18.268,103.18 18.301,103.263 18.368,103.213 18.468,103.43 18.335,103.88 18.351,103.98 17.651,104.479 17.551,104.696 17.351,104.829 17.101,104.796 17.035,104.746 16.552,104.779 16.235,105.029 16.135,105.063 16.002,105.446 15.852,105.363 15.685,105.663 15.402,105.596 15.368,105.496 15.318,105.629 15.135,105.479 14.968,105.629 14.735,105.546 14.56,105.546 14.385,105.429 14.343,105.263 14.168,105.079 14.368,104.913 14.377,104.68 14.335,104.546 14.368,104.146 14.318,103.963 14.402,103.646 14.335,103.23 14.185,102.963 16.924,103.008
VTBB-5S|10.046,101.628 12.417,100.851 13.335,100.83 13.918,100.597 14.185,102.963 14.018,102.913 13.752,102.73 13.668,102.596 13.618,102.63 13.552,102.538 13.552,102.38 13.285,102.363 13.018,102.53 12.685,102.546 12.452,102.796 12.181,102.737 11.748,102.937 11.431,102.888 9.998,102.254 10.046,101.628
VTBB-6N|14.632,101.036 16.225,102.05 16.163,103.0 14.185,102.963 13.918,100.597 14.632,101.036
VTBB-6S|8.856,102.539 7.0,103.0 6.75,102.667 6.25,102.25 6.25,102.065 6.15,102.065 5.95,101.899 5.883,101.915 5.766,101.799 5.8,101.765 5.8,101.699 5.883,101.665 5.95,101.582 5.8,101.232 5.716,101.232 5.666,101.149 5.816,101.015 5.952,101.113 6.269,101.113 6.269,100.863 6.452,100.83 6.519,100.73 6.469,100.647 6.594,100.33 6.669,100.33 6.711,100.28 6.736,100.163 6.665,100.156 6.788,100.0 9.044,100.004 10.046,101.628 9.998,102.254 8.856,102.539
VTBB-N|13.584,99.201 13.833,99.15 14.0,99.0 14.133,99.0 14.342,98.717 14.893,98.221 15.2,98.25 15.383,98.632 15.975,98.622 16.083,98.733 16.083,98.85 16.267,98.933 16.525,98.933 16.359,98.738 16.75,98.542 16.9,98.567 17.842,97.717 18.043,97.754 18.225,97.671 18.396,97.667 18.325,97.5 18.521,97.405 18.46,97.461 18.559,97.793 18.836,97.771 18.871,97.673 18.932,97.635 19.117,97.783 19.353,97.765 19.583,97.848 19.665,97.985 19.832,98.017 19.626,98.221 19.675,99.017 20.056,99.104 20.083,99.225 20.033,99.3 20.126,99.604 20.359,99.508 20.31,99.583 20.303,99.827 20.383,99.929 20.258,100.075 20.267,100.133 20.417,100.292 20.4,100.367 20.184,100.513 20.209,100.613 19.868,100.513 19.751,100.422 19.518,100.563 19.585,100.638 19.518,100.763 19.635,100.888 19.601,101.18 19.618,101.28 19.485,101.28 19.435,101.23 19.151,101.28 19.051,101.363 18.876,101.263 18.668,101.28 18.435,101.08 18.335,101.188 18.051,101.197 17.868,101.047 17.585,101.005 17.501,101.13 17.91,101.613 17.918,101.713 18.101,101.78 18.051,101.896 18.235,102.08 18.218,102.163 17.993,102.421 17.968,102.63 17.851,102.613 18.035,102.946 17.985,103.03 18.135,103.08 18.268,103.18 18.301,103.263 18.368,103.213 18.468,103.43 18.335,103.88 18.351,103.98 17.651,104.479 17.551,104.696 17.351,104.829 17.101,104.796 17.035,104.746 16.552,104.779 16.235,105.029 16.135,105.063 16.002,105.446 15.852,105.363 15.685,105.663 15.402,105.596 15.368,105.496 15.318,105.629 15.135,105.479 14.968,105.629 14.735,105.546 14.56,105.546 14.385,105.429 14.343,105.263 14.168,105.079 14.368,104.913 14.377,104.68 14.335,104.546 14.368,104.146 14.318,103.963 14.402,103.646 14.335,103.23 14.185,102.963 13.918,100.597 13.584,99.201
VTBB-NE|16.225,102.05 16.297,100.749 16.534,100.751 16.634,100.8 16.8,100.819 17.0,100.755 17.585,101.005 17.501,101.13 17.91,101.613 17.918,101.713 18.101,101.78 18.051,101.896 18.235,102.08 18.218,102.163 17.993,102.421 17.968,102.63 17.851,102.613 18.035,102.946 17.985,103.03 18.135,103.08 18.268,103.18 18.301,103.263 18.368,103.213 18.468,103.43 18.335,103.88 18.351,103.98 17.651,104.479 17.551,104.696 17.351,104.829 17.101,104.796 17.035,104.746 16.552,104.779 16.235,105.029 16.135,105.063 16.002,105.446 15.852,105.363 15.685,105.663 15.402,105.596 15.368,105.496 15.318,105.629 15.135,105.479 14.968,105.629 14.735,105.546 14.56,105.546 14.385,105.429 14.343,105.263 14.168,105.079 14.368,104.913 14.377,104.68 14.335,104.546 14.368,104.146 14.318,103.963 14.402,103.646 14.335,103.23 14.185,102.963 13.918,100.597 16.225,102.05
VTBB-NW|13.713,99.733 13.584,99.201 13.833,99.15 14.0,99.0 14.133,99.0 14.342,98.717 14.893,98.221 15.2,98.25 15.383,98.632 15.975,98.622 16.083,98.733 16.083,98.85 16.267,98.933 16.525,98.933 16.359,98.738 16.75,98.542 16.9,98.567 17.842,97.717 18.043,97.754 18.225,97.671 18.396,97.667 18.325,97.5 18.521,97.405 18.46,97.461 18.559,97.793 18.836,97.771 18.871,97.673 18.932,97.635 19.117,97.783 19.353,97.765 19.583,97.848 19.665,97.985 19.832,98.017 19.626,98.221 19.675,99.017 20.056,99.104 20.083,99.225 20.033,99.3 20.126,99.604 20.359,99.508 20.31,99.583 20.303,99.827 20.383,99.929 20.258,100.075 20.267,100.133 20.417,100.292 20.4,100.367 20.184,100.513 20.209,100.613 19.868,100.513 19.751,100.422 19.518,100.563 19.585,100.638 19.518,100.763 19.635,100.888 19.601,101.18 19.618,101.28 19.485,101.28 19.435,101.23 19.151,101.28 19.051,101.363 18.876,101.263 18.668,101.28 18.435,101.08 18.335,101.188 18.051,101.197 17.868,101.047 17.585,101.005 17.0,100.755 16.8,100.819 16.634,100.8 16.534,100.751 16.297,100.749 16.225,102.05 13.918,100.597 13.713,99.733
VTBB-S|6.75,102.667 6.25,102.25 6.25,102.065 6.15,102.065 5.95,101.899 5.883,101.915 5.766,101.799 5.8,101.765 5.8,101.699 5.883,101.665 5.95,101.582 5.8,101.232 5.716,101.232 5.666,101.149 5.816,101.015 5.952,101.113 6.269,101.113 6.269,100.863 6.452,100.83 6.519,100.73 6.469,100.647 6.594,100.33 6.669,100.33 6.711,100.28 6.736,100.163 6.436,100.114 6.436,99.996 6.544,99.88 6.436,99.514 6.502,99.497 7.252,97.997 10.0,96.503 9.998,98.579 10.527,98.854 10.64,98.808 11.467,99.475 11.608,99.517 11.615,99.604 11.832,99.686 12.065,99.595 12.165,99.612 12.217,99.533 12.607,99.47 12.79,99.27 13.05,99.183 13.183,99.189 13.183,99.282 13.584,99.201 13.918,100.597 14.185,102.963 14.018,102.913 13.752,102.73 13.668,102.596 13.618,102.63 13.552,102.538 13.552,102.38 13.285,102.363 13.018,102.53 12.685,102.546 12.452,102.796 12.181,102.737 11.748,102.937 11.431,102.888 9.998,102.254 7.0,103.0 6.75,102.667
VTBB-SE|7.0,103.0 6.75,102.667 6.25,102.25 6.25,102.065 6.15,102.065 5.95,101.899 5.883,101.915 5.766,101.799 5.8,101.765 5.8,101.699 5.883,101.665 5.95,101.582 5.8,101.232 5.716,101.232 5.666,101.149 5.816,101.015 5.952,101.113 6.269,101.113 6.269,100.863 6.452,100.83 6.519,100.73 6.469,100.647 6.594,100.33 6.669,100.33 6.711,100.28 6.736,100.163 6.665,100.156 6.788,100.0 9.044,100.004 10.046,101.628 12.417,100.851 13.335,100.83 13.918,100.597 14.185,102.963 14.018,102.913 13.752,102.73 13.668,102.596 13.618,102.63 13.552,102.538 13.552,102.38 13.285,102.363 13.018,102.53 12.685,102.546 12.452,102.796 12.181,102.737 11.748,102.937 11.431,102.888 9.998,102.254 7.0,103.0
VTBB-SW|6.581,100.148 6.436,100.114 6.436,99.996 6.544,99.88 6.436,99.514 6.502,99.497 7.252,97.997 10.0,96.503 9.998,98.579 10.527,98.854 10.64,98.808 11.467,99.475 11.608,99.517 11.615,99.604 11.832,99.686 12.065,99.595 12.165,99.612 12.217,99.533 12.607,99.47 12.79,99.27 13.05,99.183 13.183,99.189 13.183,99.282 13.584,99.201 13.918,100.597 13.335,100.83 12.417,100.851 10.046,101.628 9.044,100.004 6.788,100.0 6.665,100.156 6.581,100.148
VVHM|8.856,102.539 9.998,102.254 11.431,102.888 10.548,104.05 10.478,104.291 10.495,104.354 10.41,104.503 10.53,104.593 10.525,104.876 10.628,104.95 10.711,105.093 10.879,105.034 10.956,105.11 10.917,105.112 10.85,105.357 10.966,105.43 10.95,105.545 11.026,105.778 10.906,105.864 10.86,105.86 10.837,105.934 10.903,105.954 10.812,106.073 10.79,106.192 10.912,106.146 10.976,106.15 10.978,106.207 11.077,106.177 11.098,106.149 11.071,106.11 11.294,105.872 11.535,105.883 11.598,105.811 11.658,105.851 11.642,105.959 11.775,106.037 11.753,106.193 11.672,106.307 11.7,106.388 11.667,106.449 11.769,106.419 11.867,106.467 11.972,106.418 11.969,106.722 12.075,106.795 12.06,106.919 12.089,106.999 12.271,107.157 12.325,107.35 12.246,107.434 12.345,107.546 12.588,107.589 12.789,107.565 12.954,107.489 13.357,107.626 13.516,107.618 13.737,107.536 13.788,107.456 13.979,107.458 14.011,107.368 14.081,107.374 14.111,107.339 14.235,107.407 14.318,107.395 14.415,107.45 14.41,107.493 14.617,107.557 14.88,107.567 14.95,107.497 14.993,107.604 15.263,107.691 15.837,107.227 15.913,107.392 16.128,107.427 16.07,107.294 16.504,106.694 17.047,106.422 17.008,107.301 17.433,108.696 14.5,112.0 14.5,114.0 10.5,114.0 7.0,108.0 7.0,103.0 8.856,102.539
VVHM-1|14.736,107.552 14.88,107.567 14.95,107.497 14.993,107.604 15.263,107.691 15.837,107.227 15.913,107.392 16.128,107.427 16.07,107.294 16.504,106.694 17.047,106.422 17.008,107.301 17.433,108.696 15.665,110.688 13.963,109.521 11.904,109.493 11.458,109.157 11.834,108.641 13.261,108.657 13.364,108.506 13.306,107.609 13.516,107.618 13.737,107.536 13.788,107.456 13.979,107.458 14.011,107.368 14.081,107.374 14.111,107.339 14.235,107.407 14.318,107.395 14.415,107.45 14.41,107.493 14.617,107.557 14.736,107.552
VVHM-2|13.306,107.609 13.364,108.506 13.261,108.657 11.834,108.641 11.458,109.157 10.237,108.247 10.591,107.447 11.088,106.638 11.264,105.903 11.294,105.872 11.535,105.883 11.598,105.811 11.658,105.851 11.642,105.959 11.775,106.037 11.753,106.193 11.672,106.307 11.7,106.388 11.667,106.449 11.769,106.419 11.867,106.467 11.972,106.418 11.969,106.722 12.075,106.795 12.06,106.919 12.089,106.999 12.271,107.157 12.325,107.35 12.246,107.434 12.345,107.546 12.588,107.589 12.789,107.565 12.954,107.489 13.306,107.609
VVHM-3|11.431,102.888 10.548,104.05 10.478,104.291 10.495,104.354 10.41,104.503 10.53,104.593 10.525,104.876 10.628,104.95 10.711,105.093 10.879,105.034 10.956,105.11 10.917,105.112 10.85,105.357 10.966,105.43 10.95,105.545 11.026,105.778 10.906,105.864 10.86,105.86 10.837,105.934 10.903,105.954 10.812,106.073 10.79,106.192 10.912,106.146 10.976,106.15 10.978,106.207 11.077,106.177 11.098,106.149 11.071,106.11 11.264,105.903 11.088,106.638 10.591,107.447 9.683,106.898 7.996,105.369 7.0,104.843 7.0,103.0 9.998,102.254 11.431,102.888
VVHM-4|10.591,107.447 9.522,109.844 9.564,112.39 7.0,108.0 7.0,104.843 7.996,105.369 8.572,105.89 8.843,104.559 9.959,105.133 10.711,105.093 10.879,105.034 10.956,105.11 10.917,105.112 10.85,105.357 10.966,105.43 10.95,105.545 11.026,105.778 10.906,105.864 10.86,105.86 10.837,105.934 10.903,105.954 10.812,106.073 10.79,106.192 10.912,106.146 10.976,106.15 10.978,106.207 11.077,106.177 11.098,106.149 11.071,106.11 11.264,105.903 11.088,106.638 10.591,107.447
VVHM-5|15.665,110.688 14.5,112.0 14.5,114.0 10.5,114.0 9.564,112.39 9.522,109.844 10.591,107.447 11.57,108.091 13.963,109.521 15.665,110.688
VVHM-6|12.298,107.973 11.458,109.157 10.237,108.247 10.591,107.447 10.879,106.979 12.298,107.973
VVHM-7|11.264,105.903 11.088,106.638 10.591,107.447 10.237,108.247 8.241,106.773 8.572,105.89 8.843,104.559 9.959,105.133 10.711,105.093 10.879,105.034 10.956,105.11 10.917,105.112 10.85,105.357 10.966,105.43 10.95,105.545 11.026,105.778 10.906,105.864 10.86,105.86 10.837,105.934 10.903,105.954 10.812,106.073 10.79,106.192 10.912,106.146 10.976,106.15 10.978,106.207 11.077,106.177 11.098,106.149 11.071,106.11 11.264,105.903
VVHM-A|11.264,105.903 11.294,105.872 11.535,105.883 11.598,105.811 11.658,105.851 11.642,105.959 11.775,106.037 11.753,106.193 11.672,106.307 11.7,106.388 11.667,106.449 11.769,106.419 11.867,106.467 11.972,106.418 11.969,106.722 12.075,106.795 12.06,106.919 12.089,106.999 12.271,107.157 12.325,107.35 12.246,107.434 12.345,107.546 12.588,107.589 12.789,107.565 12.954,107.489 13.357,107.626 13.516,107.618 13.737,107.536 13.788,107.456 13.979,107.458 14.011,107.368 14.081,107.374 14.111,107.339 14.235,107.407 14.318,107.395 14.415,107.45 14.41,107.493 14.617,107.557 14.88,107.567 14.95,107.497 14.993,107.604 15.263,107.691 15.837,107.227 15.913,107.392 16.128,107.427 16.07,107.294 16.504,106.694 17.047,106.422 17.008,107.301 17.433,108.696 14.5,112.0 14.5,114.0 10.5,114.0 9.564,112.39 9.522,109.844 10.591,107.447 11.088,106.638 11.264,105.903
VVHM-B|11.264,105.903 11.088,106.638 10.591,107.447 9.522,109.844 9.564,112.39 7.0,108.0 7.0,103.0 9.998,102.254 11.431,102.888 10.548,104.05 10.478,104.291 10.495,104.354 10.41,104.503 10.53,104.593 10.525,104.876 10.628,104.95 10.711,105.093 10.879,105.034 10.956,105.11 10.917,105.112 10.85,105.357 10.966,105.43 10.95,105.545 11.026,105.778 10.906,105.864 10.86,105.86 10.837,105.934 10.903,105.954 10.812,106.073 10.79,106.192 10.912,106.146 10.976,106.15 10.978,106.207 11.077,106.177 11.098,106.149 11.071,106.11 11.264,105.903
VVHN|14.736,107.552 14.88,107.567 14.95,107.497 14.993,107.604 15.263,107.691 15.837,107.227 15.913,107.392 16.128,107.427 16.07,107.294 16.504,106.694 17.047,106.422 18.232,105.523 18.243,105.308 18.481,105.108 18.672,105.21 18.86,104.662 19.301,103.957 19.44,104.128 19.51,104.149 19.649,104.056 19.585,104.599 19.791,104.831 19.933,104.837 20.003,104.976 20.211,104.935 20.264,104.709 20.51,104.546 20.641,104.633 21.003,104.146 20.843,103.798 20.655,103.678 20.8,103.487 20.829,103.173 21.232,102.885 21.632,103.027 21.737,102.89 21.856,102.853 21.681,102.757 21.67,102.684 21.832,102.668 22.4,102.15 22.433,102.167 22.417,102.267 22.467,102.25 22.633,102.417 22.683,102.383 22.783,102.5 22.7,102.583 22.733,102.617 22.7,102.7 22.75,102.883 22.45,103.033 22.45,103.083 22.517,103.083 22.567,103.183 22.65,103.2 22.683,103.283 22.817,103.333 22.75,103.45 22.6,103.533 22.8,103.65 22.517,103.967 22.717,104.05 22.817,104.133 22.85,104.283 22.733,104.283 22.7,104.367 22.85,104.583 22.817,104.733 22.95,104.867 23.133,104.817 23.133,104.883 23.183,104.9 23.167,104.95 23.217,104.967 23.2,105.0 23.267,105.083 23.25,105.117 23.283,105.217 23.4,105.333 23.2,105.5 23.167,105.567 23.067,105.583 23.067,105.733 22.917,105.883 22.917,106.0 23.0,106.0 23.0,106.083 22.983,106.2 22.917,106.267 22.867,106.267 22.85,106.35 22.9,106.5 22.95,106.533 22.917,106.567 22.933,106.6 22.85,106.633 22.867,106.717 22.817,106.833 22.667,106.75 22.583,106.567 22.55,106.65 22.467,106.567 22.333,106.567 22.283,106.7 21.95,106.683 22.017,106.733 22.017,106.8 21.983,106.8 21.983,106.917 21.917,106.967 21.95,107.0 21.9,107.067 21.867,107.017 21.817,107.017 21.817,107.083 21.7,107.25 21.733,107.283 21.667,107.367 21.6,107.367 21.667,107.467 21.617,107.5 21.65,107.85 21.533,107.967 21.533,108.0 21.21,108.209 20.5,108.0 19.959,107.93 19.268,107.19 18.341,107.681 16.013,110.296 15.392,108.632 14.736,107.552
VVHN-1|21.632,103.027 21.232,102.885 20.829,103.173 20.8,103.487 20.655,103.678 20.843,103.798 21.003,104.146 20.641,104.633 20.51,104.546 20.264,104.709 21.21,108.209 21.533,108.0 21.533,107.967 21.65,107.85 21.617,107.5 21.667,107.467 21.6,107.367 21.667,107.367 21.733,107.283 21.7,107.25 21.817,107.083 21.817,107.017 21.867,107.017 21.9,107.067 21.95,107.0 21.917,106.967 21.983,106.917 21.983,106.8 22.017,106.8 22.017,106.733 21.95,106.683 22.283,106.7 22.333,106.567 22.467,106.567 22.55,106.65 22.583,106.567 22.667,106.75 22.817,106.833 22.867,106.717 22.85,106.633 22.933,106.6 22.917,106.567 22.95,106.533 22.9,106.5 22.85,106.35 22.867,106.267 22.917,106.267 22.983,106.2 23.0,106.083 23.0,106.0 22.917,106.0 22.917,105.883 23.067,105.733 23.067,105.583 23.167,105.567 23.2,105.5 23.4,105.333 23.283,105.217 23.25,105.117 23.267,105.083 23.2,105.0 23.217,104.967 23.167,104.95 23.183,104.9 23.133,104.883 23.133,104.817 22.95,104.867 22.817,104.733 22.85,104.583 22.7,104.367 22.733,104.283 22.85,104.283 22.817,104.133 22.717,104.05 22.517,103.967 22.8,103.65 22.6,103.533 22.75,103.45 22.817,103.333 22.683,103.283 22.65,103.2 22.567,103.183 22.517,103.083 22.45,103.083 22.45,103.033 22.75,102.883 22.7,102.7 22.733,102.617 22.7,102.583 22.783,102.5 22.683,102.383 22.633,102.417 22.467,102.25 22.417,102.267 22.433,102.167 22.4,102.15 21.832,102.668 21.67,102.684 21.681,102.757 21.856,102.853 21.737,102.89 21.632,103.027
VVHN-2|20.264,104.709 20.211,104.935 20.003,104.976 19.933,104.837 19.791,104.831 19.585,104.599 19.649,104.056 19.51,104.149 18.995,105.739 18.848,106.872 19.268,107.19 19.959,107.93 20.5,108.0 21.21,108.209 20.264,104.709
VVHN-3|17.433,108.696 18.341,107.681 19.268,107.19 18.848,106.872 18.995,105.739 19.51,104.149 19.44,104.128 19.301,103.957 18.86,104.662 18.672,105.21 18.481,105.108 18.243,105.308 18.232,105.523 17.047,106.422 17.008,107.301 17.433,108.696
VVHN-4|16.504,106.694 16.07,107.294 16.128,107.427 15.913,107.392 15.837,107.227 15.263,107.691 14.993,107.604 14.95,107.497 14.88,107.567 14.736,107.552 15.392,108.632 16.013,110.296 17.433,108.696 17.008,107.301 17.047,106.422 16.504,106.694
VYYF|21.0,92.0 22.152,92.61 21.967,92.617 22.017,92.667 22.15,92.7 22.067,92.867 21.95,92.9 22.017,92.95 21.983,93.0 22.1,93.0 22.1,93.05 22.2,93.05 22.183,93.15 22.35,93.2 22.717,93.1 23.05,93.167 23.0,93.267 23.15,93.367 23.733,93.4 24.1,93.35 23.95,93.533 24.017,93.75 23.917,93.833 23.9,94.0 23.833,94.133 24.567,94.467 24.767,94.617 25.133,94.733 25.183,94.6 25.45,94.667 25.733,95.05 25.933,95.033 26.083,95.183 26.167,95.1 26.5,95.1 26.667,95.15 26.7,95.45 26.817,95.517 26.8,95.6 26.9,95.667 26.883,95.733 27.217,96.083 27.3,96.55 27.367,96.633 27.317,96.817 27.167,96.9 27.1,97.15 27.483,96.9 27.617,96.9 27.917,97.283 27.883,97.383 28.2,97.367 28.383,97.117 28.317,97.0 28.383,96.9 28.367,96.775 28.467,96.667 28.467,96.583 28.417,96.467 28.417,96.263 28.417,96.467 28.467,96.583 28.467,96.667 28.367,96.775 28.383,96.9 28.317,97.0 28.383,97.117 28.217,97.35 28.3,97.417 28.267,97.467 28.383,97.483 28.517,97.583 28.333,97.817 28.383,97.9 28.117,98.15 27.967,98.133 27.533,98.35 27.583,98.417 27.7,98.433 27.667,98.55 27.6,98.6 27.617,98.667 27.367,98.733 27.1,98.7 27.05,98.767 27.0,98.733 26.667,98.783 26.25,98.683 26.183,98.733 26.133,98.65 26.133,98.583 26.083,98.583 25.867,98.717 25.8,98.633 25.85,98.55 25.583,98.4 25.55,98.317 25.617,98.167 25.55,98.183 25.517,98.133 25.383,98.15 25.217,97.9 25.267,97.85 25.083,97.733 24.983,97.717 24.867,97.783 24.833,97.767 24.833,97.717 24.733,97.55 24.433,97.55 24.45,97.683 24.367,97.717 24.317,97.667 24.267,97.767 24.2,97.733 24.167,97.767 23.95,97.55 23.867,97.667 24.017,97.9 24.083,98.067 24.125,98.417 24.1,98.567 24.158,98.883 24.1,98.9 23.983,98.767 23.983,98.683 23.8,98.708 23.767,98.817 23.6,98.9 23.55,98.817 23.475,98.833 23.483,98.9 23.367,98.933 23.333,98.9 23.317,98.95 23.2,98.9 23.167,99.05 23.1,99.117 23.133,99.358 23.075,99.517 23.0,99.517 22.95,99.567 22.917,99.55 22.933,99.442 22.858,99.45 22.742,99.333 22.5,99.383 22.4,99.258 22.15,99.167 22.1,99.317 22.133,99.467 22.1,99.65 22.05,99.708 22.083,99.75 22.033,99.867 22.067,99.883 22.05,99.967 22.0,100.0 21.817,99.95 21.7,100.017 21.7,100.133 21.65,100.167 21.6,100.125 21.533,100.133 21.433,100.217 21.533,100.358 21.533,100.433 21.45,100.483 21.45,100.583 21.517,100.717 21.65,100.842 21.783,101.117 21.65,101.117 21.633,101.158 21.567,101.167 21.567,101.217 21.502,101.217 21.258,100.817 20.925,100.583 20.917,100.667 20.817,100.667 20.783,100.333 20.258,100.075 20.383,99.929 20.303,99.827 20.31,99.583 20.359,99.508 20.126,99.604 20.033,99.3 20.083,99.225 20.056,99.104 19.675,99.017 19.626,98.221 19.832,98.017 19.665,97.985 19.583,97.848 19.353,97.765 19.117,97.783 18.932,97.635 18.871,97.673 18.836,97.771 18.559,97.793 18.46,97.461 18.521,97.405 18.325,97.5 18.396,97.667 18.225,97.671 18.043,97.754 17.842,97.717 16.9,98.567 16.75,98.542 16.359,98.738 16.525,98.933 16.267,98.933 16.083,98.85 16.083,98.733 15.975,98.622 15.383,98.632 15.2,98.25 14.893,98.221 14.342,98.717 14.133,99.0 14.0,99.0 13.833,99.15 13.183,99.282 13.183,99.189 13.05,99.183 12.79,99.27 12.607,99.47 12.217,99.533 12.165,99.612 12.065,99.595 11.832,99.686 11.615,99.604 11.608,99.517 11.467,99.475 10.64,98.808 10.527,98.854 9.998,98.579 10.0,94.417 13.5,94.417 14.0,92.0 21.0,92.0
WAAF|1.217,113.583 1.246,113.585 1.183,113.633 1.283,113.817 1.367,113.85 1.45,114.133 1.4,114.2 1.5,114.417 1.4,114.567 1.633,114.717 1.8,114.733 1.917,114.883 2.05,114.9 2.05,114.817 2.2,114.817 2.283,114.967 2.35,114.967 2.333,115.0 2.5,115.267 2.617,115.183 2.617,115.1 2.8,115.167 2.817,115.117 3.017,115.3 2.95,115.333 3.017,115.5 3.167,115.583 3.2,115.533 3.4,115.567 3.417,115.667 3.667,115.583 3.867,115.633 3.917,115.583 3.933,115.633 4.183,115.7 4.233,115.85 4.367,115.9 4.267,116.067 4.367,116.183 4.35,116.367 4.283,116.433 4.35,116.583 4.317,116.617 4.35,116.75 4.3,116.85 4.333,117.25 4.133,117.5 4.15,117.917 4.0,118.0 4.0,132.571 3.5,133.0 3.5,141.0 -6.317,141.0 -6.604,140.87 -6.842,140.898 -6.893,141.018 -9.617,141.033 -9.833,141.0 -9.833,139.667 -7.0,135.0 -8.323,130.454 -9.333,126.833 -12.0,123.333 -12.0,114.5 -8.333,110.383 -3.0,110.383 1.217,113.583
WAAF-AN|-6.267,120.683 -1.967,127.217 -0.933,129.383 -3.667,132.017 -7.156,134.471 -8.323,130.454 -9.333,126.833 -10.095,125.839 -8.767,123.0 -6.267,120.683
WAAF-BI|-6.367,112.333 -7.433,112.767 -6.217,113.683 -3.867,114.767 -5.017,119.55 -8.767,123.0 -10.095,125.839 -12.0,123.333 -12.0,114.5 -8.333,110.383 -4.883,110.383 -6.367,112.333
WAAF-BN|4.0,121.25 -0.033,119.517 -5.017,119.55 -3.867,114.767 -6.217,113.683 -7.433,112.767 -6.367,112.333 -4.883,110.383 -3.0,110.383 1.246,113.585 1.183,113.633 1.283,113.817 1.367,113.85 1.45,114.133 1.4,114.2 1.5,114.417 1.4,114.567 1.633,114.717 1.8,114.733 1.917,114.883 2.05,114.9 2.05,114.817 2.2,114.817 2.283,114.967 2.35,114.967 2.333,115.0 2.5,115.267 2.617,115.183 2.617,115.1 2.8,115.167 2.817,115.117 3.017,115.3 2.95,115.333 3.017,115.5 3.167,115.583 3.2,115.533 3.4,115.567 3.417,115.667 3.667,115.583 3.867,115.633 3.917,115.583 3.933,115.633 4.183,115.7 4.233,115.85 4.367,115.9 4.267,116.067 4.367,116.183 4.35,116.367 4.283,116.433 4.35,116.583 4.317,116.617 4.35,116.75 4.3,116.85 4.333,117.25 4.133,117.5 4.15,117.917 4.0,118.0 4.0,121.25
WAAF-MO|-0.033,119.517 4.0,121.25 4.0,132.571 3.5,133.0 3.5,133.933 1.267,133.933 -0.933,129.383 -3.667,132.017 -7.156,134.471 -8.323,130.454 -9.333,126.833 -10.095,125.839 -8.767,123.0 -5.017,119.55 -0.033,119.517
WAAF-MS|-6.217,113.683 -3.867,114.767 -5.017,119.55 -8.767,123.0 -8.783,116.333 -7.783,116.333 -6.083,114.733 -6.217,113.683
WAAF-NA|-8.683,110.776 -8.683,113.717 -9.383,114.167 -8.767,115.183 -8.767,123.0 -10.095,125.839 -12.0,123.333 -12.0,114.5 -8.683,110.776
WAAF-PA|1.267,133.933 3.5,133.933 3.5,141.0 -6.317,141.0 -6.604,140.87 -6.842,140.898 -6.893,141.018 -9.617,141.033 -9.833,141.0 -9.833,139.667 -7.0,135.0 -7.156,134.471 -3.667,132.017 -0.933,129.383 1.267,133.933
WAAF-PN|-1.717,111.35 -3.867,114.767 -6.217,113.683 -7.433,112.767 -6.367,112.333 -4.883,110.383 -3.0,110.383 -1.717,111.35
WAAF-SY|-6.367,112.333 -7.667,112.867 -8.683,113.717 -8.683,110.776 -8.333,110.383 -4.883,110.383 -6.367,112.333
WBFC|1.433,112.25 1.133,112.15 1.117,111.95 0.967,111.85 1.017,111.633 0.933,111.533 1.067,111.25 1.0,110.917 0.9,110.817 0.833,110.55 1.0,110.267 1.183,110.167 1.2,110.067 1.283,109.983 1.417,109.917 1.417,109.833 1.617,109.65 1.783,109.667 1.8,109.567 1.933,109.533 2.0,109.617 2.067,109.633 1.983,109.583 1.933,109.35 1.65,109.3 1.517,109.067 1.333,109.05 1.133,108.95 1.004,108.97 1.0,108.5 2.25,108.5 8.417,116.5 7.5,117.5 4.0,120.0 4.0,118.0 4.15,117.917 4.133,117.5 4.333,117.25 4.3,116.85 4.35,116.75 4.317,116.617 4.35,116.583 4.283,116.433 4.35,116.367 4.367,116.183 4.267,116.067 4.367,115.9 4.233,115.85 4.183,115.7 3.933,115.633 3.917,115.583 3.867,115.633 3.667,115.583 3.417,115.667 3.4,115.567 3.2,115.533 3.167,115.583 3.017,115.5 2.95,115.333 3.017,115.3 2.817,115.117 2.8,115.167 2.617,115.1 2.617,115.183 2.5,115.267 2.333,115.0 2.35,114.967 2.283,114.967 2.2,114.817 2.05,114.817 2.05,114.9 1.917,114.883 1.8,114.733 1.633,114.717 1.4,114.567 1.5,114.417 1.4,114.2 1.45,114.133 1.367,113.85 1.283,113.817 1.183,113.633 1.3,113.533 1.267,113.45 1.4,113.067 1.4,112.95 1.55,113.033 1.517,112.683 1.55,112.5 1.433,112.25
WBGG|3.154,113.013 3.442,112.836 4.027,112.677 4.027,110.808 2.25,108.5 1.0,108.5 1.004,108.97 1.133,108.95 1.333,109.05 1.517,109.067 1.65,109.3 1.933,109.35 1.983,109.583 2.067,109.633 2.0,109.617 1.933,109.533 1.8,109.567 1.783,109.667 1.617,109.65 1.417,109.833 1.417,109.917 1.283,109.983 1.2,110.067 1.183,110.167 1.0,110.267 0.833,110.55 0.9,110.817 1.0,110.917 1.067,111.25 0.933,111.533 1.017,111.633 0.967,111.85 1.117,111.95 1.133,112.15 1.433,112.25 3.154,113.013
WIIF|6.0,92.0 6.0,97.499 1.65,102.167 1.217,103.5 1.239,103.534 1.138,103.754 1.245,103.991 1.3,104.506 1.485,104.582 1.329,104.77 2.308,105.373 2.733,105.148 3.247,105.444 3.508,105.856 4.213,107.291 4.656,107.57 4.969,107.91 4.99,108.004 4.935,108.25 2.844,109.271 2.25,108.5 1.0,108.5 1.004,108.97 1.133,108.95 1.333,109.05 1.517,109.067 1.65,109.3 1.933,109.35 1.983,109.583 2.067,109.633 2.0,109.617 1.933,109.533 1.8,109.567 1.783,109.667 1.617,109.65 1.417,109.833 1.417,109.917 1.283,109.983 1.2,110.067 1.183,110.167 1.0,110.267 0.833,110.55 0.9,110.817 1.0,110.917 1.067,111.25 0.933,111.533 1.017,111.633 0.967,111.85 1.117,111.95 1.133,112.15 1.433,112.25 1.55,112.5 1.517,112.683 1.55,113.033 1.4,112.95 1.4,113.067 1.267,113.45 1.3,113.533 1.217,113.583 -3.0,110.383 -8.333,110.383 -12.0,114.5 -12.0,107.0 -9.0,102.341 -2.0,92.0 6.0,92.0
WIIF-BC|2.0,92.0 6.0,92.0 6.0,97.499 5.256,98.296 4.409,97.189 2.0,96.0 2.0,92.0
WIIF-BD|-6.882,107.512 -8.805,109.204 -8.797,110.904 -12.0,114.5 -12.0,107.0 -9.0,102.341 -6.188,106.53 -6.272,106.887 -6.882,107.512
WIIF-IS|-0.006,97.841 -8.23,103.516 -9.0,102.341 -2.0,92.0 2.0,92.0 2.0,96.0 -0.006,97.841
WIIF-JG|-6.882,107.512 -6.214,107.328 -6.532,108.586 -6.723,110.383 -8.333,110.383 -8.797,110.904 -8.805,109.204 -6.882,107.512
WIIF-JT|-0.006,97.841 1.032,100.875 2.208,101.562 1.65,102.167 1.217,103.5 1.239,103.534 1.138,103.754 1.245,103.991 1.3,104.506 0.904,104.514 -0.833,106.0 -2.157,106.14 -3.721,107.253 -5.998,107.269 -6.882,107.512 -6.272,106.887 -6.188,106.53 -8.23,103.516 -0.006,97.841
WIIF-MN|-2.0,92.0 6.0,92.0 6.0,97.499 2.208,101.562 1.032,100.875 -0.006,97.841 -8.23,103.516 -9.0,102.341 -2.0,92.0
WIIF-NA|2.844,109.271 2.744,106.503 2.889,105.238 3.247,105.444 3.508,105.856 4.213,107.291 4.656,107.57 4.969,107.91 4.99,108.004 4.935,108.25 2.844,109.271
WIIF-PB|-3.59,100.316 -3.865,102.333 -1.358,103.808 -2.879,104.653 -3.649,105.481 -5.26,106.213 -6.188,106.53 -8.23,103.516 -3.59,100.316
WIIF-PK|1.004,108.97 1.133,108.95 1.333,109.05 1.517,109.067 1.65,109.3 1.933,109.35 1.983,109.583 2.067,109.633 2.0,109.617 1.933,109.533 1.8,109.567 1.783,109.667 1.617,109.65 1.417,109.833 1.417,109.917 1.283,109.983 1.2,110.067 1.183,110.167 1.0,110.267 0.833,110.55 0.9,110.817 1.0,110.917 1.067,111.25 0.933,111.533 1.017,111.633 0.967,111.85 1.117,111.95 1.133,112.15 1.433,112.25 1.55,112.5 1.517,112.683 1.55,113.033 1.4,112.95 1.4,113.067 1.267,113.45 1.3,113.533 1.217,113.583 -3.0,110.383 -5.479,110.383 -5.485,108.877 -5.998,107.269 -3.721,107.253 -2.157,106.14 -0.833,106.0 0.904,104.514 1.3,104.506 1.485,104.582 1.329,104.77 2.308,105.373 2.733,105.148 3.247,105.444 3.508,105.856 4.213,107.291 4.656,107.57 4.969,107.91 4.99,108.004 4.935,108.25 2.844,109.271 2.25,108.5 1.0,108.5 1.004,108.97
WIIF-PP|-1.358,103.808 -0.115,103.177 0.136,102.827 0.331,102.654 0.553,102.517 0.796,102.421 1.052,102.368 1.313,102.361 1.575,102.398 1.217,103.5 1.239,103.534 1.138,103.754 1.245,103.991 1.3,104.506 0.904,104.514 -0.833,106.0 -2.157,106.14 -2.901,106.669 -2.992,106.103 -2.879,104.653 -1.358,103.808
WIIF-PU|2.208,101.562 1.65,102.167 1.575,102.398 1.313,102.361 1.052,102.368 0.796,102.421 0.553,102.517 0.331,102.654 0.136,102.827 -0.115,103.177 -1.358,103.808 -3.865,102.333 -3.59,100.316 -0.006,97.841 1.032,100.875 2.208,101.562
WIIF-SG|-5.998,107.269 -5.485,108.877 -5.479,110.383 -8.333,110.383 -12.0,114.5 -12.0,107.0 -9.0,102.341 -6.188,106.53 -6.272,106.887 -6.882,107.512 -5.998,107.269
WIIF-TG|2.844,109.271 2.25,108.5 1.0,108.5 -0.113,107.728 -0.833,106.0 0.904,104.514 1.3,104.506 1.485,104.582 1.329,104.77 2.308,105.373 2.733,105.148 2.889,105.238 2.744,106.503 2.844,109.271
WIIF-TN|-2.901,106.669 -2.157,106.14 -2.487,108.668 -3.0,110.383 -5.479,110.383 -5.485,108.877 -5.998,107.269 -3.721,107.253 -2.901,106.669
WMFC|6.75,102.667 4.833,103.733 3.667,103.667 2.6,104.75 1.333,104.333 1.333,104.082 1.417,104.082 1.417,103.89 1.458,103.832 1.433,103.675 1.283,103.6 1.217,103.5 1.65,102.167 6.0,97.499 6.0,94.416 10.0,94.417 10.0,96.503 7.252,97.997 6.502,99.497 6.436,99.514 6.544,99.88 6.436,99.996 6.436,100.114 6.736,100.163 6.711,100.28 6.669,100.33 6.594,100.33 6.469,100.647 6.519,100.73 6.452,100.83 6.269,100.863 6.269,101.113 5.952,101.113 5.816,101.015 5.666,101.149 5.716,101.232 5.8,101.232 5.95,101.582 5.883,101.665 5.8,101.699 5.8,101.765 5.766,101.799 5.883,101.915 5.95,101.899 6.15,102.065 6.25,102.065 6.25,102.25 6.75,102.667
WSJC|1.239,103.534 1.283,103.6 1.433,103.675 1.458,103.832 1.417,103.89 1.417,104.082 1.333,104.082 1.333,104.333 2.6,104.75 3.667,103.667 4.833,103.733 6.75,102.667 7.0,103.0 7.0,108.0 10.5,114.0 8.417,116.5 2.844,109.271 4.935,108.25 4.99,108.004 4.969,107.91 4.656,107.57 4.213,107.291 3.508,105.856 3.247,105.444 2.733,105.148 2.308,105.373 1.329,104.77 1.485,104.582 1.3,104.506 1.245,103.991 1.138,103.754 1.239,103.534
XVCL|20.258,100.075 20.783,100.333 20.817,100.667 20.917,100.667 20.925,100.583 21.258,100.817 21.465,101.184 21.383,101.258 21.25,101.242 21.183,101.283 21.233,101.383 21.25,101.558 21.233,101.6 21.183,101.617 21.2,101.683 21.15,101.717 21.15,101.783 21.217,101.783 21.233,101.85 21.3,101.75 21.583,101.767 21.583,101.85 21.633,101.85 21.658,101.771 21.85,101.733 21.983,101.617 22.142,101.6 22.233,101.55 22.283,101.567 22.283,101.633 22.417,101.65 22.5,101.75 22.492,101.8 22.4,101.867 22.4,101.9 22.45,101.917 22.45,102.042 22.4,102.15 22.433,102.167 22.417,102.267 22.467,102.25 22.633,102.417 22.683,102.383 22.783,102.5 22.7,102.583 22.733,102.617 22.7,102.7 22.75,102.883 22.45,103.033 22.45,103.083 22.517,103.083 22.567,103.183 22.65,103.2 22.683,103.283 22.817,103.333 22.75,103.45 22.6,103.533 22.8,103.65 22.517,103.967 22.717,104.05 22.817,104.133 22.85,104.283 22.733,104.283 22.7,104.367 22.85,104.583 22.817,104.733 22.95,104.867 23.133,104.817 23.133,104.883 23.183,104.9 23.167,104.95 23.217,104.967 23.2,105.0 23.267,105.083 23.25,105.117 23.283,105.217 23.4,105.333 23.2,105.5 23.167,105.567 23.067,105.583 23.067,105.733 22.917,105.883 22.917,106.0 23.0,106.0 23.0,106.083 22.983,106.2 22.917,106.267 22.867,106.267 22.85,106.35 22.9,106.5 22.95,106.533 22.917,106.567 22.933,106.6 22.85,106.633 22.867,106.717 22.817,106.833 22.667,106.75 22.583,106.567 22.55,106.65 22.467,106.567 22.333,106.567 22.283,106.7 21.95,106.683 22.017,106.733 22.017,106.8 21.983,106.8 21.983,106.917 21.917,106.967 21.95,107.0 21.9,107.067 21.867,107.017 21.817,107.017 21.817,107.083 21.7,107.25 21.733,107.283 21.667,107.367 21.6,107.367 21.667,107.467 21.617,107.5 21.65,107.85 21.533,107.967 21.533,108.0 21.21,108.209 20.5,108.0 19.959,107.93 19.268,107.19 18.341,107.681 14.5,112.0 14.5,114.0 10.5,114.0 7.0,108.0 7.0,103.0 9.998,102.254 11.431,102.888 11.748,102.937 12.181,102.737 12.452,102.796 12.685,102.546 13.018,102.53 13.285,102.363 13.552,102.38 13.552,102.538 13.618,102.63 13.668,102.596 13.752,102.73 14.018,102.913 14.185,102.963 14.335,103.23 14.402,103.646 14.318,103.963 14.368,104.146 14.335,104.546 14.377,104.68 14.368,104.913 14.168,105.079 14.343,105.263 14.385,105.429 14.56,105.546 14.735,105.546 14.968,105.629 15.135,105.479 15.318,105.629 15.368,105.496 15.402,105.596 15.685,105.663 15.852,105.363 16.002,105.446 16.135,105.063 16.235,105.029 16.552,104.779 17.035,104.746 17.101,104.796 17.351,104.829 17.551,104.696 17.651,104.479 18.351,103.98 18.335,103.88 18.468,103.43 18.368,103.213 18.301,103.263 18.268,103.18 18.135,103.08 17.985,103.03 18.035,102.946 17.851,102.613 17.968,102.63 17.993,102.421 18.218,102.163 18.235,102.08 18.051,101.896 18.101,101.78 17.918,101.713 17.91,101.613 17.501,101.13 17.585,101.005 17.868,101.047 18.051,101.197 18.335,101.188 18.435,101.08 18.668,101.28 18.876,101.263 19.051,101.363 19.151,101.28 19.435,101.23 19.485,101.28 19.618,101.28 19.601,101.18 19.635,100.888 19.518,100.763 19.585,100.638 19.518,100.563 19.751,100.422 19.868,100.513 20.209,100.613 20.184,100.513 20.4,100.367 20.417,100.292 20.267,100.133 20.258,100.075
YARA|-7.394,133.667 -8.323,130.454 -10.024,131.659 -10.255,132.176 -10.504,132.54 -10.81,132.856 -11.165,133.113 -11.558,133.304 -11.978,133.423 -12.411,133.466 -12.848,133.427 -12.941,134.169 -13.52,134.736 -14.073,134.916 -14.507,134.96 -14.704,134.949 -15.78,136.514 -16.599,137.182 -15.703,137.215 -15.143,138.345 -14.941,138.877 -15.0,140.0 -15.507,141.725 -16.051,143.278 -15.588,143.496 -15.234,143.759 -14.929,144.081 -14.681,144.452 -14.422,145.086 -12.0,144.703 -12.0,144.0 -11.725,144.072 -11.493,144.025 -11.185,144.072 -10.778,144.0 -10.519,143.911 -10.297,143.912 -10.088,143.981 -9.943,144.089 -9.4,144.233 -9.133,143.875 -9.377,142.558 -9.368,142.495 -9.193,142.235 -9.198,142.143 -9.262,142.058 -9.617,141.033 -9.833,141.0 -9.833,139.667 -7.0,135.0 -7.394,133.667
YARL|-29.817,151.21 -29.38,151.452 -28.956,150.951 -28.629,150.7 -29.0,149.0 -29.135,147.716 -29.341,146.778 -32.094,148.831 -32.718,149.362 -33.501,150.22 -33.239,150.87 -33.205,151.027 -33.201,151.322 -32.79,151.404 -32.601,151.398 -30.698,152.039 -30.439,151.669 -29.817,151.21
YASH|-12.434,126.324 -12.0,123.333 -12.0,114.5 -14.137,115.142 -17.62,118.759 -19.0,120.25 -20.055,121.673 -21.097,123.702 -18.586,125.328 -13.918,128.437 -13.378,128.17 -12.9,128.044 -12.665,128.02 -12.434,126.324
YASP|-22.183,130.226 -23.22,128.464 -23.397,126.059 -26.579,124.0 -28.063,124.232 -28.596,124.83 -29.0,125.0 -29.5,125.0 -30.85,123.627 -32.0,123.838 -32.0,120.584 -32.316,120.655 -36.72,120.0 -37.177,125.082 -42.35,141.0 -38.901,141.0 -38.901,139.667 -36.958,139.667 -36.168,135.0 -34.772,135.0 -33.84,134.393 -32.995,135.133 -32.429,135.034 -31.583,135.417 -31.583,139.0 -32.869,139.809 -33.146,140.316 -33.343,140.569 -33.0,143.517 -33.0,144.0 -33.133,144.7 -33.617,145.49 -33.193,145.523 -32.953,146.262 -33.387,147.755 -32.494,148.366 -32.34,149.039 -30.979,147.982 -29.0,146.533 -29.0,143.5 -27.412,140.502 -26.225,138.39 -22.297,136.635 -21.859,136.374 -21.5,136.329 -21.203,131.84 -22.183,130.226
YASW|-24.486,128.114 -26.119,128.114 -28.391,130.31 -28.164,131.614 -25.885,132.977 -25.197,133.286 -24.938,132.815 -24.752,132.613 -24.536,132.45 -24.298,132.332 -24.045,132.26 -23.777,132.243 -22.183,130.226 -23.22,128.464 -23.322,127.136 -24.486,128.114
YAUG|-32.429,135.034 -32.995,135.133 -33.84,134.393 -34.772,135.0 -35.5,135.0 -35.5,136.822 -35.171,137.846 -34.945,137.792 -34.74,137.838 -34.56,137.966 -34.486,138.057 -34.358,138.383 -34.132,138.304 -34.126,138.699 -34.163,138.869 -34.288,139.144 -33.706,139.738 -33.023,140.118 -32.869,139.809 -31.583,139.0 -31.583,135.417 -32.429,135.034
YBAR|-16.696,143.143 -16.816,145.119 -16.55,145.202 -16.39,145.342 -16.286,145.53 -16.25,145.744 -16.286,145.958 -16.39,146.146 -16.55,146.286 -16.746,146.36 -16.858,147.478 -14.739,147.147 -14.499,146.627 -14.388,146.192 -14.35,145.744 -14.422,145.086 -14.681,144.452 -14.929,144.081 -15.234,143.759 -15.588,143.496 -15.981,143.3 -16.4,143.177 -16.696,143.143
YBIK|-33.994,149.581 -34.047,149.379 -34.47,149.275 -34.625,149.346 -34.769,149.716 -34.34,150.415 -34.517,150.597 -34.648,150.871 -34.694,151.183 -34.648,151.494 -34.593,151.638 -34.424,151.879 -34.197,152.035 -33.941,152.087 -33.81,152.071 -33.566,151.962 -33.368,151.76 -33.239,151.489 -33.194,151.183 -33.239,150.87 -33.501,150.22 -33.78,150.096 -34.089,150.094 -33.979,149.781 -33.994,149.581
YBKE|-33.193,145.523 -32.953,146.262 -33.387,147.755 -32.494,148.366 -32.34,149.039 -30.979,147.982 -29.0,146.533 -29.0,143.5 -28.023,141.63 -29.0,141.0 -30.5,141.0 -30.5,139.882 -32.301,139.449 -32.869,139.809 -33.146,140.316 -33.343,140.569 -33.0,143.517 -33.0,144.0 -33.133,144.7 -33.617,145.49 -33.193,145.523
YBLA|-34.962,147.042 -35.089,146.923 -35.375,146.527 -36.854,144.884 -37.16,144.868 -37.19,144.628 -37.338,144.36 -37.488,144.25 -37.658,144.211 -37.83,144.247 -37.98,144.356 -38.13,144.625 -38.152,144.953 -38.042,145.25 -37.909,145.391 -37.786,145.452 -38.099,147.149 -38.211,148.196 -37.95,148.19 -37.679,148.061 -37.56,147.955 -37.377,147.676 -36.118,148.233 -35.764,149.03 -35.428,149.06 -35.295,148.972 -35.349,148.271 -34.847,147.799 -34.962,147.042
YBUR|-27.2,152.61 -27.224,152.684 -27.18,152.933 -26.904,152.923 -26.304,152.79 -25.559,152.171 -25.827,151.711 -26.07,151.434 -26.353,151.206 -26.688,151.032 -27.2,152.61
YCNK|-32.514,150.631 -33.019,150.65 -33.239,150.87 -33.205,151.027 -33.201,151.322 -32.79,151.404 -32.601,151.398 -32.444,151.071 -32.514,150.631
YCOL|-12.0,148.573 -16.166,151.106 -16.971,151.075 -16.971,162.662 -14.0,161.25 -14.0,163.0 -10.0,170.0 3.5,170.0 3.5,160.0 -4.833,160.0 -4.833,159.0 -6.55,156.037 -6.663,156.04 -6.847,155.923 -6.927,155.693 -6.927,155.593 -7.317,155.0 -12.0,155.0 -12.0,148.573
YCVN|-22.021,145.798 -22.983,145.875 -25.201,147.127 -29.246,147.213 -29.135,147.716 -29.0,149.0 -28.629,150.7 -28.196,150.474 -27.772,150.356 -27.338,150.325 -26.905,150.378 -26.512,150.509 -24.636,150.342 -23.167,149.583 -22.879,148.294 -22.021,146.34 -21.449,145.774 -22.021,145.798
YDAL|-30.471,116.301 -30.643,116.831 -30.791,117.082 -31.038,117.358 -30.338,118.443 -29.887,117.936 -29.626,117.493 -29.435,117.006 -29.325,116.57 -30.471,116.301
YDEN|-32.73,150.127 -33.078,150.178 -33.374,150.532 -33.239,150.87 -33.019,150.65 -31.621,150.597 -32.182,150.049 -32.73,150.127
YDOS|-27.89,152.753 -27.709,152.883 -27.224,152.684 -26.512,150.509 -26.905,150.378 -27.338,150.325 -27.772,150.356 -28.196,150.474 -28.594,150.673 -28.956,150.951 -29.38,151.452 -27.89,152.753
YELW|-37.786,145.452 -38.054,146.887 -37.931,146.923 -37.641,146.947 -37.353,146.907 -37.074,146.805 -36.813,146.645 -36.578,146.432 -36.376,146.173 -36.137,145.691 -36.854,144.884 -37.16,144.868 -37.19,144.628 -37.276,144.438 -37.409,144.297 -37.572,144.221 -37.745,144.22 -37.909,144.293 -38.093,144.525 -38.152,144.732 -38.152,144.953 -38.093,145.16 -37.98,145.328 -37.786,145.452
YESP|-32.0,120.584 -32.316,120.655 -36.72,120.0 -37.177,125.082 -35.074,125.003 -32.86,124.0 -32.0,123.838 -32.0,120.584
YFLD|-16.971,151.075 -18.674,151.01 -22.256,152.047 -23.222,153.242 -24.982,154.0 -25.194,154.52 -25.439,154.918 -25.743,155.265 -26.095,155.55 -26.486,155.764 -26.961,155.905 -26.816,163.0 -17.667,163.0 -16.971,162.662 -16.971,151.075
YFOR|-35.074,125.003 -37.177,125.082 -42.35,141.0 -38.901,141.0 -38.901,139.667 -36.958,139.667 -36.168,135.0 -34.772,135.0 -33.84,134.393 -32.995,135.133 -32.429,135.034 -31.583,135.417 -29.727,133.305 -28.164,131.614 -28.784,127.833 -29.5,125.0 -30.85,123.627 -32.86,124.0 -35.074,125.003
YGAH|-30.294,149.784 -32.182,150.049 -30.462,151.702 -29.817,151.21 -30.113,150.08 -30.294,149.784
YGEL|-30.0,112.732 -30.004,113.828 -29.626,114.426 -29.435,114.913 -29.318,115.429 -29.278,115.959 -29.325,116.57 -27.803,116.919 -27.686,116.0 -27.5,112.334 -30.0,112.732
YGOL|-28.411,154.0 -27.743,154.0 -27.416,153.139 -28.32,152.377 -28.437,152.61 -28.703,152.776 -28.89,153.028 -28.952,153.178 -29.002,153.504 -28.924,153.909 -28.411,154.0
YGTH|-33.193,145.523 -34.35,145.429 -34.866,145.867 -35.068,146.942 -34.962,147.042 -34.834,147.883 -34.692,147.967 -34.488,148.154 -33.387,147.755 -32.953,146.262 -33.193,145.523
YGUN|-34.847,147.799 -35.349,148.271 -35.295,148.972 -35.219,148.985 -35.141,149.052 -35.098,149.196 -35.138,149.335 -34.776,149.703 -34.34,150.415 -34.517,150.597 -34.593,150.727 -34.682,151.024 -34.682,151.341 -34.593,151.638 -34.424,151.879 -34.197,152.035 -33.941,152.087 -33.81,152.071 -33.566,151.962 -33.368,151.76 -33.239,151.489 -33.201,151.322 -33.205,151.027 -33.239,150.87 -33.501,150.22 -32.718,149.362 -32.34,149.039 -32.494,148.366 -33.387,147.755 -34.488,148.154 -34.692,147.967 -34.834,147.883 -34.847,147.799
YGVE|-29.325,116.57 -29.435,117.006 -29.626,117.493 -29.887,117.936 -30.338,118.443 -29.3,120.0 -28.148,118.757 -28.004,118.635 -27.803,116.919 -29.325,116.57
YHUO|-38.901,141.0 -42.35,141.0 -42.799,142.481 -43.73,145.863 -43.521,149.358 -43.851,150.665 -43.0,151.0 -40.567,150.644 -40.001,148.633 -39.769,148.491 -39.621,148.215 -39.591,147.993 -39.63,147.741 -39.326,147.564 -38.977,147.861 -38.542,148.099 -38.211,148.196 -38.099,147.149 -37.786,145.452 -37.98,145.328 -38.13,145.06 -38.16,144.842 -38.144,144.68 -38.009,144.39 -38.143,144.364 -38.771,143.264 -38.901,143.428 -38.901,141.0
YHWE|-30.672,153.529 -31.131,153.309 -31.365,153.691 -31.765,154.186 -32.23,154.595 -32.748,154.907 -33.303,155.111 -33.908,155.188 -33.267,163.0 -26.816,163.0 -26.961,155.905 -27.338,155.954 -27.772,155.922 -28.196,155.805 -28.594,155.605 -28.956,155.328 -29.269,154.981 -29.524,154.575 -29.712,154.123 -29.82,153.716 -30.672,153.529
YHYD|-31.169,120.401 -29.3,120.0 -28.148,118.757 -28.004,118.635 -27.686,116.0 -27.5,112.334 -31.261,112.941 -31.445,112.881 -31.906,112.818 -32.37,112.85 -32.822,112.977 -33.249,113.198 -33.636,113.506 -33.913,113.816 -34.187,114.233 -36.417,116.667 -36.72,120.0 -32.316,120.655 -31.169,120.401
YIND|-6.0,75.0 -90.0,75.0 -90.0,163.0 -45.0,163.0 -45.0,150.0 -44.566,150.0 -43.851,150.665 -43.521,149.358 -43.73,145.863 -42.799,142.481 -42.35,141.0 -37.177,125.082 -36.417,116.667 -34.187,114.233 -33.971,113.893 -33.636,113.506 -33.249,113.198 -32.822,112.977 -32.37,112.85 -31.906,112.818 -31.445,112.881 -31.263,112.94 -27.5,112.334 -21.833,111.5 -19.51,113.523 -18.8,115.562 -17.62,118.759 -14.137,115.142 -12.0,114.5 -12.0,107.0 -9.0,102.341 -2.0,92.0 -2.0,78.0 -6.0,75.0
YINE|-10.983,102.967 -17.267,105.0 -25.0,110.0 -25.42,112.019 -21.833,111.5 -19.51,113.523 -18.8,115.562 -17.62,118.759 -14.137,115.142 -12.0,114.5 -12.0,107.0 -9.0,102.341 -10.983,102.967
YINL|-29.82,153.716 -29.712,154.123 -29.524,154.575 -29.269,154.981 -28.956,155.328 -28.594,155.605 -28.196,155.805 -27.772,155.922 -27.338,155.954 -26.905,155.9 -26.486,155.764 -26.095,155.55 -25.743,155.265 -25.439,154.918 -25.194,154.52 -24.982,154.0 -25.871,153.324 -25.368,152.94 -25.396,152.755 -25.559,152.171 -25.827,151.711 -26.07,151.434 -26.353,151.206 -26.688,151.032 -26.512,150.509 -26.905,150.378 -27.338,150.325 -27.772,150.356 -28.196,150.474 -28.594,150.673 -28.956,150.951 -29.38,151.452 -29.817,151.21 -30.439,151.669 -30.698,152.039 -30.165,153.641 -29.82,153.716
YINS|-36.72,120.0 -90.0,120.0 -90.0,163.0 -45.0,163.0 -45.0,150.0 -44.566,150.0 -43.851,150.665 -43.521,149.358 -43.73,145.863 -42.799,142.481 -42.35,141.0 -37.177,125.082 -36.72,120.0
YISA|-16.051,143.278 -15.588,143.496 -15.234,143.759 -14.929,144.081 -14.681,144.452 -14.422,145.086 -12.0,144.703 -12.0,144.0 -11.725,144.072 -11.493,144.025 -11.185,144.072 -10.778,144.0 -10.519,143.911 -10.297,143.912 -10.088,143.981 -9.943,144.089 -9.4,144.233 -9.133,143.875 -9.377,142.558 -9.368,142.495 -9.193,142.235 -9.198,142.143 -9.262,142.058 -9.617,141.033 -9.833,141.0 -9.833,139.667 -7.0,135.0 -8.323,130.454 -10.024,131.659 -10.255,132.176 -10.504,132.54 -10.81,132.856 -11.165,133.113 -11.558,133.304 -11.978,133.423 -12.411,133.466 -12.848,133.427 -12.941,134.169 -13.52,134.736 -14.073,134.916 -14.507,134.96 -14.704,134.949 -14.941,134.926 -15.363,134.814 -15.877,134.554 -16.119,134.371 -16.43,134.053 -16.682,133.682 -16.869,133.271 -16.983,132.832 -17.021,132.378 -16.983,131.924 -16.919,131.613 -17.176,131.5 -19.0,131.5 -21.209,131.918 -21.5,136.329 -21.859,136.374 -22.297,136.635 -26.225,138.39 -27.412,140.502 -29.0,143.5 -29.0,146.533 -29.341,146.778 -29.246,147.213 -25.201,147.127 -22.983,145.875 -21.449,145.774 -20.199,144.893 -19.431,144.451 -16.965,143.139 -16.4,143.177 -16.051,143.278
YJAR|-33.913,113.816 -34.187,114.233 -36.417,116.667 -36.72,120.0 -34.832,120.289 -33.9,118.517 -32.829,117.172 -32.404,116.416 -32.509,116.203 -32.545,115.959 -32.509,115.716 -32.398,115.494 -33.913,113.816
YKAT|-32.494,148.366 -33.387,147.755 -34.488,148.154 -34.284,148.458 -33.994,149.581 -33.979,149.781 -34.089,150.094 -33.78,150.096 -33.501,150.22 -32.718,149.362 -32.34,149.039 -32.494,148.366
YKEN|-16.696,143.143 -16.965,143.139 -19.431,144.451 -20.199,144.893 -21.449,145.774 -20.633,146.142 -20.721,146.48 -20.744,146.758 -20.721,147.037 -20.653,147.307 -20.541,147.559 -20.39,147.787 -20.204,147.983 -19.989,148.141 -19.751,148.256 -19.367,148.339 -19.27,151.179 -18.674,151.01 -16.166,151.106 -12.0,148.573 -12.0,144.703 -14.422,145.086 -14.681,144.452 -14.929,144.081 -15.234,143.759 -15.588,143.496 -15.981,143.3 -16.4,143.177 -16.696,143.143
YKIY|-16.764,126.563 -18.586,125.328 -21.097,123.702 -21.522,124.551 -23.397,126.059 -23.22,128.464 -21.203,131.84 -21.209,131.918 -19.0,131.5 -17.176,131.5 -16.919,131.613 -16.682,131.073 -16.43,130.703 -16.119,130.385 -15.76,130.128 -15.363,129.942 -15.084,129.903 -14.873,129.441 -14.587,129.025 -14.235,128.668 -13.918,128.437 -16.764,126.563
YKPL|-21.653,151.869 -19.27,151.179 -19.367,148.339 -19.751,148.256 -19.989,148.141 -20.204,147.983 -20.39,147.787 -20.541,147.559 -20.653,147.307 -20.721,147.037 -20.744,146.758 -20.721,146.48 -20.633,146.142 -21.449,145.774 -22.983,145.875 -25.201,147.127 -29.246,147.213 -29.135,147.716 -29.0,149.0 -28.629,150.7 -28.196,150.474 -27.772,150.356 -27.338,150.325 -26.905,150.378 -26.512,150.509 -26.688,151.032 -26.353,151.206 -26.07,151.434 -25.827,151.711 -25.629,152.03 -25.484,152.382 -25.396,152.755 -25.368,152.94 -25.871,153.324 -24.982,154.0 -23.222,153.242 -22.256,152.047 -21.653,151.869
YLEA|-31.261,112.941 -31.445,112.881 -31.906,112.818 -32.37,112.85 -32.822,112.977 -33.249,113.198 -33.636,113.506 -33.913,113.816 -32.398,115.494 -32.244,115.345 -32.047,115.262 -31.943,115.252 -31.738,115.296 -31.558,115.42 -31.425,115.608 -31.354,115.837 -31.354,116.089 -29.325,116.57 -29.278,115.959 -29.318,115.429 -29.435,114.913 -29.626,114.426 -30.004,113.828 -30.0,112.732 -31.261,112.941
YLEO|-29.3,120.0 -30.193,120.19 -29.052,124.021 -28.596,124.83 -28.063,124.232 -26.579,124.0 -29.3,120.0
YLIG|-29.341,146.778 -31.252,148.187 -30.294,149.784 -28.939,149.286 -29.0,149.0 -29.135,147.716 -29.341,146.778
YMEK|-26.25,112.143 -27.5,112.334 -27.686,116.0 -28.004,118.635 -25.0,120.243 -25.0,116.0 -23.5,116.0 -23.5,111.738 -26.25,112.143
YMLD|-32.79,151.404 -33.201,151.322 -33.294,151.631 -33.501,151.909 -32.884,152.442 -32.835,152.066 -32.601,151.398 -32.79,151.404
YMNN|-30.698,152.039 -32.601,151.398 -32.79,151.404 -33.201,151.322 -33.239,151.489 -33.368,151.76 -33.501,151.909 -33.684,152.029 -33.941,152.087 -34.071,152.074 -34.316,151.969 -34.473,151.825 -35.316,152.931 -35.612,152.845 -35.931,152.672 -36.227,152.423 -36.491,153.813 -36.046,154.34 -35.56,154.731 -35.025,155.008 -34.459,155.165 -33.879,155.199 -33.303,155.111 -32.748,154.907 -32.23,154.595 -31.765,154.186 -31.365,153.691 -31.131,153.309 -30.672,153.529 -30.165,153.641 -30.698,152.039
YMOR|-28.939,149.286 -30.294,149.784 -30.113,150.08 -29.817,151.21 -29.38,151.452 -28.956,150.951 -28.629,150.7 -28.939,149.286
YMTK|-25.0,120.243 -28.004,118.635 -28.148,118.757 -29.3,120.0 -26.579,124.0 -25.0,121.2 -24.177,120.667 -25.0,120.243
YMUN|-33.343,140.569 -33.756,140.955 -34.12,141.173 -34.51,141.313 -34.914,141.37 -35.32,141.341 -35.715,141.225 -36.116,141.0 -36.478,141.0 -36.667,139.667 -38.901,139.667 -38.901,143.428 -38.771,143.264 -38.143,144.364 -38.009,144.39 -37.83,144.247 -37.658,144.211 -37.488,144.25 -37.338,144.36 -37.19,144.628 -37.16,144.868 -36.854,144.884 -35.375,146.527 -35.089,146.923 -34.962,147.042 -34.834,147.883 -34.692,147.967 -34.488,148.154 -33.387,147.755 -32.953,146.262 -33.193,145.523 -33.617,145.49 -33.133,144.7 -33.0,144.0 -33.0,143.517 -33.343,140.569
YMZI|-29.052,124.021 -30.193,120.19 -32.0,120.584 -32.0,123.838 -30.85,123.627 -29.5,125.0 -29.0,125.0 -28.596,124.83 -29.052,124.021
YNEW|-21.667,120.3 -22.0,118.5 -22.92,118.5 -25.0,117.849 -25.0,120.243 -24.177,120.667 -25.0,121.2 -26.579,124.0 -23.397,126.059 -21.522,124.551 -20.055,121.673 -19.655,121.129 -21.667,120.3
YNSA|-25.971,152.512 -26.304,152.79 -26.904,152.923 -27.18,152.933 -27.224,152.684 -27.709,152.883 -27.416,153.139 -27.589,153.643 -26.436,153.631 -26.169,153.429 -25.871,153.324 -25.368,152.94 -25.484,152.382 -25.559,152.171 -25.971,152.512
YOCN|-32.884,152.442 -33.501,151.909 -33.684,152.029 -33.941,152.087 -34.197,152.035 -34.473,151.825 -35.316,152.931 -35.612,152.845 -35.931,152.672 -36.227,152.423 -36.491,153.813 -36.046,154.34 -35.56,154.731 -35.025,155.008 -34.459,155.165 -33.879,155.199 -33.303,155.111 -32.748,154.907 -32.23,154.595 -31.765,154.186 -31.365,153.691 -31.131,153.309 -32.884,152.442
YOLW|-23.5,111.738 -27.5,112.334 -27.686,116.0 -28.004,118.635 -28.148,118.757 -29.3,120.0 -32.0,120.584 -32.0,123.838 -30.85,123.627 -29.5,125.0 -29.0,125.0 -28.596,124.83 -28.063,124.232 -26.579,124.0 -23.397,126.059 -21.522,124.551 -20.055,121.673 -19.0,120.25 -17.62,118.759 -18.8,115.562 -19.51,113.523 -21.833,111.5 -23.5,111.738
YOXL|-33.741,143.776 -36.01,144.533 -35.993,144.842 -36.018,145.2 -36.137,145.691 -35.375,146.527 -35.068,146.942 -34.866,145.867 -34.35,145.429 -33.617,145.49 -33.346,145.045 -33.741,143.776
YPAR|-25.0,116.0 -25.0,117.849 -22.92,118.5 -22.0,118.5 -22.25,116.0 -25.0,116.0
YPIY|-32.829,117.172 -32.931,117.298 -32.686,117.503 -32.447,117.63 -32.194,117.705 -31.933,117.727 -31.673,117.695 -31.421,117.611 -31.038,117.358 -30.791,117.082 -30.643,116.831 -30.471,116.301 -31.354,116.089 -31.381,115.719 -31.558,115.42 -31.738,115.296 -31.839,115.264 -32.047,115.262 -32.148,115.294 -32.33,115.416 -32.509,115.716 -32.536,116.083 -32.404,116.416 -32.829,117.172
YPOT|-19.644,117.466 -20.604,117.656 -22.079,117.75 -22.0,118.5 -21.667,120.3 -19.655,121.129 -19.0,120.25 -17.62,118.759 -18.349,116.807 -19.644,117.466
YRYS|-31.252,148.187 -32.094,148.831 -32.718,149.362 -33.501,150.22 -33.374,150.532 -33.078,150.178 -30.294,149.784 -31.252,148.187
YSCR|-31.038,117.358 -31.421,117.611 -31.69,117.694 -31.169,120.401 -29.3,120.0 -31.038,117.358
YSDY|-26.436,153.631 -27.589,153.643 -27.743,154.0 -28.497,154.0 -29.82,153.716 -29.712,154.123 -29.524,154.575 -29.269,154.981 -28.956,155.328 -28.594,155.605 -28.196,155.805 -27.772,155.922 -27.338,155.954 -26.905,155.9 -26.486,155.764 -26.095,155.55 -25.743,155.265 -25.439,154.918 -25.194,154.52 -25.013,154.082 -24.982,154.0 -25.871,153.324 -26.169,153.429 -26.436,153.631
YSNO|-36.118,148.233 -37.377,147.676 -37.56,147.955 -37.679,148.061 -37.95,148.19 -38.211,148.196 -38.542,148.099 -38.977,147.861 -39.326,147.564 -39.63,147.741 -39.591,147.993 -39.658,148.318 -39.84,148.557 -40.001,148.633 -40.567,150.644 -38.189,150.321 -36.945,150.751 -36.613,150.714 -36.591,150.173 -36.514,149.824 -36.389,149.498 -36.22,149.205 -36.011,148.955 -35.857,148.822 -36.118,148.233
YSTR|-21.5,136.329 -20.732,136.234 -19.021,137.672 -17.338,137.155 -16.599,137.182 -15.78,136.514 -14.704,134.949 -14.941,134.926 -15.363,134.814 -15.877,134.554 -16.119,134.371 -16.43,134.053 -16.682,133.682 -16.869,133.271 -16.983,132.832 -17.021,132.378 -16.983,131.924 -16.919,131.613 -17.176,131.5 -19.0,131.5 -21.209,131.918 -21.5,136.329
YSWY|-20.633,146.142 -21.449,145.774 -22.021,146.34 -22.879,148.294 -23.167,149.583 -22.242,150.012 -22.283,150.2 -22.25,150.333 -22.209,150.424 -22.1,150.5 -22.1,150.75 -21.653,151.869 -19.27,151.179 -19.367,148.339 -19.751,148.256 -19.989,148.141 -20.204,147.983 -20.39,147.787 -20.541,147.559 -20.653,147.307 -20.721,147.037 -20.744,146.758 -20.721,146.48 -20.633,146.142
YTBD|-33.023,140.118 -32.869,139.809 -31.583,139.0 -31.583,135.417 -32.429,135.034 -32.995,135.133 -33.84,134.393 -34.772,135.0 -36.168,135.0 -36.958,139.667 -36.667,139.667 -36.478,141.0 -36.116,141.0 -35.715,141.225 -35.32,141.341 -34.914,141.37 -34.51,141.313 -34.12,141.173 -33.756,140.955 -33.428,140.666 -33.023,140.118
YTBP|-18.297,143.842 -20.199,144.893 -21.449,145.774 -20.633,146.142 -20.721,146.48 -20.744,146.758 -20.721,147.037 -20.653,147.307 -20.541,147.559 -20.39,147.787 -20.204,147.983 -19.989,148.141 -19.751,148.256 -19.367,148.339 -19.27,151.179 -18.674,151.01 -16.971,151.075 -16.858,147.478 -17.524,147.583 -18.337,145.496 -18.578,144.768 -18.297,143.842
YTRS|-13.842,130.389 -15.096,129.906 -15.363,129.942 -15.76,130.128 -16.119,130.385 -16.43,130.703 -16.682,131.073 -16.919,131.613 -16.983,131.924 -17.021,132.378 -16.983,132.832 -16.869,133.271 -16.682,133.682 -16.43,134.053 -16.119,134.371 -15.76,134.627 -15.363,134.814 -14.941,134.926 -14.507,134.96 -14.073,134.916 -13.654,134.795 -13.52,134.736 -12.941,134.169 -12.848,133.427 -12.411,133.466 -11.978,133.423 -11.462,133.262 -12.192,131.546 -12.422,131.589 -12.538,131.579 -12.756,131.498 -12.934,131.346 -13.05,131.14 -13.09,130.906 -13.054,130.69 -13.842,130.389
YTRT|-12.0,114.5 -14.137,115.142 -17.62,118.759 -19.0,120.25 -20.055,121.673 -21.522,124.551 -23.397,126.059 -23.22,128.464 -21.203,131.84 -21.209,131.918 -19.0,131.5 -17.176,131.5 -16.919,131.613 -16.983,131.924 -17.021,132.378 -16.983,132.832 -16.869,133.271 -16.682,133.682 -16.43,134.053 -16.119,134.371 -15.877,134.554 -15.363,134.814 -14.941,134.926 -14.704,134.949 -14.507,134.96 -14.073,134.916 -13.52,134.736 -12.941,134.169 -12.848,133.427 -12.411,133.466 -11.978,133.423 -11.558,133.304 -11.165,133.113 -10.81,132.856 -10.504,132.54 -10.255,132.176 -10.024,131.659 -8.323,130.454 -9.333,126.833 -12.0,123.333
YTSN|-38.189,150.321 -43.0,151.0 -43.851,150.665 -44.566,150.0 -45.0,150.0 -45.0,163.0 -17.667,163.0 -14.0,161.25 -14.0,163.0 -10.0,170.0 3.5,170.0 3.5,160.0 -4.833,160.0 -4.833,159.0 -6.55,156.037 -6.663,156.04 -6.847,155.923 -6.927,155.693 -6.927,155.593 -7.317,155.0 -12.0,155.0 -12.0,148.573 -16.166,151.106 -18.674,151.01 -22.256,152.047 -23.222,153.242 -24.982,154.0 -25.194,154.52 -25.439,154.918 -25.743,155.265 -26.095,155.55 -26.486,155.764 -26.905,155.9 -27.338,155.954 -27.772,155.922 -28.196,155.805 -28.594,155.605 -28.956,155.328 -29.269,154.981 -29.524,154.575 -29.712,154.123 -29.82,153.716 -30.672,153.529 -31.131,153.309 -31.365,153.691 -31.765,154.186 -32.23,154.595 -32.748,154.907 -33.303,155.111 -33.879,155.199 -34.459,155.165 -35.025,155.008 -35.56,154.731 -36.046,154.34 -36.491,153.813 -36.227,152.423 -36.472,152.132 -36.676,151.78 -36.826,151.388 -36.945,150.751 -38.189,150.321
YWAR|-26.579,124.0 -28.063,124.232 -28.596,124.83 -29.0,125.0 -29.5,125.0 -28.784,127.833 -28.391,130.31 -26.119,128.114 -24.486,128.114 -23.322,127.136 -23.397,126.059 -26.579,124.0
YWEG|-26.225,138.39 -27.412,140.502 -29.0,143.5 -29.0,146.533 -29.341,146.778 -29.246,147.213 -25.201,147.127 -22.983,145.875 -22.021,145.798 -21.726,145.433 -21.728,143.896 -23.167,140.771 -23.167,137.014 -26.225,138.39
YWIL|-14.422,145.086 -14.35,145.744 -14.388,146.192 -14.499,146.627 -14.739,147.147 -16.858,147.478 -16.971,151.075 -16.166,151.106 -12.0,148.573 -12.0,144.703 -14.422,145.086
YWOL|-34.689,149.847 -34.776,149.703 -35.138,149.335 -35.101,149.157 -35.19,149.002 -35.313,148.975 -35.428,149.06 -35.764,149.03 -36.118,148.233 -37.377,147.676 -37.56,147.955 -37.679,148.061 -37.95,148.19 -38.211,148.196 -38.542,148.099 -38.977,147.861 -39.326,147.564 -39.63,147.741 -39.591,147.993 -39.658,148.318 -39.84,148.557 -40.001,148.633 -40.567,150.644 -38.189,150.321 -36.945,150.751 -36.826,151.388 -36.676,151.78 -36.472,152.132 -36.221,152.432 -35.931,152.672 -35.612,152.845 -35.316,152.931 -34.473,151.825 -34.648,151.494 -34.682,151.341 -34.686,151.041 -34.593,150.727 -34.517,150.597 -34.34,150.415 -34.689,149.847
YWON|-38.771,143.264 -38.929,143.465 -39.099,143.769 -39.224,144.106 -39.301,144.468 -39.314,145.126 -39.793,145.125 -40.0,145.2 -40.0,146.597 -39.713,147.105 -39.371,147.526 -38.977,147.861 -38.542,148.099 -38.211,148.196 -38.099,147.149 -37.786,145.452 -37.98,145.328 -38.13,145.06 -38.16,144.842 -38.144,144.68 -38.009,144.39 -38.143,144.364 -38.771,143.264
YWRA|-31.583,135.417 -31.583,139.0 -32.301,139.449 -30.5,139.882 -30.5,141.0 -29.0,141.0 -28.023,141.63 -26.225,138.39 -25.018,137.838 -26.126,136.435 -25.885,132.977 -28.164,131.614 -29.727,133.305 -31.583,135.417
YYWE|-38.771,143.264 -38.143,144.364 -38.009,144.39 -37.83,144.247 -37.658,144.211 -37.409,144.297 -37.227,144.528 -37.16,144.868 -36.854,144.884 -36.137,145.691 -36.018,145.2 -35.993,144.842 -36.018,144.484 -36.092,144.137 -36.212,143.809 -36.376,143.512 -36.578,143.252 -36.813,143.039 -37.074,142.879 -37.353,142.777 -37.641,142.737 -37.931,142.761 -38.213,142.849 -38.479,142.998 -38.771,143.264
ZBAA|45.388,115.354 43.245,117.517 42.25,118.083 42.077,118.303 39.9,119.35 39.5,119.867 38.25,120 38.1,119.533 37.15,119.533 36.671,119.878 36.325,119.875 36.131,119.719 35.058,119.258 34.723,116.932 34.239,116.126 32.917,115.834 32.125,114.07 33.541,110.849 35.484,112.421 39.038,111.071 39.089,107.971 41.748,105.229 42.296,106.782 42.354,107.228 42.411,107.278 42.458,107.509 42.41,107.571 42.416,107.95 42.461,108.239 42.404,108.818 42.457,109.014 42.43,109.314 42.474,109.545 42.641,109.942 42.646,110.107 42.778,110.441 42.923,110.6 43.055,110.689 43.325,111.005 43.482,111.419 43.499,111.59 43.673,111.784 43.692,111.918 43.776,111.976 43.939,111.879 44.051,111.675 44.343,111.423 44.689,111.574 45.007,111.802 45.093,111.996 45.081,112.427 44.926,112.608 44.8,113.118 44.753,113.652 44.923,113.932 44.944,114.085 45.042,114.179 45.208,114.457 45.389,114.545 45.435,114.764 45.388,115.354
ZBAA|45.388,115.354 43.245,117.517 42.25,118.083 42.077,118.303 39.9,119.35 39.5,119.867 38.25,120.0 38.1,119.533 37.15,119.533 36.671,119.878 36.325,119.875 36.131,119.719 35.058,119.258 34.723,116.932 34.239,116.126 32.917,115.834 32.125,114.07 33.541,110.849 35.484,112.421 39.038,111.071 39.089,107.971 41.748,105.229 42.296,106.782 42.354,107.228 42.411,107.278 42.458,107.509 42.41,107.571 42.416,107.95 42.461,108.239 42.404,108.818 42.457,109.014 42.43,109.314 42.474,109.545 42.641,109.942 42.646,110.107 42.778,110.441 42.923,110.6 43.055,110.689 43.325,111.005 43.482,111.419 43.499,111.59 43.673,111.784 43.692,111.918 43.776,111.976 43.939,111.879 44.051,111.675 44.343,111.423 44.689,111.574 45.007,111.802 45.093,111.996 45.081,112.427 44.926,112.608 44.8,113.118 44.753,113.652 44.923,113.932 44.944,114.085 45.042,114.179 45.208,114.457 45.389,114.545 45.435,114.764 45.388,115.354
ZBAA-E|39.9,119.35 39.5,119.867 38.25,120.0 36.902,116.038 38.263,116.028 39.058,116.408 39.423,116.281 39.752,115.888 39.826,115.955 39.998,116.229 40.019,117.206 40.693,118.977 39.9,119.35
ZBAA-N|45.388,115.354 43.245,117.517 42.25,118.083 42.077,118.303 40.693,118.977 40.019,117.206 39.998,116.229 40.456,116.229 41.181,115.311 41.868,114.838 41.812,114.133 39.038,111.071 39.089,107.971 41.748,105.229 42.296,106.782 42.354,107.228 42.411,107.278 42.458,107.509 42.41,107.571 42.416,107.95 42.461,108.239 42.404,108.818 42.457,109.014 42.43,109.314 42.474,109.545 42.641,109.942 42.646,110.107 42.778,110.441 42.923,110.6 43.055,110.689 43.325,111.005 43.482,111.419 43.499,111.59 43.673,111.784 43.692,111.918 43.776,111.976 43.939,111.879 44.051,111.675 44.343,111.423 44.689,111.574 45.007,111.802 45.093,111.996 45.081,112.427 44.926,112.608 44.8,113.118 44.753,113.652 44.923,113.932 44.944,114.085 45.042,114.179 45.208,114.457 45.389,114.545 45.435,114.764 45.388,115.354
ZBAA-S|36.642,115.331 38.1,119.533 37.15,119.533 36.671,119.878 36.325,119.875 36.131,119.719 35.058,119.258 34.723,116.932 34.239,116.126 32.917,115.834 32.125,114.07 33.541,110.849 35.484,112.421 36.642,115.331
ZBAA-SW|38.317,114.083 38.849,115.514 38.667,115.531 38.652,116.207 38.263,116.028 36.902,116.038 36.317,114.5 38.317,114.083
ZBAA-W|39.038,111.071 41.812,114.133 41.868,114.838 41.181,115.311 40.456,116.229 39.998,116.229 39.826,115.955 39.752,115.888 39.423,116.281 39.058,116.408 38.263,116.028 36.902,116.038 35.484,112.421 39.038,111.071
ZBHH|45.388,115.354 43.245,117.517 42.25,118.083 42.077,118.303 41.812,114.133 39.038,111.071 39.089,107.971 41.748,105.229 42.296,106.782 42.354,107.228 42.411,107.278 42.458,107.509 42.41,107.571 42.416,107.95 42.461,108.239 42.404,108.818 42.457,109.014 42.43,109.314 42.474,109.545 42.641,109.942 42.646,110.107 42.778,110.441 42.923,110.6 43.055,110.689 43.325,111.005 43.482,111.419 43.499,111.59 43.673,111.784 43.692,111.918 43.776,111.976 43.939,111.879 44.051,111.675 44.343,111.423 44.689,111.574 45.007,111.802 45.093,111.996 45.081,112.427 44.926,112.608 44.8,113.118 44.753,113.652 44.923,113.932 44.944,114.085 45.042,114.179 45.208,114.457 45.389,114.545 45.435,114.764 45.388,115.354
ZBPE|45.388,115.354 43.245,117.517 42.25,118.083 42.077,118.303 39.9,119.35 39.5,119.867 38.25,120.0 38.1,119.533 37.15,119.533 36.671,119.878 36.325,119.875 36.131,119.719 35.058,119.258 34.723,116.932 34.239,116.126 32.917,115.834 32.125,114.07 33.541,110.849 35.484,112.421 39.038,111.071 39.089,107.971 41.748,105.229 42.296,106.782 42.354,107.228 42.411,107.278 42.458,107.509 42.41,107.571 42.416,107.95 42.461,108.239 42.404,108.818 42.457,109.014 42.43,109.314 42.474,109.545 42.641,109.942 42.646,110.107 42.778,110.441 42.923,110.6 43.055,110.689 43.325,111.005 43.482,111.419 43.499,111.59 43.673,111.784 43.692,111.918 43.776,111.976 43.939,111.879 44.051,111.675 44.343,111.423 44.689,111.574 45.007,111.802 45.093,111.996 45.081,112.427 44.926,112.608 44.8,113.118 44.753,113.652 44.923,113.932 44.944,114.085 45.042,114.179 45.208,114.457 45.389,114.545 45.435,114.764 45.388,115.354
ZGGG|22.468,110.785 22.86,110.55 23.478,111.307 24.15,111.272 24.128,110.185 24.668,109.84 25.7,107.65 26.583,109.317 27.517,109.45 28.783,109.383 29.676,109.144 31.9,109.517 33.541,110.849 32.125,114.07 32.917,115.834 32.183,115.675 30.083,115.933 29.033,114.567 27.505,114.16 26.839,116.486 25.361,115.581 23.26,115.759 22.82,116.095 22.54,115.88 22.503,114.778 22.397,114.513 22.541,114.467 22.609,114.398 22.581,114.268 22.409,113.829 22.229,113.666 22.159,113.698 21.683,113.268 21.108,111.5 21.57,111.827 22.468,110.785
ZGHA|25.279,111.342 26.267,109.731 26.583,109.317 27.517,109.45 28.783,109.383 29.676,109.144 29.534,112.535 29.033,114.567 26.7,113.95 26.05,114.117 25.279,111.342
ZGNN|23.196,105.542 24.65,105.8 25.7,107.65 26.583,109.317 26.267,109.731 25.279,111.342 24.15,111.272 23.44,111.497 21.57,111.827 21.108,111.5 20.5,111.5 20.5,108.0 21.21,108.209 21.533,108.0 21.533,107.967 21.65,107.85 21.617,107.5 21.667,107.467 21.6,107.367 21.667,107.367 21.733,107.283 21.7,107.25 21.817,107.083 21.817,107.017 21.867,107.017 21.9,107.067 21.95,107.0 21.917,106.967 21.983,106.917 21.983,106.8 22.017,106.8 22.017,106.733 21.95,106.683 22.283,106.7 22.333,106.567 22.467,106.567 22.55,106.65 22.583,106.567 22.667,106.75 22.817,106.833 22.867,106.717 22.85,106.633 22.933,106.6 22.917,106.567 22.95,106.533 22.9,106.5 22.85,106.35 22.867,106.267 22.917,106.267 22.983,106.2 23.0,106.083 23.0,106.0 22.917,106.0 22.917,105.883 23.067,105.733 23.067,105.583 23.196,105.542
ZGZU|20.5,109.25 20.5,108.0 21.21,108.209 21.533,108.0 21.533,107.967 21.65,107.85 21.617,107.5 21.667,107.467 21.6,107.367 21.667,107.367 21.733,107.283 21.7,107.25 21.817,107.083 21.817,107.017 21.867,107.017 21.9,107.067 21.95,107.0 21.917,106.967 21.983,106.917 21.983,106.8 22.017,106.8 22.017,106.733 21.95,106.683 22.283,106.7 22.333,106.567 22.467,106.567 22.55,106.65 22.583,106.567 22.667,106.75 22.817,106.833 22.867,106.717 22.85,106.633 22.933,106.6 22.917,106.567 22.95,106.533 22.9,106.5 22.85,106.35 22.867,106.267 22.917,106.267 22.983,106.2 23.0,106.083 23.0,106.0 22.917,106.0 22.917,105.883 23.067,105.733 23.067,105.583 23.196,105.542 24.65,105.8 25.7,107.65 26.583,109.317 27.517,109.45 28.783,109.383 29.676,109.144 31.9,109.517 33.541,110.849 32.125,114.07 32.917,115.834 32.183,115.675 30.083,115.933 29.033,114.567 27.505,114.16 26.839,116.486 25.361,115.581 23.26,115.759 22.82,116.095 22.54,115.88 22.503,114.778 22.397,114.513 22.541,114.467 22.609,114.398 22.409,113.829 22.229,113.666 22.159,113.698 21.683,113.268 21.108,111.5 20.5,111.5 20.5,109.25
ZHCC|36.642,115.331 35.3,115.067 34.239,116.126 32.917,115.834 32.125,114.07 33.541,110.849 35.484,112.421 36.642,115.331
ZHHH|32.183,115.675 30.083,115.933 29.033,114.567 29.534,112.535 29.676,109.144 31.9,109.517 33.541,110.849 32.125,114.07 32.917,115.834 32.183,115.675
ZHWH|36.642,115.331 35.3,115.067 34.239,116.126 32.183,115.675 30.083,115.933 29.033,114.567 29.534,112.535 29.676,109.144 31.9,109.517 35.484,112.421 36.642,115.331
ZJSA|19.5,111.5 16.667,114.0 14.5,114.0 14.5,112.0 18.341,107.681 19.268,107.19 19.959,107.93 20.5,108.0 20.5,109.25 21.0,108.8 21.63,108.97 22.505,109.47 22.468,110.785 21.57,111.827 21.108,111.5 19.5,111.5
ZJSY-L|19.5,111.5 17.667,109.667 17.667,108.433 18.341,107.681 19.268,107.19 19.959,107.93 20.5,108.0 20.5,109.25 21.0,108.8 21.63,108.97 22.505,109.47 22.468,110.785 21.57,111.827 21.108,111.5 19.5,111.5
ZJSY-O|19.5,111.5 16.667,114.0 14.5,114.0 14.5,112.0 17.667,108.433 17.667,109.667 19.5,111.5
ZKKP|38.0,124.0 39.828,124.168 40.0,124.35 40.067,124.333 40.467,124.9 40.883,125.783 40.895,125.99 41.083,126.117 41.367,126.517 41.617,126.6 41.75,126.7 41.683,126.783 41.8,126.933 41.702,127.064 41.669,127.048 41.602,127.181 41.543,127.1 41.467,127.533 41.417,127.65 41.435,127.918 41.367,128.117 41.4,128.217 41.567,128.317 41.617,128.3 41.8,128.083 41.883,128.083 42.0,128.033 42.033,128.3 42.025,128.95 42.083,128.967 42.15,129.083 42.15,129.15 42.217,129.217 42.367,129.233 42.45,129.417 42.369,129.564 42.469,129.631 42.436,129.664 42.452,129.731 43.002,129.881 43.019,129.964 42.985,129.964 42.985,130.131 42.902,130.114 42.902,130.272 42.732,130.241 42.602,130.431 42.551,130.43 42.55,130.475 42.617,130.483 42.602,130.514 42.436,130.581 42.4,130.65 42.293,130.697 41.669,131.514 40.502,135.93 38.636,133.647 38.633,128.367 38.597,128.314 38.472,128.3 38.411,128.256 38.339,128.136 38.319,127.822 38.347,127.786 38.333,127.569 38.303,127.508 38.342,127.233 38.319,127.142 38.217,126.969 38.144,126.961 38.1,126.878 38.042,126.869 37.967,126.786 37.953,126.683 37.808,126.683 37.772,126.592 37.847,126.439 37.847,126.356 37.815,126.21 37.726,126.18 37.664,126.018 37.719,125.754 37.686,125.524 37.617,125.326 37.617,125.153 37.758,124.956 37.875,124.892 37.953,124.903 38.0,124.85 38.0,124.0
ZLHW|41.55,105.05 41.748,105.229 39.089,107.971 39.038,111.071 35.484,112.421 31.9,109.517 32.45,105.817 32.967,98.099 32.87,91.931 36.289,87.119 38.336,90.21 39.786,92.18 41.791,95.132 42.917,96.337 42.717,96.383 42.717,96.95 42.767,97.167 42.783,98.017 42.567,99.483 42.65,100.0 42.65,100.85 42.467,101.833 42.2,102.067 42.133,102.75 41.917,103.317 41.8,103.95 41.883,104.55 41.667,104.533 41.633,104.95 41.55,105.05
ZLLL|41.55,105.05 41.748,105.229 39.089,107.971 34.892,106.85 32.45,105.817 32.967,98.099 32.87,91.931 36.289,87.119 38.336,90.21 39.786,92.18 41.791,95.132 42.917,96.337 42.717,96.383 42.717,96.95 42.767,97.167 42.783,98.017 42.567,99.483 42.65,100.0 42.65,100.85 42.467,101.833 42.2,102.067 42.133,102.75 41.917,103.317 41.8,103.95 41.883,104.55 41.667,104.533 41.633,104.95 41.55,105.05
ZLXY|39.089,107.971 39.038,111.071 35.484,112.421 31.9,109.517 32.45,105.817 34.892,106.85 39.089,107.971
ZMUB|49.833,116.7 48.895,116.087 48.816,116.084 48.529,115.819 48.263,115.835 48.145,115.548 47.919,115.592 47.688,115.959 47.804,116.097 47.871,116.242 47.839,116.47 47.884,116.826 47.814,117.111 47.654,117.363 47.997,117.788 48.036,118.218 47.996,118.542 47.784,118.757 47.669,119.111 47.534,119.149 47.479,119.344 47.424,119.309 47.298,119.531 47.101,119.781 46.963,119.853 46.913,119.921 46.77,119.909 46.72,119.935 46.657,119.855 46.599,119.707 46.639,119.455 46.614,119.363 46.678,119.062 46.736,119.008 46.721,118.918 46.755,118.906 46.769,118.85 46.704,118.782 46.689,118.706 46.716,118.631 46.694,118.472 46.733,118.328 46.518,117.734 46.59,117.488 46.578,117.421 46.54,117.439 46.384,117.378 46.364,117.064 46.394,116.842 46.293,116.588 45.917,116.243 45.812,116.282 45.707,116.186 45.686,116.031 45.468,115.712 45.388,115.354 45.435,114.764 45.389,114.545 45.208,114.457 45.042,114.179 44.944,114.085 44.923,113.932 44.753,113.652 44.8,113.118 44.926,112.608 45.081,112.427 45.093,111.996 45.007,111.802 44.689,111.574 44.343,111.423 44.051,111.675 43.939,111.879 43.776,111.976 43.692,111.918 43.673,111.784 43.499,111.59 43.482,111.419 43.325,111.005 43.055,110.689 42.923,110.6 42.778,110.441 42.646,110.107 42.641,109.942 42.474,109.545 42.43,109.314 42.457,109.014 42.404,108.818 42.461,108.239 42.416,107.95 42.41,107.571 42.458,107.509 42.411,107.278 42.354,107.228 42.296,106.782 41.748,105.229 41.55,105.05 41.633,104.95 41.667,104.533 41.883,104.55 41.8,103.95 41.917,103.317 42.133,102.75 42.2,102.067 42.467,101.833 42.65,100.85 42.65,100.0 42.567,99.483 42.783,98.017 42.767,97.167 42.717,96.95 42.717,96.383 42.917,96.337 43.0,96.167 43.983,95.55 44.033,95.35 44.283,95.433 44.25,95.0 44.533,94.333 44.583,94.317 44.883,93.733 44.983,93.35 45.067,91.75 45.2,91.15 45.2,90.883 45.367,90.817 45.517,90.683 45.717,90.717 46.0,91.017 46.317,90.933 46.583,91.067 46.683,91.067 46.967,90.9 47.0,90.75 47.317,90.483 47.5,90.483 47.867,90.083 47.817,89.8 48.033,89.55 48.033,89.25 47.95,89.217 47.95,89.033 48.05,89.0 48.467,88.35 48.583,87.983 48.7,88.1 48.833,87.833 49.183,87.833 49.25,88.133 49.367,88.1 49.467,88.183 49.517,88.633 49.45,88.867 49.55,88.917 49.467,88.983 49.55,89.217 49.65,89.233 49.583,89.383 49.7,89.683 49.783,89.75 49.817,89.633 49.917,89.667 50.533,91.45 50.567,91.65 50.717,91.75 50.7,92.25 50.9,92.367 50.783,92.45 50.767,92.617 50.7,92.617 50.7,92.75 50.767,92.767 50.783,93.017 50.617,93.0 50.567,94.283 50.033,94.633 50.05,94.983 49.967,95.067 49.967,95.733 50.033,95.85 50.017,96.083 49.9,96.433 49.967,96.8 49.9,96.683 49.933,96.817 49.75,97.3 49.95,97.583 49.95,97.85 50.55,98.317 50.75,97.967 50.867,98.017 51.017,97.833 51.467,98.233 51.717,98.317 51.817,98.667 52.147,98.925 52.1,99.0 51.883,99.733 51.75,100.0 51.75,100.517 51.333,102.217 50.583,102.317 50.317,103.217 50.133,103.7 50.217,103.783 50.15,104.05 50.3,104.367 50.483,105.35 50.417,106.05 50.35,106.083 50.3,106.267 50.35,106.533 50.2,106.983 50.033,107.117 49.983,107.25 50.033,107.317 49.983,107.383 49.95,107.7 49.983,107.733 49.917,107.85 49.917,107.967 49.667,107.95 49.533,108.267 49.433,108.35 49.333,108.533 49.367,108.95 49.333,109.0 49.367,109.2 49.283,109.483 49.233,109.517 49.167,110.233 49.267,110.4 49.167,110.583 49.183,110.933 49.283,111.117 49.367,111.367 49.35,111.517 49.417,111.683 49.383,111.883 49.55,112.5 49.483,112.733 49.6,113.083 49.667,113.083 49.8,113.183 49.967,113.483 50.283,114.35 50.233,114.5 50.25,114.633 50.183,115.0 49.9,115.383 49.883,115.75 50.0,116.033 50.033,116.217 49.933,116.6 49.833,116.7
ZMUB-A|44.983,93.35 45.067,91.75 45.2,91.15 45.2,90.883 45.367,90.817 45.517,90.683 45.717,90.717 46.0,91.017 46.317,90.933 46.583,91.067 46.683,91.067 46.967,90.9 47.0,90.75 47.317,90.483 47.5,90.483 47.867,90.083 47.817,89.8 48.033,89.55 48.033,89.25 47.95,89.217 47.95,89.033 48.05,89.0 48.467,88.35 48.583,87.983 48.7,88.1 48.833,87.833 49.183,87.833 49.25,88.133 49.367,88.1 49.467,88.183 49.517,88.633 49.45,88.867 49.55,88.917 49.467,88.983 49.55,89.217 49.65,89.233 49.583,89.383 49.7,89.683 49.783,89.75 49.817,89.633 49.917,89.667 50.533,91.45 50.567,91.65 50.717,91.75 50.7,92.25 50.9,92.367 50.783,92.45 50.767,92.617 50.7,92.617 50.7,92.75 50.767,92.767 50.783,93.017 50.617,93.0 50.567,94.283 50.033,94.633 50.05,94.983 49.967,95.067 49.967,95.733 50.033,95.85 50.017,96.083 49.9,96.433 49.967,96.8 49.9,96.683 49.933,96.817 49.75,97.3 49.036,96.662 47.764,95.683 46.643,95.492 44.917,93.65 44.983,93.35
ZMUB-B|42.65,100.85 42.65,100.0 42.567,99.483 42.783,98.017 42.767,97.167 42.717,96.95 42.717,96.383 42.917,96.337 43.0,96.167 43.983,95.55 44.033,95.35 44.283,95.433 44.25,95.0 44.533,94.333 44.583,94.317 44.917,93.65 46.643,95.492 47.764,95.683 49.036,96.662 49.75,97.3 48.941,98.681 47.085,102.805 43.781,100.844 42.65,100.85
ZMUB-C|50.15,104.05 50.3,104.367 50.483,105.35 50.417,106.05 50.35,106.083 50.3,106.267 50.35,106.533 50.2,106.983 50.033,107.117 49.983,107.25 50.033,107.317 49.983,107.383 49.95,107.7 49.983,107.733 49.917,107.85 49.917,107.967 49.667,107.95 49.533,108.267 49.433,108.35 49.333,108.533 49.367,108.95 49.333,109.0 49.367,109.2 49.283,109.483 49.233,109.517 49.167,110.233 49.267,110.4 46.809,109.147 46.379,108.497 46.379,106.827 46.447,105.887 46.803,104.177 47.426,104.177 50.15,104.05
ZMUB-D|49.267,110.4 49.167,110.583 49.183,110.933 49.283,111.117 49.367,111.367 49.35,111.517 49.417,111.683 49.383,111.883 49.55,112.5 49.483,112.733 49.6,113.083 49.667,113.083 49.8,113.183 49.967,113.483 50.283,114.35 50.233,114.5 50.25,114.633 50.183,115.0 49.9,115.383 49.883,115.75 50.0,116.033 50.033,116.217 49.933,116.6 49.833,116.7 48.895,116.087 48.816,116.084 48.529,115.819 48.263,115.835 48.145,115.548 47.919,115.592 47.688,115.959 47.804,116.097 47.871,116.242 47.839,116.47 47.884,116.826 47.814,117.111 47.654,117.363 47.997,117.788 48.036,118.218 47.996,118.542 47.784,118.757 47.669,119.111 47.534,119.149 47.479,119.344 47.424,119.309 47.298,119.531 47.101,119.781 46.963,119.853 46.913,119.921 46.77,119.909 46.72,119.935 46.599,119.707 46.639,119.455 46.614,119.363 46.678,119.062 46.736,119.008 46.721,118.918 46.755,118.906 46.769,118.85 46.704,118.782 46.689,118.706 46.716,118.631 46.694,118.472 46.733,118.328 46.518,117.734 46.59,117.488 46.578,117.421 46.54,117.439 46.384,117.378 46.364,117.064 46.394,116.842 46.293,116.588 45.917,116.243 45.812,116.282 45.707,116.186 45.686,116.031 45.468,115.712 45.388,115.354 45.435,114.764 45.389,114.545 45.208,114.457 45.042,114.179 44.944,114.085 44.923,113.932 44.753,113.652 44.8,113.118 44.926,112.608 45.081,112.427 45.093,111.996 45.007,111.802 44.689,111.574 44.343,111.423 44.051,111.675 43.939,111.879 43.776,111.976 43.692,111.918 43.673,111.784 43.499,111.59 43.482,111.419 44.409,109.892 46.379,106.827 46.379,108.497 46.809,109.147 49.267,110.4
ZMUB-G|43.482,111.419 43.325,111.005 43.055,110.689 42.923,110.6 42.778,110.441 42.646,110.107 42.641,109.942 42.474,109.545 42.43,109.314 42.457,109.014 42.404,108.818 42.461,108.239 42.416,107.95 42.41,107.571 42.458,107.509 42.411,107.278 42.354,107.228 42.296,106.782 41.748,105.229 41.55,105.05 41.633,104.95 41.667,104.533 41.883,104.55 41.8,103.95 41.917,103.317 42.133,102.75 42.2,102.067 42.467,101.833 42.65,100.85 43.781,100.844 47.085,102.805 46.447,105.887 46.379,106.827 44.409,109.892 43.482,111.419
ZMUB-M|49.75,97.3 49.95,97.583 49.95,97.85 50.55,98.317 50.75,97.967 50.867,98.017 51.017,97.833 51.467,98.233 51.717,98.317 51.817,98.667 52.147,98.925 52.1,99.0 51.883,99.733 51.75,100.0 51.75,100.517 51.333,102.217 50.583,102.317 50.317,103.217 50.133,103.7 50.217,103.783 50.15,104.05 47.426,104.177 46.803,104.177 47.085,102.805 48.941,98.681 49.75,97.3
ZPKM|36.289,87.119 32.87,91.931 32.967,98.099 32.45,105.817 31.9,109.517 29.676,109.144 28.783,109.383 27.517,109.45 26.583,109.317 25.7,107.65 24.65,105.8 23.196,105.542 23.2,105.5 23.4,105.333 23.283,105.217 23.25,105.117 23.267,105.083 23.2,105.0 23.217,104.967 23.167,104.95 23.183,104.9 23.133,104.883 23.133,104.817 22.95,104.867 22.817,104.733 22.85,104.583 22.7,104.367 22.733,104.283 22.85,104.283 22.817,104.133 22.717,104.05 22.517,103.967 22.8,103.65 22.6,103.533 22.75,103.45 22.817,103.333 22.683,103.283 22.65,103.2 22.567,103.183 22.517,103.083 22.45,103.083 22.45,103.033 22.75,102.883 22.7,102.7 22.733,102.617 22.7,102.583 22.783,102.5 22.683,102.383 22.633,102.417 22.467,102.25 22.417,102.267 22.433,102.167 22.4,102.15 22.45,102.042 22.45,101.917 22.4,101.9 22.4,101.867 22.492,101.8 22.5,101.75 22.417,101.65 22.283,101.633 22.283,101.567 22.233,101.55 22.142,101.6 21.983,101.617 21.85,101.733 21.658,101.771 21.633,101.85 21.583,101.85 21.583,101.767 21.3,101.75 21.233,101.85 21.217,101.783 21.15,101.783 21.15,101.717 21.2,101.683 21.183,101.617 21.233,101.6 21.25,101.558 21.233,101.383 21.183,101.283 21.25,101.242 21.383,101.258 21.465,101.184 21.502,101.217 21.567,101.217 21.567,101.167 21.633,101.158 21.65,101.117 21.783,101.117 21.65,100.842 21.517,100.717 21.45,100.583 21.45,100.483 21.533,100.433 21.533,100.358 21.433,100.217 21.533,100.133 21.6,100.125 21.65,100.167 21.7,100.133 21.7,100.017 21.817,99.95 22.0,100.0 22.05,99.967 22.067,99.883 22.033,99.867 22.083,99.75 22.05,99.708 22.1,99.65 22.133,99.467 22.1,99.317 22.15,99.167 22.4,99.258 22.5,99.383 22.742,99.333 22.858,99.45 22.933,99.442 22.917,99.55 22.95,99.567 23.0,99.517 23.075,99.517 23.133,99.358 23.1,99.117 23.167,99.05 23.2,98.9 23.317,98.95 23.333,98.9 23.367,98.933 23.483,98.9 23.475,98.833 23.55,98.817 23.6,98.9 23.767,98.817 23.8,98.708 23.983,98.683 23.983,98.767 24.1,98.9 24.158,98.883 24.1,98.567 24.125,98.417 24.083,98.067 24.017,97.9 23.867,97.667 23.95,97.55 24.167,97.767 24.2,97.733 24.267,97.767 24.317,97.667 24.367,97.717 24.45,97.683 24.433,97.55 24.733,97.55 24.833,97.717 24.833,97.767 24.867,97.783 24.983,97.717 25.083,97.733 25.267,97.85 25.217,97.9 25.383,98.15 25.517,98.133 25.55,98.183 25.617,98.167 25.55,98.317 25.583,98.4 25.85,98.55 25.8,98.633 25.867,98.717 26.083,98.583 26.133,98.583 26.133,98.65 26.183,98.733 26.25,98.683 26.667,98.783 27.0,98.733 27.05,98.767 27.1,98.7 27.367,98.733 27.617,98.667 27.6,98.6 27.667,98.55 27.7,98.433 27.583,98.417 27.533,98.35 27.967,98.133 28.117,98.15 28.383,97.9 28.333,97.817 28.517,97.583 28.383,97.483 28.267,97.467 28.3,97.417 28.217,97.35 28.383,97.117 28.317,97.0 28.383,96.9 28.367,96.775 28.467,96.667 28.467,96.583 28.417,96.467 28.417,96.263 28.5,96.383 28.533,96.333 28.633,96.483 28.667,96.467 28.717,96.529 28.717,96.617 28.784,96.629 29.067,96.35 29.025,96.2 29.113,96.183 29.159,96.297 29.214,96.271 29.391,96.049 29.15,95.3 29.15,95.096 29.2,94.996 29.2,94.83 29.334,94.846 29.167,94.283 29.017,94.133 29.017,94.0 28.9,94.0 28.783,93.833 28.675,93.333 28.55,93.2 28.425,93.213 28.117,92.633 27.95,92.663 27.801,92.331 27.892,92.255 27.727,91.888 27.8,91.694 28.07,91.328 28.0,91.067 28.117,90.714 28.071,90.373 28.161,90.206 28.185,89.9 28.117,89.483 27.5,88.997 27.325,89.003 27.333,88.933 27.4,88.831 27.984,88.914 28.15,88.65 27.95,88.083 27.884,88.139 27.934,87.997 27.834,87.897 27.883,87.55 27.85,87.214 28.134,86.714 28.05,86.5 27.967,86.483 27.984,86.264 28.217,86.164 28.1,86.067 27.933,86.083 27.95,85.998 28.167,85.881 28.35,85.498 28.284,85.348 28.384,85.164 28.683,85.214 28.617,84.767 28.767,84.648 28.767,84.448 28.833,84.448 28.933,84.264 28.917,84.181 29.25,84.214 29.35,83.914 29.217,83.598 29.617,83.231 29.683,82.998 30.017,82.515 30.1,82.248 30.35,82.165 36.289,87.119
ZPPP|23.196,105.542 23.2,105.5 23.4,105.333 23.283,105.217 23.25,105.117 23.267,105.083 23.2,105.0 23.217,104.967 23.167,104.95 23.183,104.9 23.133,104.883 23.133,104.817 22.95,104.867 22.817,104.733 22.85,104.583 22.7,104.367 22.733,104.283 22.85,104.283 22.817,104.133 22.717,104.05 22.517,103.967 22.8,103.65 22.6,103.533 22.75,103.45 22.817,103.333 22.683,103.283 22.65,103.2 22.567,103.183 22.517,103.083 22.45,103.083 22.45,103.033 22.75,102.883 22.7,102.7 22.733,102.617 22.7,102.583 22.783,102.5 22.683,102.383 22.633,102.417 22.467,102.25 22.417,102.267 22.433,102.167 22.4,102.15 22.45,102.042 22.45,101.917 22.4,101.9 22.4,101.867 22.492,101.8 22.5,101.75 22.417,101.65 22.283,101.633 22.283,101.567 22.233,101.55 22.142,101.6 21.983,101.617 21.85,101.733 21.658,101.771 21.633,101.85 21.583,101.85 21.583,101.767 21.3,101.75 21.233,101.85 21.217,101.783 21.15,101.783 21.15,101.717 21.2,101.683 21.183,101.617 21.233,101.6 21.25,101.558 21.233,101.383 21.183,101.283 21.25,101.242 21.383,101.258 21.465,101.184 21.502,101.217 21.567,101.217 21.567,101.167 21.633,101.158 21.65,101.117 21.783,101.117 21.65,100.842 21.517,100.717 21.45,100.583 21.45,100.483 21.533,100.433 21.533,100.358 21.433,100.217 21.533,100.133 21.6,100.125 21.65,100.167 21.7,100.133 21.7,100.017 21.817,99.95 22.0,100.0 22.05,99.967 22.067,99.883 22.033,99.867 22.083,99.75 22.05,99.708 22.1,99.65 22.133,99.467 22.1,99.317 22.15,99.167 22.4,99.258 22.5,99.383 22.742,99.333 22.858,99.45 22.933,99.442 22.917,99.55 22.95,99.567 23.0,99.517 23.075,99.517 23.133,99.358 23.1,99.117 23.167,99.05 23.2,98.9 23.317,98.95 23.333,98.9 23.367,98.933 23.483,98.9 23.475,98.833 23.55,98.817 23.6,98.9 23.767,98.817 23.8,98.708 23.983,98.683 23.983,98.767 24.1,98.9 24.158,98.883 24.1,98.567 24.125,98.417 24.083,98.067 24.017,97.9 23.867,97.667 23.95,97.55 24.167,97.767 24.2,97.733 24.267,97.767 24.317,97.667 24.367,97.717 24.45,97.683 24.433,97.55 24.733,97.55 24.833,97.717 24.833,97.767 24.867,97.783 24.983,97.717 25.083,97.733 25.267,97.85 25.217,97.9 25.383,98.15 25.517,98.133 25.55,98.183 25.617,98.167 25.55,98.317 25.583,98.4 25.85,98.55 25.8,98.633 25.867,98.717 26.083,98.583 26.133,98.583 26.133,98.65 26.183,98.733 26.25,98.683 26.667,98.783 27.0,98.733 27.05,98.767 27.1,98.7 27.367,98.733 27.617,98.667 27.6,98.6 27.667,98.55 27.7,98.433 27.583,98.417 27.533,98.35 27.967,98.133 28.117,98.15 28.495,98.908 26.887,102.108 27.676,104.496 24.65,105.8 23.196,105.542
ZSAM|27.133,122.09 25.0,120.0 23.0,117.5 22.683,116.501 22.82,116.095 23.26,115.759 25.361,115.581 26.839,116.486 26.316,117.407 27.344,119.45 27.485,119.456 27.133,122.09
ZSCN|29.533,117.0 30.083,115.933 29.033,114.567 27.505,114.16 26.839,116.486 26.316,117.407 27.344,119.45 29.542,119.542 29.533,117.0
ZSHA|35.142,124.0 36.626,124.0 36.624,123.668 37.016,123.133 37.475,123.12 38.124,122.284 38.25,122.216 38.25,120.0 36.642,115.331 35.3,115.067 34.239,116.126 32.183,115.675 30.083,115.933 29.033,114.567 27.505,114.16 26.839,116.486 25.361,115.581 23.26,115.759 22.82,116.095 22.683,116.501 23.0,117.5 25.0,120.0 27.133,122.09 29.0,124.0 35.142,124.0
ZSJN|38.1,119.533 37.15,119.533 36.671,119.878 36.325,119.875 36.131,119.719 35.058,119.258 34.723,116.932 34.239,116.126 35.3,115.067 36.642,115.331 38.1,119.533
ZSOF|34.773,117.262 34.723,116.932 34.239,116.126 32.183,115.675 30.083,115.933 29.533,117.0 29.544,118.708 31.569,118.7 31.653,118.1 34.062,117.548 34.773,117.262
ZSQD|38.25,120.0 38.1,119.533 37.15,119.533 36.671,119.878 36.325,119.875 36.131,119.719 35.058,119.258 35.142,119.911 35.142,124.0 36.626,124.0 36.624,123.668 37.016,123.133 37.475,123.12 38.124,122.284 38.25,122.216 38.25,120.0
ZSSS|35.142,124.0 35.142,119.911 34.723,116.932 34.239,116.126 32.183,115.675 30.083,115.933 29.033,114.567 27.505,114.16 26.839,116.486 25.361,115.581 23.26,115.759 22.82,116.095 22.683,116.501 23.0,117.5 25.0,120.0 27.133,122.09 29.0,124.0 35.142,124.0
ZSSS-C|27.133,122.09 27.485,119.456 27.92,118.532 28.445,117.963 29.478,117.45 29.855,117.506 30.083,115.933 32.183,115.675 34.239,116.126 34.723,116.932 34.773,117.262 34.062,117.548 32.667,117.883 32.672,118.578 33.45,120.527 33.183,120.664 33.183,122.647 32.443,122.957 32.651,124.0 29.0,124.0 27.133,122.09
ZSSS-N|34.773,117.262 35.142,119.911 35.142,124.0 32.651,124.0 32.443,122.957 33.183,122.647 33.183,120.664 33.45,120.527 32.672,118.578 32.667,117.883 34.062,117.548 34.773,117.262
ZSSS-S|27.485,119.456 27.133,122.09 25.0,120.0 23.0,117.5 22.683,116.501 22.82,116.095 23.26,115.759 25.361,115.581 26.839,116.486 27.505,114.16 29.033,114.567 30.083,115.933 29.855,117.506 29.478,117.45 28.445,117.963 27.92,118.532 27.485,119.456
ZSSS-W|34.773,117.262 34.062,117.548 31.653,118.1 31.569,118.7 30.144,118.706 30.17,118.43 29.737,118.253 30.083,115.933 32.183,115.675 34.239,116.126 34.723,116.932 34.773,117.262
ZUGY|24.65,105.8 27.676,104.496 27.85,105.046 28.783,109.383 27.517,109.45 26.583,109.317 25.7,107.65 24.65,105.8
ZULS|36.289,87.119 32.87,91.931 32.967,98.099 28.117,98.15 28.383,97.9 28.333,97.817 28.517,97.583 28.383,97.483 28.267,97.467 28.3,97.417 28.217,97.35 28.383,97.117 28.317,97.0 28.383,96.9 28.367,96.775 28.467,96.667 28.467,96.583 28.417,96.467 28.417,96.263 28.5,96.383 28.533,96.333 28.633,96.483 28.667,96.467 28.717,96.529 28.717,96.617 28.784,96.629 29.067,96.346 29.025,96.2 29.113,96.183 29.159,96.297 29.214,96.271 29.391,96.049 29.15,95.3 29.15,95.096 29.2,94.996 29.2,94.83 29.334,94.846 29.167,94.283 29.017,94.133 29.017,94.0 28.9,94.0 28.783,93.833 28.675,93.333 28.55,93.2 28.425,93.213 28.117,92.633 27.95,92.663 27.801,92.331 27.892,92.255 27.727,91.888 27.8,91.694 28.07,91.328 28.0,91.067 28.117,90.714 28.071,90.373 28.161,90.206 28.185,89.9 28.117,89.483 27.5,88.997 27.325,89.003 27.333,88.933 27.4,88.831 27.984,88.914 28.15,88.65 27.95,88.083 27.884,88.139 27.934,87.997 27.834,87.897 27.883,87.55 27.85,87.214 28.134,86.714 28.05,86.5 27.967,86.483 27.984,86.264 28.217,86.164 28.1,86.067 27.933,86.083 27.95,85.998 28.167,85.881 28.35,85.498 28.284,85.348 28.384,85.164 28.683,85.214 28.617,84.767 28.767,84.648 28.767,84.448 28.833,84.448 28.933,84.264 28.917,84.181 29.25,84.214 29.35,83.914 29.217,83.598 29.617,83.231 29.683,82.998 30.017,82.515 30.1,82.248 30.35,82.165 36.289,87.119
ZUUU|32.967,98.099 32.45,105.817 31.9,109.517 29.676,109.144 28.783,109.383 27.517,109.45 26.583,109.317 25.7,107.65 24.65,105.8 27.676,104.496 26.887,102.108 28.495,98.908 28.117,98.15 32.967,98.099
ZWUQ|42.917,96.337 41.791,95.132 39.786,92.18 38.336,90.21 36.289,87.119 30.35,82.165 30.45,81.583 30.383,81.567 30.433,81.481 30.417,81.383 30.167,81.35 30.15,81.25 30.05,81.233 30.208,81.05 30.267,81.033 30.333,80.817 30.4,80.767 30.5,80.583 30.6,80.217 30.717,80.083 30.783,80.067 30.983,79.883 31.017,79.75 30.967,79.617 31.05,79.517 31.05,79.433 31.1,79.417 31.133,79.017 31.317,78.867 31.317,78.783 31.45,78.817 31.517,78.75 31.617,78.867 31.783,78.733 31.917,78.767 32.2,78.467 32.25,78.517 32.417,78.5 32.533,78.433 32.6,78.633 32.683,78.75 32.467,78.767 32.333,78.967 32.367,79.133 32.467,79.133 32.517,79.267 32.667,79.3 32.783,79.3 32.833,79.267 32.883,79.3 33.0,79.267 33.033,79.167 33.2,79.2 33.233,79.083 33.3,79.083 33.483,78.833 33.667,78.717 33.767,78.8 33.867,78.733 33.967,78.733 34.033,78.8 34.067,78.717 34.2,78.967 34.333,79.0 34.617,78.567 34.617,78.417 34.65,78.417 34.683,78.267 35.083,78.1 35.133,78.15 35.183,78.067 35.383,78.0 35.467,78.117 35.5,78.1 35.483,77.95 35.433,77.9 35.533,77.833 35.483,77.65 35.5,77.55 35.467,77.383 35.533,77.317 35.542,77.15 35.667,76.833 35.667,76.767 35.817,76.583 35.917,76.583 35.833,76.35 35.833,76.167 35.933,76.167 36.017,76.083 36.017,76.0 36.133,75.933 36.167,76.017 36.233,76.0 36.233,76.05 36.333,75.983 36.417,76.017 36.617,75.933 36.767,75.65 36.767,75.533 36.717,75.533 36.717,75.467 36.95,75.4 37.0,75.167 37.0,75.0 36.933,74.933 37.067,74.817 37.017,74.75 37.092,74.683 37.092,74.617 37.05,74.617 37.033,74.533 37.117,74.433 37.183,74.483 37.217,74.467 37.25,74.55 37.283,74.75 37.217,74.817 37.242,74.917 37.283,74.917 37.317,75.117 37.4,75.233 38.05,74.933 38.067,74.8 38.467,74.833 38.667,74.4 38.683,74.117 38.533,74.05 38.6,73.8 38.883,73.717 39.0,73.833 39.25,73.6 39.383,73.683 39.483,73.667 39.46,73.86 39.68,73.91 39.76,73.88 40.0,74.0 40.133,74.383 40.35,74.667 40.35,74.833 40.5,74.8 40.483,75.15 40.65,75.6 40.483,75.733 40.283,75.7 40.283,75.917 40.467,76.3 40.35,76.333 40.75,76.633 41.067,77.067 41.033,77.267 41.033,77.567 41.083,78.15 41.3,78.333 41.4,78.367 41.917,79.783 42.067,79.867 42.067,80.283 42.217,80.25 42.283,80.283 42.767,80.233 42.867,80.583 42.896,80.588 43.033,80.383 43.1,80.55 43.1,80.783 43.15,80.85 43.433,80.75 44.15,80.35 44.733,80.5 44.817,80.2 44.806,80.021 44.883,79.833 45.05,80.4 45.15,81.0 45.283,81.35 45.35,81.7 45.2,81.767 45.183,81.933 45.233,82.233 45.117,82.517 45.367,82.65 45.483,82.567 45.5,82.333 45.583,82.283 45.983,82.5 46.167,82.517 46.5,82.783 47.217,83.033 47.217,83.2 47.117,83.417 46.983,84.0 47.0,84.7 46.85,84.9 47.05,85.217 47.05,85.533 47.2,85.583 47.217,85.7 47.383,85.717 47.533,85.617 47.967,85.55 48.167,85.617 48.383,85.75 48.45,86.0 48.45,86.25 48.55,86.583 48.833,86.817 48.9,86.733 49.0,86.733 49.117,86.867 49.115,87.288 49.083,87.417 49.183,87.833 48.833,87.833 48.7,88.1 48.583,87.983 48.467,88.35 48.05,89.0 47.95,89.033 47.95,89.217 48.033,89.25 48.033,89.55 47.817,89.8 47.867,90.083 47.5,90.483 47.317,90.483 47.0,90.75 46.967,90.9 46.683,91.067 46.583,91.067 46.317,90.933 46.0,91.017 45.717,90.717 45.517,90.683 45.367,90.817 45.2,90.883 45.2,91.15 45.067,91.75 44.983,93.35 44.883,93.733 44.583,94.317 44.533,94.333 44.25,95.0 44.283,95.433 44.033,95.35 43.983,95.55 43.0,96.167 42.917,96.337
ZWWW-N|42.917,96.337 41.791,95.132 39.786,92.18 41.167,87.047 41.626,87.075 41.726,86.743 42.174,84.574 42.739,82.454 42.896,80.588 43.033,80.383 43.1,80.55 43.1,80.783 43.15,80.85 43.433,80.75 44.15,80.35 44.733,80.5 44.817,80.2 44.806,80.021 44.883,79.833 45.05,80.4 45.15,81.0 45.283,81.35 45.35,81.7 45.2,81.767 45.183,81.933 45.233,82.233 45.117,82.517 45.367,82.65 45.483,82.567 45.5,82.333 45.583,82.283 45.983,82.5 46.167,82.517 46.5,82.783 47.217,83.033 47.217,83.2 47.117,83.417 46.983,84.0 47.0,84.7 46.85,84.9 47.05,85.217 47.05,85.533 47.2,85.583 47.217,85.7 47.383,85.717 47.533,85.617 47.967,85.55 48.167,85.617 48.383,85.75 48.45,86.0 48.45,86.25 48.55,86.583 48.833,86.817 48.9,86.733 49.0,86.733 49.117,86.867 49.115,87.288 49.083,87.417 49.183,87.833 48.833,87.833 48.7,88.1 48.583,87.983 48.467,88.35 48.05,89.0 47.95,89.033 47.95,89.217 48.033,89.25 48.033,89.55 47.817,89.8 47.867,90.083 47.5,90.483 47.317,90.483 47.0,90.75 46.967,90.9 46.683,91.067 46.583,91.067 46.317,90.933 46.0,91.017 45.717,90.717 45.517,90.683 45.367,90.817 45.2,90.883 45.2,91.15 45.067,91.75 44.983,93.35 44.883,93.733 44.583,94.317 44.533,94.333 44.25,95.0 44.283,95.433 44.033,95.35 43.983,95.55 43.0,96.167 42.917,96.337
ZWWW-S|38.336,90.21 36.289,87.119 30.35,82.165 30.45,81.583 30.383,81.567 30.433,81.481 30.417,81.383 30.167,81.35 30.15,81.25 30.05,81.233 30.208,81.05 30.267,81.033 30.333,80.817 30.4,80.767 30.5,80.583 30.6,80.217 30.717,80.083 30.783,80.067 30.983,79.883 31.017,79.75 30.967,79.617 31.05,79.517 31.05,79.433 31.1,79.417 31.133,79.017 31.317,78.867 31.317,78.783 31.45,78.817 31.517,78.75 31.617,78.867 31.783,78.733 31.917,78.767 32.2,78.467 32.25,78.517 32.417,78.5 32.533,78.433 32.6,78.633 32.683,78.75 32.467,78.767 32.333,78.967 32.367,79.133 32.467,79.133 32.517,79.267 32.667,79.3 32.783,79.3 32.833,79.267 32.883,79.3 33.0,79.267 33.033,79.167 33.2,79.2 33.233,79.083 33.3,79.083 33.483,78.833 33.667,78.717 33.767,78.8 33.867,78.733 33.967,78.733 34.033,78.8 34.067,78.717 34.2,78.967 34.333,79.0 34.617,78.567 34.617,78.417 34.65,78.417 34.683,78.267 35.083,78.1 35.133,78.15 35.183,78.067 35.383,78.0 35.467,78.117 35.5,78.1 35.483,77.95 35.433,77.9 35.533,77.833 35.483,77.65 35.5,77.55 35.467,77.383 35.533,77.317 35.542,77.15 35.667,76.833 35.667,76.767 35.817,76.583 35.917,76.583 35.833,76.35 35.833,76.167 35.933,76.167 36.017,76.083 36.017,76.0 36.133,75.933 36.167,76.017 36.233,76.0 36.233,76.05 36.333,75.983 36.417,76.017 36.617,75.933 36.767,75.65 36.767,75.533 36.717,75.533 36.717,75.467 36.95,75.4 37.0,75.167 37.0,75.0 36.933,74.933 37.067,74.817 37.017,74.75 37.092,74.683 37.092,74.617 37.05,74.617 37.033,74.533 37.117,74.433 37.183,74.483 37.217,74.467 37.25,74.55 37.283,74.75 37.217,74.817 37.242,74.917 37.283,74.917 37.317,75.117 37.4,75.233 38.05,74.933 38.067,74.8 38.467,74.833 38.667,74.4 38.683,74.117 38.533,74.05 38.6,73.8 38.883,73.717 39.0,73.833 39.25,73.6 39.383,73.683 39.483,73.667 39.46,73.86 39.68,73.91 39.76,73.88 40.0,74.0 40.133,74.383 40.35,74.667 40.35,74.833 40.5,74.8 40.483,75.15 40.65,75.6 40.483,75.733 40.283,75.7 40.283,75.917 40.467,76.3 40.35,76.333 40.75,76.633 41.067,77.067 41.033,77.267 41.033,77.567 41.083,78.15 41.3,78.333 41.4,78.367 41.917,79.783 42.067,79.867 42.067,80.283 42.217,80.25 42.283,80.283 42.767,80.233 42.867,80.583 42.896,80.588 42.739,82.454 42.174,84.574 41.726,86.743 41.626,87.075 41.167,87.047 39.786,92.18 38.336,90.21
ZYHB|53.5,122.333 53.433,122.4 53.467,122.483 53.45,122.85 53.508,123.033 53.5,123.15 53.55,123.267 53.533,123.433 53.5,123.483 53.55,123.5 53.5,123.533 53.5,123.567 53.55,123.6 53.483,123.717 53.483,123.883 53.35,124.133 53.367,124.233 53.217,124.433 53.2,124.65 53.1,124.883 53.167,124.883 53.2,125.167 53.1,125.483 53.05,125.5 53.083,125.6 52.983,125.75 52.917,125.667 52.85,125.683 52.883,125.833 52.767,125.967 52.8,126.033 52.767,126.117 52.75,126.05 52.683,126.067 52.667,125.983 52.583,126.0 52.6,126.05 52.533,126.2 52.467,126.183 52.467,126.25 52.4,126.35 52.317,126.317 52.283,126.433 52.217,126.283 52.117,126.567 52.033,126.5 52.033,126.45 51.733,126.667 51.717,126.717 51.6,126.667 51.533,126.833 51.45,126.783 51.35,126.917 51.333,126.833 51.3,126.817 51.25,126.867 51.3,126.867 51.317,126.983 51.067,126.917 50.933,127.1 50.567,127.367 50.467,127.3 50.433,127.35 50.317,127.35 50.233,127.6 50.0,127.483 49.8,127.533 49.567,127.9 49.583,127.967 49.5,128.25 49.583,128.367 49.583,128.767 49.483,128.75 49.45,129.0 49.35,129.1 49.4,129.217 49.35,129.35 49.433,129.4 49.417,129.517 49.283,129.567 49.283,129.717 49.183,129.75 49.117,129.867 49.033,129.917 48.867,130.25 48.9,130.433 48.85,130.5 48.867,130.65 48.617,130.517 48.583,130.6 48.483,130.617 48.5,130.75 48.433,130.733 48.3,130.817 48.183,130.75 48.117,130.65 48.05,130.667 47.917,130.867 47.817,130.95 47.7,130.95 47.733,131.467 47.667,131.6 47.717,131.683 47.667,131.967 47.717,132.0 47.717,132.25 47.75,132.283 47.717,132.567 47.95,132.667 47.933,132.8 48.0,132.867 48.017,133.0 48.05,133.0 48.1,133.15 48.1,133.333 48.067,133.45 48.2,133.783 48.183,133.867 48.25,133.883 48.333,134.033 48.383,134.383 48.35,134.517 48.367,134.55 48.333,134.567 48.283,134.75 48.25,134.667 48.15,134.667 48.05,134.55 47.983,134.55 47.917,134.583 47.9,134.65 47.833,134.667 47.75,134.767 47.5,134.567 47.45,134.483 47.45,134.333 47.333,134.2 47.25,134.15 47.2,134.217 47.117,134.217 47.1,134.133 46.967,134.05 46.933,134.067 46.817,134.017 46.667,134.017 46.467,133.833 46.45,133.9 46.383,133.933 46.35,133.867 46.2,133.85 46.233,133.817 46.15,133.7 46.05,133.733 45.933,133.667 45.933,133.633 45.867,133.583 45.9,133.533 45.85,133.483 45.617,133.417 45.5,133.317 45.517,133.233 45.467,133.15 45.25,133.083 45.15,133.15 45.117,133.133 45.017,132.933 45.267,131.983 45.35,131.883 45.217,131.767 45.233,131.683 45.167,131.65 45.117,131.683 45.0,131.483 44.983,131.5 44.983,131.333 44.917,131.283 44.917,131.083 44.833,130.967 44.7,131.083 44.052,131.297 44.017,131.25 43.883,131.25 43.833,131.2 43.716,131.221 43.744,128.526 43.623,127.283 43.878,126.282 43.772,125.849 44.252,124.392 44.81,123.075 46.07,122.073 46.615,119.767 46.72,119.935 46.77,119.909 46.913,119.921 46.963,119.853 47.101,119.781 47.298,119.531 47.424,119.309 47.479,119.344 47.534,119.149 47.669,119.111 47.784,118.757 47.996,118.542 48.036,118.218 47.997,117.788 47.654,117.363 47.814,117.111 47.884,116.826 47.839,116.47 47.871,116.242 47.804,116.097 47.688,115.959 47.697,115.912 47.919,115.592 48.145,115.548 48.263,115.835 48.529,115.819 48.816,116.084 48.895,116.087 49.833,116.7 49.7,117.0 49.633,117.283 49.633,117.467 49.5,117.867 49.767,118.367 49.817,118.383 49.95,118.667 49.967,118.983 50.017,119.183 50.117,119.317 50.317,119.367 50.35,119.333 50.35,119.167 50.383,119.117 50.4,119.2 50.567,119.25 50.75,119.483 50.9,119.517 51.0,119.617 51.017,119.683 51.133,119.767 51.217,119.75 51.217,119.817 51.367,119.933 51.633,120.083 51.683,120.083 51.667,120.167 51.917,120.65 52.0,120.717 52.033,120.683 52.167,120.783 52.25,120.75 52.35,120.617 52.533,120.733 52.633,120.45 52.583,120.067 52.767,120.017 52.8,120.167 52.867,120.283 52.9,120.283 52.9,120.333 53.083,120.55 53.1,120.633 53.167,120.683 53.25,120.833 53.267,120.817 53.3,121.3 53.383,121.683 53.417,122.083 53.467,122.15 53.5,122.333
ZYSH|49.833,116.7 49.7,117.0 49.633,117.283 49.633,117.467 49.5,117.867 49.767,118.367 49.817,118.383 49.95,118.667 49.967,118.983 50.017,119.183 50.117,119.317 50.317,119.367 50.35,119.333 50.35,119.167 50.383,119.117 50.4,119.2 50.567,119.25 50.75,119.483 50.9,119.517 51.0,119.617 51.017,119.683 51.133,119.767 51.217,119.75 51.217,119.817 51.367,119.933 51.633,120.083 51.683,120.083 51.667,120.167 51.917,120.65 52.0,120.717 52.033,120.683 52.167,120.783 52.25,120.75 52.35,120.617 52.533,120.733 52.633,120.45 52.583,120.067 52.767,120.017 52.8,120.167 52.867,120.283 52.9,120.283 52.9,120.333 53.083,120.55 53.1,120.633 53.167,120.683 53.25,120.833 53.267,120.817 53.3,121.3 53.383,121.683 53.417,122.083 53.467,122.15 53.5,122.333 53.433,122.4 53.467,122.483 53.45,122.85 53.508,123.033 53.5,123.15 53.55,123.267 53.533,123.433 53.5,123.483 53.55,123.5 53.5,123.533 53.5,123.567 53.55,123.6 53.483,123.717 53.483,123.883 53.35,124.133 53.367,124.233 53.217,124.433 53.2,124.65 53.1,124.883 53.167,124.883 53.2,125.167 53.1,125.483 53.05,125.5 53.083,125.6 52.983,125.75 52.917,125.667 52.85,125.683 52.883,125.833 52.767,125.967 52.8,126.033 52.767,126.117 52.75,126.05 52.683,126.067 52.667,125.983 52.583,126.0 52.6,126.05 52.533,126.2 52.467,126.183 52.467,126.25 52.4,126.35 52.317,126.317 52.283,126.433 52.217,126.283 52.117,126.567 52.033,126.5 52.033,126.45 51.733,126.667 51.717,126.717 51.6,126.667 51.533,126.833 51.45,126.783 51.35,126.917 51.333,126.833 51.3,126.817 51.25,126.867 51.3,126.867 51.317,126.983 51.067,126.917 50.933,127.1 50.567,127.367 50.467,127.3 50.433,127.35 50.317,127.35 50.233,127.6 50.0,127.483 49.8,127.533 49.567,127.9 49.583,127.967 49.5,128.25 49.583,128.367 49.583,128.767 49.483,128.75 49.45,129.0 49.35,129.1 49.4,129.217 49.35,129.35 49.433,129.4 49.417,129.517 49.283,129.567 49.283,129.717 49.183,129.75 49.117,129.867 49.033,129.917 48.867,130.25 48.9,130.433 48.85,130.5 48.867,130.65 48.617,130.517 48.583,130.6 48.483,130.617 48.5,130.75 48.433,130.733 48.3,130.817 48.183,130.75 48.117,130.65 48.05,130.667 47.917,130.867 47.817,130.95 47.7,130.95 47.733,131.467 47.667,131.6 47.717,131.683 47.667,131.967 47.717,132.0 47.717,132.25 47.75,132.283 47.717,132.567 47.95,132.667 47.933,132.8 48.0,132.867 48.017,133.0 48.05,133.0 48.1,133.15 48.1,133.333 48.067,133.45 48.2,133.783 48.183,133.867 48.25,133.883 48.333,134.033 48.383,134.383 48.35,134.517 48.367,134.55 48.333,134.567 48.283,134.75 48.25,134.667 48.15,134.667 48.05,134.55 47.983,134.55 47.917,134.583 47.9,134.65 47.833,134.667 47.75,134.767 47.5,134.567 47.45,134.483 47.45,134.333 47.333,134.2 47.25,134.15 47.2,134.217 47.117,134.217 47.1,134.133 46.967,134.05 46.933,134.067 46.817,134.017 46.667,134.017 46.467,133.833 46.45,133.9 46.383,133.933 46.35,133.867 46.2,133.85 46.233,133.817 46.15,133.7 46.05,133.733 45.933,133.667 45.933,133.633 45.867,133.583 45.9,133.533 45.85,133.483 45.617,133.417 45.5,133.317 45.517,133.233 45.467,133.15 45.25,133.083 45.15,133.15 45.117,133.133 45.017,132.933 45.267,131.983 45.35,131.883 45.217,131.767 45.233,131.683 45.167,131.65 45.117,131.683 45.0,131.483 44.983,131.5 44.983,131.333 44.917,131.283 44.917,131.083 44.833,130.967 44.7,131.083 44.052,131.297 44.017,131.25 43.883,131.25 43.833,131.2 43.617,131.217 43.533,131.183 43.467,131.3 43.433,131.283 43.4,131.317 43.367,131.267 43.15,131.2 43.017,131.1 42.967,131.133 42.9,131.1 42.917,131.017 42.867,131.033 42.867,130.817 42.833,130.783 42.833,130.7 42.717,130.4 42.7,130.533 42.6,130.633 42.55,130.617 42.55,130.567 42.4,130.65 42.436,130.581 42.602,130.514 42.617,130.483 42.55,130.475 42.551,130.43 42.602,130.431 42.732,130.241 42.902,130.272 42.902,130.114 42.985,130.131 42.985,129.964 43.019,129.964 43.002,129.881 42.452,129.731 42.436,129.664 42.469,129.631 42.369,129.564 42.45,129.417 42.367,129.233 42.217,129.217 42.15,129.15 42.15,129.083 42.083,128.967 42.025,128.95 42.033,128.3 42.0,128.033 41.883,128.083 41.8,128.083 41.617,128.3 41.567,128.317 41.4,128.217 41.367,128.117 41.435,127.918 41.417,127.65 41.467,127.533 41.543,127.1 41.602,127.181 41.669,127.048 41.702,127.064 41.8,126.933 41.683,126.783 41.75,126.7 41.617,126.6 41.367,126.517 41.083,126.117 40.895,125.99 40.883,125.783 40.467,124.9 40.067,124.333 40.0,124.35 39.828,124.168 38.0,124.0 36.626,124.0 36.624,123.668 37.016,123.133 37.475,123.12 38.124,122.284 38.25,122.216 38.25,120.0 39.5,119.867 39.9,119.35 42.077,118.303 42.25,118.083 43.245,117.517 45.388,115.354 45.468,115.712 45.686,116.031 45.707,116.186 45.812,116.282 45.917,116.243 46.293,116.588 46.394,116.842 46.364,117.064 46.384,117.378 46.54,117.439 46.578,117.421 46.59,117.488 46.518,117.734 46.733,118.328 46.694,118.472 46.716,118.631 46.689,118.706 46.704,118.782 46.769,118.85 46.755,118.906 46.721,118.918 46.736,119.008 46.678,119.062 46.614,119.363 46.639,119.455 46.599,119.707 46.72,119.935 46.77,119.909 46.913,119.921 46.963,119.853 47.101,119.781 47.298,119.531 47.424,119.309 47.479,119.344 47.534,119.149 47.669,119.111 47.784,118.757 47.996,118.542 48.036,118.218 47.997,117.788 47.654,117.363 47.814,117.111 47.884,116.826 47.839,116.47 47.871,116.242 47.804,116.097 47.688,115.959 47.919,115.592 48.145,115.548 48.263,115.835 48.529,115.819 48.816,116.084 48.895,116.087 49.833,116.7
ZYTL|43.716,131.221 43.533,131.183 43.467,131.3 43.433,131.283 43.4,131.317 43.367,131.267 43.15,131.2 43.017,131.1 42.967,131.133 42.9,131.1 42.917,131.017 42.867,131.033 42.867,130.817 42.833,130.783 42.833,130.7 42.717,130.4 42.7,130.533 42.6,130.633 42.55,130.617 42.55,130.567 42.4,130.65 42.436,130.581 42.602,130.514 42.617,130.483 42.55,130.475 42.551,130.43 42.602,130.431 42.732,130.241 42.902,130.272 42.902,130.114 42.985,130.131 42.985,129.964 43.019,129.964 43.002,129.881 42.452,129.731 42.436,129.664 42.469,129.631 42.369,129.564 42.45,129.417 42.367,129.233 42.217,129.217 42.15,129.15 42.15,129.083 42.083,128.967 42.025,128.95 42.033,128.3 42.0,128.033 41.883,128.083 41.8,128.083 41.617,128.3 41.567,128.317 41.4,128.217 41.367,128.117 41.435,127.918 41.417,127.65 41.467,127.533 41.543,127.1 41.602,127.181 41.669,127.048 41.702,127.064 41.8,126.933 41.683,126.783 41.75,126.7 41.617,126.6 41.367,126.517 41.083,126.117 40.895,125.99 40.883,125.783 40.467,124.9 40.067,124.333 40.0,124.35 39.828,124.168 38.0,124.0 36.626,124.0 36.624,123.668 37.016,123.133 37.475,123.12 38.124,122.284 38.25,122.216 38.25,120.0 39.25,119.9 40.808,121.958 41.192,121.986 41.217,122.908 41.167,123.033 40.983,123.017 40.55,123.608 40.733,123.817 41.733,124.75 42.767,124.9 43.744,128.526 43.716,131.221
ZYTX|39.5,119.867 39.9,119.35 42.077,118.303 42.25,118.083 43.245,117.517 45.388,115.354 45.468,115.712 45.686,116.031 45.707,116.186 45.812,116.282 45.917,116.243 46.293,116.588 46.394,116.842 46.364,117.064 46.384,117.378 46.54,117.439 46.578,117.421 46.59,117.488 46.518,117.734 46.733,118.328 46.694,118.472 46.716,118.631 46.689,118.706 46.704,118.782 46.769,118.85 46.755,118.906 46.721,118.918 46.736,119.008 46.678,119.062 46.614,119.363 46.639,119.455 46.599,119.707 46.615,119.767 46.07,122.073 44.81,123.075 44.252,124.392 43.772,125.849 43.878,126.282 43.623,127.283 43.744,128.526 42.767,124.9 41.733,124.75 40.733,123.817 40.55,123.608 40.983,123.017 41.167,123.033 41.217,122.908 41.192,121.986 40.808,121.958 39.25,119.9 39.5,119.867